[0.000000] (-) TimerEvent: {}
[0.005101] (action_tutorials_interfaces) JobQueued: {'identifier': 'action_tutorials_interfaces', 'dependencies': OrderedDict()}
[0.005679] (my_package) JobQueued: {'identifier': 'my_package', 'dependencies': OrderedDict()}
[0.005713] (py_pubs) JobQueued: {'identifier': 'py_pubs', 'dependencies': OrderedDict()}
[0.005730] (py_srvcli) JobQueued: {'identifier': 'py_srvcli', 'dependencies': OrderedDict()}
[0.005745] (python_parameters) JobQueued: {'identifier': 'python_parameters', 'dependencies': OrderedDict()}
[0.005761] (tutorial_interfaces) JobQueued: {'identifier': 'tutorial_interfaces', 'dependencies': OrderedDict()}
[0.005774] (action_tutorials_py) JobQueued: {'identifier': 'action_tutorials_py', 'dependencies': OrderedDict([('action_tutorials_interfaces', '/home/brairlab/ros2_ws/install/action_tutorials_interfaces')])}
[0.005960] (action_tutorials_interfaces) JobStarted: {'identifier': 'action_tutorials_interfaces'}
[0.092695] (-) TimerEvent: {}
[0.099591] (my_package) JobStarted: {'identifier': 'my_package'}
[0.138577] (py_pubs) JobStarted: {'identifier': 'py_pubs'}
[0.192989] (-) TimerEvent: {}
[0.203203] (py_srvcli) JobStarted: {'identifier': 'py_srvcli'}
[0.289764] (action_tutorials_interfaces) JobProgress: {'identifier': 'action_tutorials_interfaces', 'progress': 'cmake'}
[0.295348] (-) TimerEvent: {}
[0.300734] (action_tutorials_interfaces) JobProgress: {'identifier': 'action_tutorials_interfaces', 'progress': 'build'}
[0.306343] (action_tutorials_interfaces) Command: {'cmd': ['/usr/bin/cmake', '--build', '/home/brairlab/ros2_ws/build/action_tutorials_interfaces', '--', '-j4', '-l4'], 'cwd': '/home/brairlab/ros2_ws/build/action_tutorials_interfaces', 'env': OrderedDict([('LESSOPEN', '| /usr/bin/lesspipe %s'), ('USER', 'brairlab'), ('LC_TIME', 'it_IT.UTF-8'), ('XDG_SESSION_TYPE', 'wayland'), ('SHLVL', '1'), ('LD_LIBRARY_PATH', '/usr/lib/yarp:/opt/ros/humble/lib/x86_64-linux-gnu:/opt/ros/humble/lib'), ('HOME', '/home/brairlab'), ('DESKTOP_SESSION', 'ubuntu'), ('ROS_PYTHON_VERSION', '3'), ('GNOME_SHELL_SESSION_MODE', 'ubuntu'), ('GTK_MODULES', 'gail:atk-bridge'), ('LC_MONETARY', 'it_IT.UTF-8'), ('DBUS_STARTER_BUS_TYPE', 'session'), ('SYSTEMD_EXEC_PID', '2458'), ('DBUS_SESSION_BUS_ADDRESS', 'unix:path=/run/user/1000/bus,guid=f3f4ffbbb4edfd638e4a4ea5690b77a3'), ('COLORTERM', 'truecolor'), ('IM_CONFIG_PHASE', '1'), ('WAYLAND_DISPLAY', 'wayland-0'), ('ROS_DISTRO', 'humble'), ('LOGNAME', 'brairlab'), ('_', '/usr/bin/colcon'), ('ROS_VERSION', '2'), ('XDG_SESSION_CLASS', 'user'), ('USERNAME', 'brairlab'), ('TERM', 'xterm-256color'), ('GNOME_DESKTOP_SESSION_ID', 'this-is-deprecated'), ('ROS_LOCALHOST_ONLY', '0'), ('PATH', '/opt/ros/humble/bin:/usr/local/sbin:/usr/local/bin:/usr/sbin:/usr/bin:/sbin:/bin:/usr/games:/usr/local/games:/snap/bin:/snap/bin'), ('SESSION_MANAGER', 'local/brairlab-vm:@/tmp/.ICE-unix/2458,unix/brairlab-vm:/tmp/.ICE-unix/2458'), ('XDG_MENU_PREFIX', 'gnome-'), ('LC_ADDRESS', 'it_IT.UTF-8'), ('GNOME_TERMINAL_SCREEN', '/org/gnome/Terminal/screen/2530a811_6489_4d0a_985c_a7f6c8f5c3a1'), ('GNOME_SETUP_DISPLAY', ':1'), ('XDG_RUNTIME_DIR', '/run/user/1000'), ('DISPLAY', ':0'), ('LANG', 'en_US.UTF-8'), ('XDG_CURRENT_DESKTOP', 'ubuntu:GNOME'), ('LC_TELEPHONE', 'it_IT.UTF-8'), ('XMODIFIERS', '@im=ibus'), ('XDG_SESSION_DESKTOP', 'ubuntu'), ('XAUTHORITY', '/run/user/1000/.mutter-Xwaylandauth.23O6E3'), ('LS_COLORS', 'rs=0:di=01;34:ln=01;36:mh=00:pi=40;33:so=01;35:do=01;35:bd=40;33;01:cd=40;33;01:or=40;31;01:mi=00:su=37;41:sg=30;43:ca=30;41:tw=30;42:ow=34;42:st=37;44:ex=01;32:*.tar=01;31:*.tgz=01;31:*.arc=01;31:*.arj=01;31:*.taz=01;31:*.lha=01;31:*.lz4=01;31:*.lzh=01;31:*.lzma=01;31:*.tlz=01;31:*.txz=01;31:*.tzo=01;31:*.t7z=01;31:*.zip=01;31:*.z=01;31:*.dz=01;31:*.gz=01;31:*.lrz=01;31:*.lz=01;31:*.lzo=01;31:*.xz=01;31:*.zst=01;31:*.tzst=01;31:*.bz2=01;31:*.bz=01;31:*.tbz=01;31:*.tbz2=01;31:*.tz=01;31:*.deb=01;31:*.rpm=01;31:*.jar=01;31:*.war=01;31:*.ear=01;31:*.sar=01;31:*.rar=01;31:*.alz=01;31:*.ace=01;31:*.zoo=01;31:*.cpio=01;31:*.7z=01;31:*.rz=01;31:*.cab=01;31:*.wim=01;31:*.swm=01;31:*.dwm=01;31:*.esd=01;31:*.jpg=01;35:*.jpeg=01;35:*.mjpg=01;35:*.mjpeg=01;35:*.gif=01;35:*.bmp=01;35:*.pbm=01;35:*.pgm=01;35:*.ppm=01;35:*.tga=01;35:*.xbm=01;35:*.xpm=01;35:*.tif=01;35:*.tiff=01;35:*.png=01;35:*.svg=01;35:*.svgz=01;35:*.mng=01;35:*.pcx=01;35:*.mov=01;35:*.mpg=01;35:*.mpeg=01;35:*.m2v=01;35:*.mkv=01;35:*.webm=01;35:*.webp=01;35:*.ogm=01;35:*.mp4=01;35:*.m4v=01;35:*.mp4v=01;35:*.vob=01;35:*.qt=01;35:*.nuv=01;35:*.wmv=01;35:*.asf=01;35:*.rm=01;35:*.rmvb=01;35:*.flc=01;35:*.avi=01;35:*.fli=01;35:*.flv=01;35:*.gl=01;35:*.dl=01;35:*.xcf=01;35:*.xwd=01;35:*.yuv=01;35:*.cgm=01;35:*.emf=01;35:*.ogv=01;35:*.ogx=01;35:*.aac=00;36:*.au=00;36:*.flac=00;36:*.m4a=00;36:*.mid=00;36:*.midi=00;36:*.mka=00;36:*.mp3=00;36:*.mpc=00;36:*.ogg=00;36:*.ra=00;36:*.wav=00;36:*.oga=00;36:*.opus=00;36:*.spx=00;36:*.xspf=00;36:'), ('GNOME_TERMINAL_SERVICE', ':1.182'), ('SSH_AGENT_LAUNCHER', 'gnome-keyring'), ('SSH_AUTH_SOCK', '/run/user/1000/keyring/ssh'), ('AMENT_PREFIX_PATH', '/opt/ros/humble'), ('SHELL', '/bin/bash'), ('LC_NAME', 'it_IT.UTF-8'), ('QT_ACCESSIBILITY', '1'), ('GDMSESSION', 'ubuntu'), ('LESSCLOSE', '/usr/bin/lesspipe %s %s'), ('LC_MEASUREMENT', 'it_IT.UTF-8'), ('LC_IDENTIFICATION', 'it_IT.UTF-8'), ('QT_IM_MODULE', 'ibus'), ('PWD', '/home/brairlab/ros2_ws/build/action_tutorials_interfaces'), ('XDG_CONFIG_DIRS', '/etc/xdg/xdg-ubuntu:/etc/xdg'), ('DBUS_STARTER_ADDRESS', 'unix:path=/run/user/1000/bus,guid=f3f4ffbbb4edfd638e4a4ea5690b77a3'), ('XDG_DATA_DIRS', '/usr/share/ubuntu:/usr/local/share/:/usr/share/:/var/lib/snapd/desktop'), ('PYTHONPATH', '/opt/ros/humble/lib/python3.10/site-packages:/opt/ros/humble/local/lib/python3.10/dist-packages'), ('LC_NUMERIC', 'it_IT.UTF-8'), ('LC_PAPER', 'it_IT.UTF-8'), ('COLCON', '1'), ('VTE_VERSION', '6800'), ('CMAKE_PREFIX_PATH', '/opt/ros/humble')]), 'shell': False}
[0.399013] (-) TimerEvent: {}
[0.507848] (-) TimerEvent: {}
[0.619185] (-) TimerEvent: {}
[0.724553] (-) TimerEvent: {}
[0.826610] (-) TimerEvent: {}
[0.946584] (-) TimerEvent: {}
[1.127702] (-) TimerEvent: {}
[1.236022] (-) TimerEvent: {}
[1.338313] (-) TimerEvent: {}
[1.440479] (-) TimerEvent: {}
[1.548092] (-) TimerEvent: {}
[1.652269] (-) TimerEvent: {}
[1.766145] (-) TimerEvent: {}
[1.877358] (-) TimerEvent: {}
[1.991512] (-) TimerEvent: {}
[2.111576] (-) TimerEvent: {}
[2.215473] (-) TimerEvent: {}
[2.330158] (-) TimerEvent: {}
[2.435152] (-) TimerEvent: {}
[2.540548] (-) TimerEvent: {}
[2.651765] (-) TimerEvent: {}
[2.747282] (action_tutorials_interfaces) StdoutLine: {'line': b'[  3%] Built target action_tutorials_interfaces__cpp\n'}
[2.755611] (-) TimerEvent: {}
[2.769010] (action_tutorials_interfaces) StdoutLine: {'line': b'[  3%] Built target ament_cmake_python_copy_action_tutorials_interfaces\n'}
[2.769209] (action_tutorials_interfaces) StdoutLine: {'line': b'\x1b[35m\x1b[1mConsolidate compiler generated dependencies of target action_tutorials_interfaces__rosidl_typesupport_fastrtps_cpp\x1b[0m\n'}
[2.769294] (action_tutorials_interfaces) StdoutLine: {'line': b'[ 12%] Built target action_tutorials_interfaces__rosidl_typesupport_fastrtps_cpp\n'}
[2.769364] (action_tutorials_interfaces) StdoutLine: {'line': b'\x1b[35m\x1b[1mConsolidate compiler generated dependencies of target action_tutorials_interfaces__rosidl_typesupport_introspection_cpp\x1b[0m\n'}
[2.769434] (action_tutorials_interfaces) StdoutLine: {'line': b'[ 22%] Built target action_tutorials_interfaces__rosidl_typesupport_introspection_cpp\n'}
[2.862030] (-) TimerEvent: {}
[2.964739] (-) TimerEvent: {}
[3.099330] (-) TimerEvent: {}
[3.224180] (-) TimerEvent: {}
[3.378306] (-) TimerEvent: {}
[3.497219] (-) TimerEvent: {}
[3.599605] (-) TimerEvent: {}
[3.703126] (-) TimerEvent: {}
[3.730172] (action_tutorials_interfaces) StdoutLine: {'line': b'running egg_info\n'}
[3.730457] (action_tutorials_interfaces) StdoutLine: {'line': b'writing action_tutorials_interfaces.egg-info/PKG-INFO\n'}
[3.730599] (action_tutorials_interfaces) StdoutLine: {'line': b'writing dependency_links to action_tutorials_interfaces.egg-info/dependency_links.txt\n'}
[3.733188] (action_tutorials_interfaces) StdoutLine: {'line': b'writing top-level names to action_tutorials_interfaces.egg-info/top_level.txt\n'}
[3.782846] (action_tutorials_interfaces) StdoutLine: {'line': b"reading manifest file 'action_tutorials_interfaces.egg-info/SOURCES.txt'\n"}
[3.783075] (action_tutorials_interfaces) StdoutLine: {'line': b"writing manifest file 'action_tutorials_interfaces.egg-info/SOURCES.txt'\n"}
[3.804404] (-) TimerEvent: {}
[3.920098] (-) TimerEvent: {}
[3.960595] (action_tutorials_interfaces) StdoutLine: {'line': b'[ 22%] Built target ament_cmake_python_build_action_tutorials_interfaces_egg\n'}
[4.027015] (-) TimerEvent: {}
[4.137899] (action_tutorials_interfaces) StdoutLine: {'line': b'\x1b[35m\x1b[1mConsolidate compiler generated dependencies of target action_tutorials_interfaces__rosidl_typesupport_cpp\x1b[0m\n'}
[4.152187] (-) TimerEvent: {}
[4.252780] (-) TimerEvent: {}
[4.365748] (-) TimerEvent: {}
[4.455846] (action_tutorials_interfaces) StdoutLine: {'line': b'[ 32%] Built target action_tutorials_interfaces__rosidl_typesupport_cpp\n'}
[4.497184] (-) TimerEvent: {}
[4.611054] (-) TimerEvent: {}
[4.728943] (-) TimerEvent: {}
[4.800035] (action_tutorials_interfaces) StdoutLine: {'line': b'\x1b[35m\x1b[1mConsolidate compiler generated dependencies of target action_tutorials_interfaces__rosidl_generator_c\x1b[0m\n'}
[4.843159] (-) TimerEvent: {}
[4.953341] (-) TimerEvent: {}
[5.064520] (action_tutorials_interfaces) StdoutLine: {'line': b'[ 41%] Built target action_tutorials_interfaces__rosidl_generator_c\n'}
[5.064785] (-) TimerEvent: {}
[5.186144] (-) TimerEvent: {}
[5.289114] (-) TimerEvent: {}
[5.303039] (action_tutorials_interfaces) StdoutLine: {'line': b'\x1b[35m\x1b[1mConsolidate compiler generated dependencies of target action_tutorials_interfaces__rosidl_typesupport_fastrtps_c\x1b[0m\n'}
[5.441959] (-) TimerEvent: {}
[5.513390] (action_tutorials_interfaces) StdoutLine: {'line': b'[ 51%] Built target action_tutorials_interfaces__rosidl_typesupport_fastrtps_c\n'}
[5.551338] (-) TimerEvent: {}
[5.617804] (action_tutorials_interfaces) StdoutLine: {'line': b'\x1b[35m\x1b[1mConsolidate compiler generated dependencies of target action_tutorials_interfaces__rosidl_typesupport_c\x1b[0m\n'}
[5.679099] (-) TimerEvent: {}
[5.790697] (-) TimerEvent: {}
[5.799000] (action_tutorials_interfaces) StdoutLine: {'line': b'[ 61%] Built target action_tutorials_interfaces__rosidl_typesupport_c\n'}
[5.933481] (-) TimerEvent: {}
[5.995512] (action_tutorials_interfaces) StdoutLine: {'line': b'\x1b[35m\x1b[1mConsolidate compiler generated dependencies of target action_tutorials_interfaces__rosidl_typesupport_introspection_c\x1b[0m\n'}
[6.034915] (-) TimerEvent: {}
[6.094485] (action_tutorials_interfaces) StdoutLine: {'line': b'[ 70%] Built target action_tutorials_interfaces__rosidl_typesupport_introspection_c\n'}
[6.143138] (-) TimerEvent: {}
[6.247386] (-) TimerEvent: {}
[6.372553] (-) TimerEvent: {}
[6.416669] (action_tutorials_interfaces) StdoutLine: {'line': b'[ 70%] Built target action_tutorials_interfaces\n'}
[6.474449] (-) TimerEvent: {}
[6.585673] (-) TimerEvent: {}
[6.686360] (-) TimerEvent: {}
[6.786880] (action_tutorials_interfaces) StdoutLine: {'line': b'[ 74%] Built target action_tutorials_interfaces__py\n'}
[6.787253] (-) TimerEvent: {}
[6.952074] (-) TimerEvent: {}
[7.050619] (action_tutorials_interfaces) StdoutLine: {'line': b'\x1b[35m\x1b[1mConsolidate compiler generated dependencies of target action_tutorials_interfaces__rosidl_generator_py\x1b[0m\n'}
[7.052214] (-) TimerEvent: {}
[7.153106] (-) TimerEvent: {}
[7.301599] (-) TimerEvent: {}
[7.334247] (my_package) Command: {'cmd': ['/usr/bin/python3', '-W', 'ignore:setup.py install is deprecated', '-W', 'ignore:easy_install command is deprecated', 'setup.py', 'egg_info', '--egg-base', '../../build/my_package', 'build', '--build-base', '/home/brairlab/ros2_ws/build/my_package/build', 'install', '--record', '/home/brairlab/ros2_ws/build/my_package/install.log', '--single-version-externally-managed', 'install_data'], 'cwd': '/home/brairlab/ros2_ws/src/my_package', 'env': {'LESSOPEN': '| /usr/bin/lesspipe %s', 'USER': 'brairlab', 'LC_TIME': 'it_IT.UTF-8', 'XDG_SESSION_TYPE': 'wayland', 'SHLVL': '1', 'LD_LIBRARY_PATH': '/usr/lib/yarp:/opt/ros/humble/lib/x86_64-linux-gnu:/opt/ros/humble/lib', 'HOME': '/home/brairlab', 'DESKTOP_SESSION': 'ubuntu', 'ROS_PYTHON_VERSION': '3', 'GNOME_SHELL_SESSION_MODE': 'ubuntu', 'GTK_MODULES': 'gail:atk-bridge', 'LC_MONETARY': 'it_IT.UTF-8', 'DBUS_STARTER_BUS_TYPE': 'session', 'SYSTEMD_EXEC_PID': '2458', 'DBUS_SESSION_BUS_ADDRESS': 'unix:path=/run/user/1000/bus,guid=f3f4ffbbb4edfd638e4a4ea5690b77a3', 'COLORTERM': 'truecolor', 'IM_CONFIG_PHASE': '1', 'WAYLAND_DISPLAY': 'wayland-0', 'ROS_DISTRO': 'humble', 'LOGNAME': 'brairlab', '_': '/usr/bin/colcon', 'ROS_VERSION': '2', 'XDG_SESSION_CLASS': 'user', 'USERNAME': 'brairlab', 'TERM': 'xterm-256color', 'GNOME_DESKTOP_SESSION_ID': 'this-is-deprecated', 'ROS_LOCALHOST_ONLY': '0', 'PATH': '/opt/ros/humble/bin:/usr/local/sbin:/usr/local/bin:/usr/sbin:/usr/bin:/sbin:/bin:/usr/games:/usr/local/games:/snap/bin:/snap/bin', 'SESSION_MANAGER': 'local/brairlab-vm:@/tmp/.ICE-unix/2458,unix/brairlab-vm:/tmp/.ICE-unix/2458', 'XDG_MENU_PREFIX': 'gnome-', 'LC_ADDRESS': 'it_IT.UTF-8', 'GNOME_TERMINAL_SCREEN': '/org/gnome/Terminal/screen/2530a811_6489_4d0a_985c_a7f6c8f5c3a1', 'GNOME_SETUP_DISPLAY': ':1', 'XDG_RUNTIME_DIR': '/run/user/1000', 'DISPLAY': ':0', 'LANG': 'en_US.UTF-8', 'XDG_CURRENT_DESKTOP': 'ubuntu:GNOME', 'LC_TELEPHONE': 'it_IT.UTF-8', 'XMODIFIERS': '@im=ibus', 'XDG_SESSION_DESKTOP': 'ubuntu', 'XAUTHORITY': '/run/user/1000/.mutter-Xwaylandauth.23O6E3', 'LS_COLORS': 'rs=0:di=01;34:ln=01;36:mh=00:pi=40;33:so=01;35:do=01;35:bd=40;33;01:cd=40;33;01:or=40;31;01:mi=00:su=37;41:sg=30;43:ca=30;41:tw=30;42:ow=34;42:st=37;44:ex=01;32:*.tar=01;31:*.tgz=01;31:*.arc=01;31:*.arj=01;31:*.taz=01;31:*.lha=01;31:*.lz4=01;31:*.lzh=01;31:*.lzma=01;31:*.tlz=01;31:*.txz=01;31:*.tzo=01;31:*.t7z=01;31:*.zip=01;31:*.z=01;31:*.dz=01;31:*.gz=01;31:*.lrz=01;31:*.lz=01;31:*.lzo=01;31:*.xz=01;31:*.zst=01;31:*.tzst=01;31:*.bz2=01;31:*.bz=01;31:*.tbz=01;31:*.tbz2=01;31:*.tz=01;31:*.deb=01;31:*.rpm=01;31:*.jar=01;31:*.war=01;31:*.ear=01;31:*.sar=01;31:*.rar=01;31:*.alz=01;31:*.ace=01;31:*.zoo=01;31:*.cpio=01;31:*.7z=01;31:*.rz=01;31:*.cab=01;31:*.wim=01;31:*.swm=01;31:*.dwm=01;31:*.esd=01;31:*.jpg=01;35:*.jpeg=01;35:*.mjpg=01;35:*.mjpeg=01;35:*.gif=01;35:*.bmp=01;35:*.pbm=01;35:*.pgm=01;35:*.ppm=01;35:*.tga=01;35:*.xbm=01;35:*.xpm=01;35:*.tif=01;35:*.tiff=01;35:*.png=01;35:*.svg=01;35:*.svgz=01;35:*.mng=01;35:*.pcx=01;35:*.mov=01;35:*.mpg=01;35:*.mpeg=01;35:*.m2v=01;35:*.mkv=01;35:*.webm=01;35:*.webp=01;35:*.ogm=01;35:*.mp4=01;35:*.m4v=01;35:*.mp4v=01;35:*.vob=01;35:*.qt=01;35:*.nuv=01;35:*.wmv=01;35:*.asf=01;35:*.rm=01;35:*.rmvb=01;35:*.flc=01;35:*.avi=01;35:*.fli=01;35:*.flv=01;35:*.gl=01;35:*.dl=01;35:*.xcf=01;35:*.xwd=01;35:*.yuv=01;35:*.cgm=01;35:*.emf=01;35:*.ogv=01;35:*.ogx=01;35:*.aac=00;36:*.au=00;36:*.flac=00;36:*.m4a=00;36:*.mid=00;36:*.midi=00;36:*.mka=00;36:*.mp3=00;36:*.mpc=00;36:*.ogg=00;36:*.ra=00;36:*.wav=00;36:*.oga=00;36:*.opus=00;36:*.spx=00;36:*.xspf=00;36:', 'GNOME_TERMINAL_SERVICE': ':1.182', 'SSH_AGENT_LAUNCHER': 'gnome-keyring', 'SSH_AUTH_SOCK': '/run/user/1000/keyring/ssh', 'AMENT_PREFIX_PATH': '/opt/ros/humble', 'SHELL': '/bin/bash', 'LC_NAME': 'it_IT.UTF-8', 'QT_ACCESSIBILITY': '1', 'GDMSESSION': 'ubuntu', 'LESSCLOSE': '/usr/bin/lesspipe %s %s', 'LC_MEASUREMENT': 'it_IT.UTF-8', 'LC_IDENTIFICATION': 'it_IT.UTF-8', 'QT_IM_MODULE': 'ibus', 'PWD': '/home/brairlab/ros2_ws/build/my_package', 'XDG_CONFIG_DIRS': '/etc/xdg/xdg-ubuntu:/etc/xdg', 'DBUS_STARTER_ADDRESS': 'unix:path=/run/user/1000/bus,guid=f3f4ffbbb4edfd638e4a4ea5690b77a3', 'XDG_DATA_DIRS': '/usr/share/ubuntu:/usr/local/share/:/usr/share/:/var/lib/snapd/desktop', 'PYTHONPATH': '/home/brairlab/ros2_ws/build/my_package/prefix_override:/usr/lib/python3/dist-packages/colcon_core/task/python/colcon_distutils_commands:/home/brairlab/ros2_ws/install/my_package/lib/python3.10/site-packages:/opt/ros/humble/lib/python3.10/site-packages:/opt/ros/humble/local/lib/python3.10/dist-packages', 'LC_NUMERIC': 'it_IT.UTF-8', 'LC_PAPER': 'it_IT.UTF-8', 'COLCON': '1', 'VTE_VERSION': '6800'}, 'shell': False}
[7.381712] (action_tutorials_interfaces) StdoutLine: {'line': b'[ 80%] Built target action_tutorials_interfaces__rosidl_generator_py\n'}
[7.419283] (-) TimerEvent: {}
[7.425260] (py_pubs) Command: {'cmd': ['/usr/bin/python3', '-W', 'ignore:setup.py install is deprecated', '-W', 'ignore:easy_install command is deprecated', 'setup.py', 'egg_info', '--egg-base', '../../build/py_pubs', 'build', '--build-base', '/home/brairlab/ros2_ws/build/py_pubs/build', 'install', '--record', '/home/brairlab/ros2_ws/build/py_pubs/install.log', '--single-version-externally-managed', 'install_data'], 'cwd': '/home/brairlab/ros2_ws/src/py_pubs', 'env': {'LESSOPEN': '| /usr/bin/lesspipe %s', 'USER': 'brairlab', 'LC_TIME': 'it_IT.UTF-8', 'XDG_SESSION_TYPE': 'wayland', 'SHLVL': '1', 'LD_LIBRARY_PATH': '/usr/lib/yarp:/opt/ros/humble/lib/x86_64-linux-gnu:/opt/ros/humble/lib', 'HOME': '/home/brairlab', 'DESKTOP_SESSION': 'ubuntu', 'ROS_PYTHON_VERSION': '3', 'GNOME_SHELL_SESSION_MODE': 'ubuntu', 'GTK_MODULES': 'gail:atk-bridge', 'LC_MONETARY': 'it_IT.UTF-8', 'DBUS_STARTER_BUS_TYPE': 'session', 'SYSTEMD_EXEC_PID': '2458', 'DBUS_SESSION_BUS_ADDRESS': 'unix:path=/run/user/1000/bus,guid=f3f4ffbbb4edfd638e4a4ea5690b77a3', 'COLORTERM': 'truecolor', 'IM_CONFIG_PHASE': '1', 'WAYLAND_DISPLAY': 'wayland-0', 'ROS_DISTRO': 'humble', 'LOGNAME': 'brairlab', '_': '/usr/bin/colcon', 'ROS_VERSION': '2', 'XDG_SESSION_CLASS': 'user', 'USERNAME': 'brairlab', 'TERM': 'xterm-256color', 'GNOME_DESKTOP_SESSION_ID': 'this-is-deprecated', 'ROS_LOCALHOST_ONLY': '0', 'PATH': '/opt/ros/humble/bin:/usr/local/sbin:/usr/local/bin:/usr/sbin:/usr/bin:/sbin:/bin:/usr/games:/usr/local/games:/snap/bin:/snap/bin', 'SESSION_MANAGER': 'local/brairlab-vm:@/tmp/.ICE-unix/2458,unix/brairlab-vm:/tmp/.ICE-unix/2458', 'XDG_MENU_PREFIX': 'gnome-', 'LC_ADDRESS': 'it_IT.UTF-8', 'GNOME_TERMINAL_SCREEN': '/org/gnome/Terminal/screen/2530a811_6489_4d0a_985c_a7f6c8f5c3a1', 'GNOME_SETUP_DISPLAY': ':1', 'XDG_RUNTIME_DIR': '/run/user/1000', 'DISPLAY': ':0', 'LANG': 'en_US.UTF-8', 'XDG_CURRENT_DESKTOP': 'ubuntu:GNOME', 'LC_TELEPHONE': 'it_IT.UTF-8', 'XMODIFIERS': '@im=ibus', 'XDG_SESSION_DESKTOP': 'ubuntu', 'XAUTHORITY': '/run/user/1000/.mutter-Xwaylandauth.23O6E3', 'LS_COLORS': 'rs=0:di=01;34:ln=01;36:mh=00:pi=40;33:so=01;35:do=01;35:bd=40;33;01:cd=40;33;01:or=40;31;01:mi=00:su=37;41:sg=30;43:ca=30;41:tw=30;42:ow=34;42:st=37;44:ex=01;32:*.tar=01;31:*.tgz=01;31:*.arc=01;31:*.arj=01;31:*.taz=01;31:*.lha=01;31:*.lz4=01;31:*.lzh=01;31:*.lzma=01;31:*.tlz=01;31:*.txz=01;31:*.tzo=01;31:*.t7z=01;31:*.zip=01;31:*.z=01;31:*.dz=01;31:*.gz=01;31:*.lrz=01;31:*.lz=01;31:*.lzo=01;31:*.xz=01;31:*.zst=01;31:*.tzst=01;31:*.bz2=01;31:*.bz=01;31:*.tbz=01;31:*.tbz2=01;31:*.tz=01;31:*.deb=01;31:*.rpm=01;31:*.jar=01;31:*.war=01;31:*.ear=01;31:*.sar=01;31:*.rar=01;31:*.alz=01;31:*.ace=01;31:*.zoo=01;31:*.cpio=01;31:*.7z=01;31:*.rz=01;31:*.cab=01;31:*.wim=01;31:*.swm=01;31:*.dwm=01;31:*.esd=01;31:*.jpg=01;35:*.jpeg=01;35:*.mjpg=01;35:*.mjpeg=01;35:*.gif=01;35:*.bmp=01;35:*.pbm=01;35:*.pgm=01;35:*.ppm=01;35:*.tga=01;35:*.xbm=01;35:*.xpm=01;35:*.tif=01;35:*.tiff=01;35:*.png=01;35:*.svg=01;35:*.svgz=01;35:*.mng=01;35:*.pcx=01;35:*.mov=01;35:*.mpg=01;35:*.mpeg=01;35:*.m2v=01;35:*.mkv=01;35:*.webm=01;35:*.webp=01;35:*.ogm=01;35:*.mp4=01;35:*.m4v=01;35:*.mp4v=01;35:*.vob=01;35:*.qt=01;35:*.nuv=01;35:*.wmv=01;35:*.asf=01;35:*.rm=01;35:*.rmvb=01;35:*.flc=01;35:*.avi=01;35:*.fli=01;35:*.flv=01;35:*.gl=01;35:*.dl=01;35:*.xcf=01;35:*.xwd=01;35:*.yuv=01;35:*.cgm=01;35:*.emf=01;35:*.ogv=01;35:*.ogx=01;35:*.aac=00;36:*.au=00;36:*.flac=00;36:*.m4a=00;36:*.mid=00;36:*.midi=00;36:*.mka=00;36:*.mp3=00;36:*.mpc=00;36:*.ogg=00;36:*.ra=00;36:*.wav=00;36:*.oga=00;36:*.opus=00;36:*.spx=00;36:*.xspf=00;36:', 'GNOME_TERMINAL_SERVICE': ':1.182', 'SSH_AGENT_LAUNCHER': 'gnome-keyring', 'SSH_AUTH_SOCK': '/run/user/1000/keyring/ssh', 'AMENT_PREFIX_PATH': '/opt/ros/humble', 'SHELL': '/bin/bash', 'LC_NAME': 'it_IT.UTF-8', 'QT_ACCESSIBILITY': '1', 'GDMSESSION': 'ubuntu', 'LESSCLOSE': '/usr/bin/lesspipe %s %s', 'LC_MEASUREMENT': 'it_IT.UTF-8', 'LC_IDENTIFICATION': 'it_IT.UTF-8', 'QT_IM_MODULE': 'ibus', 'PWD': '/home/brairlab/ros2_ws/build/py_pubs', 'XDG_CONFIG_DIRS': '/etc/xdg/xdg-ubuntu:/etc/xdg', 'DBUS_STARTER_ADDRESS': 'unix:path=/run/user/1000/bus,guid=f3f4ffbbb4edfd638e4a4ea5690b77a3', 'XDG_DATA_DIRS': '/usr/share/ubuntu:/usr/local/share/:/usr/share/:/var/lib/snapd/desktop', 'PYTHONPATH': '/home/brairlab/ros2_ws/build/py_pubs/prefix_override:/usr/lib/python3/dist-packages/colcon_core/task/python/colcon_distutils_commands:/home/brairlab/ros2_ws/install/py_pubs/lib/python3.10/site-packages:/opt/ros/humble/lib/python3.10/site-packages:/opt/ros/humble/local/lib/python3.10/dist-packages', 'LC_NUMERIC': 'it_IT.UTF-8', 'LC_PAPER': 'it_IT.UTF-8', 'COLCON': '1', 'VTE_VERSION': '6800'}, 'shell': False}
[7.561260] (py_srvcli) Command: {'cmd': ['/usr/bin/python3', '-W', 'ignore:setup.py install is deprecated', '-W', 'ignore:easy_install command is deprecated', 'setup.py', 'egg_info', '--egg-base', '../../build/py_srvcli', 'build', '--build-base', '/home/brairlab/ros2_ws/build/py_srvcli/build', 'install', '--record', '/home/brairlab/ros2_ws/build/py_srvcli/install.log', '--single-version-externally-managed', 'install_data'], 'cwd': '/home/brairlab/ros2_ws/src/py_srvcli', 'env': {'LESSOPEN': '| /usr/bin/lesspipe %s', 'USER': 'brairlab', 'LC_TIME': 'it_IT.UTF-8', 'XDG_SESSION_TYPE': 'wayland', 'SHLVL': '1', 'LD_LIBRARY_PATH': '/usr/lib/yarp:/opt/ros/humble/lib/x86_64-linux-gnu:/opt/ros/humble/lib', 'HOME': '/home/brairlab', 'DESKTOP_SESSION': 'ubuntu', 'ROS_PYTHON_VERSION': '3', 'GNOME_SHELL_SESSION_MODE': 'ubuntu', 'GTK_MODULES': 'gail:atk-bridge', 'LC_MONETARY': 'it_IT.UTF-8', 'DBUS_STARTER_BUS_TYPE': 'session', 'SYSTEMD_EXEC_PID': '2458', 'DBUS_SESSION_BUS_ADDRESS': 'unix:path=/run/user/1000/bus,guid=f3f4ffbbb4edfd638e4a4ea5690b77a3', 'COLORTERM': 'truecolor', 'IM_CONFIG_PHASE': '1', 'WAYLAND_DISPLAY': 'wayland-0', 'ROS_DISTRO': 'humble', 'LOGNAME': 'brairlab', '_': '/usr/bin/colcon', 'ROS_VERSION': '2', 'XDG_SESSION_CLASS': 'user', 'USERNAME': 'brairlab', 'TERM': 'xterm-256color', 'GNOME_DESKTOP_SESSION_ID': 'this-is-deprecated', 'ROS_LOCALHOST_ONLY': '0', 'PATH': '/opt/ros/humble/bin:/usr/local/sbin:/usr/local/bin:/usr/sbin:/usr/bin:/sbin:/bin:/usr/games:/usr/local/games:/snap/bin:/snap/bin', 'SESSION_MANAGER': 'local/brairlab-vm:@/tmp/.ICE-unix/2458,unix/brairlab-vm:/tmp/.ICE-unix/2458', 'XDG_MENU_PREFIX': 'gnome-', 'LC_ADDRESS': 'it_IT.UTF-8', 'GNOME_TERMINAL_SCREEN': '/org/gnome/Terminal/screen/2530a811_6489_4d0a_985c_a7f6c8f5c3a1', 'GNOME_SETUP_DISPLAY': ':1', 'XDG_RUNTIME_DIR': '/run/user/1000', 'DISPLAY': ':0', 'LANG': 'en_US.UTF-8', 'XDG_CURRENT_DESKTOP': 'ubuntu:GNOME', 'LC_TELEPHONE': 'it_IT.UTF-8', 'XMODIFIERS': '@im=ibus', 'XDG_SESSION_DESKTOP': 'ubuntu', 'XAUTHORITY': '/run/user/1000/.mutter-Xwaylandauth.23O6E3', 'LS_COLORS': 'rs=0:di=01;34:ln=01;36:mh=00:pi=40;33:so=01;35:do=01;35:bd=40;33;01:cd=40;33;01:or=40;31;01:mi=00:su=37;41:sg=30;43:ca=30;41:tw=30;42:ow=34;42:st=37;44:ex=01;32:*.tar=01;31:*.tgz=01;31:*.arc=01;31:*.arj=01;31:*.taz=01;31:*.lha=01;31:*.lz4=01;31:*.lzh=01;31:*.lzma=01;31:*.tlz=01;31:*.txz=01;31:*.tzo=01;31:*.t7z=01;31:*.zip=01;31:*.z=01;31:*.dz=01;31:*.gz=01;31:*.lrz=01;31:*.lz=01;31:*.lzo=01;31:*.xz=01;31:*.zst=01;31:*.tzst=01;31:*.bz2=01;31:*.bz=01;31:*.tbz=01;31:*.tbz2=01;31:*.tz=01;31:*.deb=01;31:*.rpm=01;31:*.jar=01;31:*.war=01;31:*.ear=01;31:*.sar=01;31:*.rar=01;31:*.alz=01;31:*.ace=01;31:*.zoo=01;31:*.cpio=01;31:*.7z=01;31:*.rz=01;31:*.cab=01;31:*.wim=01;31:*.swm=01;31:*.dwm=01;31:*.esd=01;31:*.jpg=01;35:*.jpeg=01;35:*.mjpg=01;35:*.mjpeg=01;35:*.gif=01;35:*.bmp=01;35:*.pbm=01;35:*.pgm=01;35:*.ppm=01;35:*.tga=01;35:*.xbm=01;35:*.xpm=01;35:*.tif=01;35:*.tiff=01;35:*.png=01;35:*.svg=01;35:*.svgz=01;35:*.mng=01;35:*.pcx=01;35:*.mov=01;35:*.mpg=01;35:*.mpeg=01;35:*.m2v=01;35:*.mkv=01;35:*.webm=01;35:*.webp=01;35:*.ogm=01;35:*.mp4=01;35:*.m4v=01;35:*.mp4v=01;35:*.vob=01;35:*.qt=01;35:*.nuv=01;35:*.wmv=01;35:*.asf=01;35:*.rm=01;35:*.rmvb=01;35:*.flc=01;35:*.avi=01;35:*.fli=01;35:*.flv=01;35:*.gl=01;35:*.dl=01;35:*.xcf=01;35:*.xwd=01;35:*.yuv=01;35:*.cgm=01;35:*.emf=01;35:*.ogv=01;35:*.ogx=01;35:*.aac=00;36:*.au=00;36:*.flac=00;36:*.m4a=00;36:*.mid=00;36:*.midi=00;36:*.mka=00;36:*.mp3=00;36:*.mpc=00;36:*.ogg=00;36:*.ra=00;36:*.wav=00;36:*.oga=00;36:*.opus=00;36:*.spx=00;36:*.xspf=00;36:', 'GNOME_TERMINAL_SERVICE': ':1.182', 'SSH_AGENT_LAUNCHER': 'gnome-keyring', 'SSH_AUTH_SOCK': '/run/user/1000/keyring/ssh', 'AMENT_PREFIX_PATH': '/opt/ros/humble', 'SHELL': '/bin/bash', 'LC_NAME': 'it_IT.UTF-8', 'QT_ACCESSIBILITY': '1', 'GDMSESSION': 'ubuntu', 'LESSCLOSE': '/usr/bin/lesspipe %s %s', 'LC_MEASUREMENT': 'it_IT.UTF-8', 'LC_IDENTIFICATION': 'it_IT.UTF-8', 'QT_IM_MODULE': 'ibus', 'PWD': '/home/brairlab/ros2_ws/build/py_srvcli', 'XDG_CONFIG_DIRS': '/etc/xdg/xdg-ubuntu:/etc/xdg', 'DBUS_STARTER_ADDRESS': 'unix:path=/run/user/1000/bus,guid=f3f4ffbbb4edfd638e4a4ea5690b77a3', 'XDG_DATA_DIRS': '/usr/share/ubuntu:/usr/local/share/:/usr/share/:/var/lib/snapd/desktop', 'PYTHONPATH': '/home/brairlab/ros2_ws/build/py_srvcli/prefix_override:/usr/lib/python3/dist-packages/colcon_core/task/python/colcon_distutils_commands:/home/brairlab/ros2_ws/install/py_srvcli/lib/python3.10/site-packages:/opt/ros/humble/lib/python3.10/site-packages:/opt/ros/humble/local/lib/python3.10/dist-packages', 'LC_NUMERIC': 'it_IT.UTF-8', 'LC_PAPER': 'it_IT.UTF-8', 'COLCON': '1', 'VTE_VERSION': '6800'}, 'shell': False}
[7.566573] (-) TimerEvent: {}
[7.569891] (action_tutorials_interfaces) StdoutLine: {'line': b'\x1b[35m\x1b[1mConsolidate compiler generated dependencies of target action_tutorials_interfaces__rosidl_typesupport_fastrtps_c__pyext\x1b[0m\n'}
[7.720800] (action_tutorials_interfaces) StdoutLine: {'line': b'[ 87%] Built target action_tutorials_interfaces__rosidl_typesupport_fastrtps_c__pyext\n'}
[7.721399] (-) TimerEvent: {}
[7.829843] (-) TimerEvent: {}
[7.887635] (action_tutorials_interfaces) StdoutLine: {'line': b'\x1b[35m\x1b[1mConsolidate compiler generated dependencies of target action_tutorials_interfaces__rosidl_typesupport_c__pyext\x1b[0m\n'}
[7.932252] (-) TimerEvent: {}
[8.063032] (action_tutorials_interfaces) StdoutLine: {'line': b'[ 93%] Built target action_tutorials_interfaces__rosidl_typesupport_c__pyext\n'}
[8.063267] (-) TimerEvent: {}
[8.188150] (-) TimerEvent: {}
[8.346616] (-) TimerEvent: {}
[8.448163] (-) TimerEvent: {}
[8.523774] (my_package) StdoutLine: {'line': b'running egg_info\n'}
[8.564369] (-) TimerEvent: {}
[8.677369] (my_package) StdoutLine: {'line': b'writing ../../build/my_package/my_package.egg-info/PKG-INFO\n'}
[8.677647] (-) TimerEvent: {}
[8.678104] (my_package) StdoutLine: {'line': b'writing dependency_links to ../../build/my_package/my_package.egg-info/dependency_links.txt\n'}
[8.678222] (my_package) StdoutLine: {'line': b'writing entry points to ../../build/my_package/my_package.egg-info/entry_points.txt\n'}
[8.678284] (my_package) StdoutLine: {'line': b'writing requirements to ../../build/my_package/my_package.egg-info/requires.txt\n'}
[8.678342] (my_package) StdoutLine: {'line': b'writing top-level names to ../../build/my_package/my_package.egg-info/top_level.txt\n'}
[8.678396] (my_package) StdoutLine: {'line': b"reading manifest file '../../build/my_package/my_package.egg-info/SOURCES.txt'\n"}
[8.678451] (my_package) StdoutLine: {'line': b"adding license file 'LICENSE'\n"}
[8.678510] (my_package) StdoutLine: {'line': b"writing manifest file '../../build/my_package/my_package.egg-info/SOURCES.txt'\n"}
[8.678575] (action_tutorials_interfaces) StdoutLine: {'line': b'\x1b[35m\x1b[1mConsolidate compiler generated dependencies of target action_tutorials_interfaces__rosidl_typesupport_introspection_c__pyext\x1b[0m\n'}
[8.678651] (my_package) StdoutLine: {'line': b'running build\n'}
[8.678710] (my_package) StdoutLine: {'line': b'running build_py\n'}
[8.678814] (my_package) StdoutLine: {'line': b'running install\n'}
[8.678882] (my_package) StdoutLine: {'line': b'running install_lib\n'}
[8.678939] (my_package) StdoutLine: {'line': b'running install_data\n'}
[8.679003] (my_package) StdoutLine: {'line': b'running install_egg_info\n'}
[8.679058] (my_package) StdoutLine: {'line': b"removing '/home/brairlab/ros2_ws/install/my_package/lib/python3.10/site-packages/my_package-0.0.0-py3.10.egg-info' (and everything under it)\n"}
[8.679114] (my_package) StdoutLine: {'line': b'Copying ../../build/my_package/my_package.egg-info to /home/brairlab/ros2_ws/install/my_package/lib/python3.10/site-packages/my_package-0.0.0-py3.10.egg-info\n'}
[8.679170] (my_package) StdoutLine: {'line': b'running install_scripts\n'}
[8.757779] (my_package) StdoutLine: {'line': b'Installing my_node script to /home/brairlab/ros2_ws/install/my_package/lib/my_package\n'}
[8.758562] (my_package) StdoutLine: {'line': b"writing list of installed files to '/home/brairlab/ros2_ws/build/my_package/install.log'\n"}
[8.784164] (-) TimerEvent: {}
[8.817384] (action_tutorials_interfaces) StdoutLine: {'line': b'[100%] Built target action_tutorials_interfaces__rosidl_typesupport_introspection_c__pyext\n'}
[8.889517] (-) TimerEvent: {}
[8.911643] (my_package) CommandEnded: {'returncode': 0}
[9.008843] (-) TimerEvent: {}
[9.142380] (-) TimerEvent: {}
[9.197546] (my_package) JobEnded: {'identifier': 'my_package', 'rc': 0}
[9.201936] (python_parameters) JobStarted: {'identifier': 'python_parameters'}
[9.230561] (action_tutorials_interfaces) CommandEnded: {'returncode': 0}
[9.260057] (-) TimerEvent: {}
[9.268334] (action_tutorials_interfaces) JobProgress: {'identifier': 'action_tutorials_interfaces', 'progress': 'install'}
[9.369154] (-) TimerEvent: {}
[9.489379] (-) TimerEvent: {}
[9.597736] (-) TimerEvent: {}
[9.705147] (-) TimerEvent: {}
[9.736559] (action_tutorials_interfaces) Command: {'cmd': ['/usr/bin/cmake', '--install', '/home/brairlab/ros2_ws/build/action_tutorials_interfaces'], 'cwd': '/home/brairlab/ros2_ws/build/action_tutorials_interfaces', 'env': OrderedDict([('LESSOPEN', '| /usr/bin/lesspipe %s'), ('USER', 'brairlab'), ('LC_TIME', 'it_IT.UTF-8'), ('XDG_SESSION_TYPE', 'wayland'), ('SHLVL', '1'), ('LD_LIBRARY_PATH', '/usr/lib/yarp:/opt/ros/humble/lib/x86_64-linux-gnu:/opt/ros/humble/lib'), ('HOME', '/home/brairlab'), ('DESKTOP_SESSION', 'ubuntu'), ('ROS_PYTHON_VERSION', '3'), ('GNOME_SHELL_SESSION_MODE', 'ubuntu'), ('GTK_MODULES', 'gail:atk-bridge'), ('LC_MONETARY', 'it_IT.UTF-8'), ('DBUS_STARTER_BUS_TYPE', 'session'), ('SYSTEMD_EXEC_PID', '2458'), ('DBUS_SESSION_BUS_ADDRESS', 'unix:path=/run/user/1000/bus,guid=f3f4ffbbb4edfd638e4a4ea5690b77a3'), ('COLORTERM', 'truecolor'), ('IM_CONFIG_PHASE', '1'), ('WAYLAND_DISPLAY', 'wayland-0'), ('ROS_DISTRO', 'humble'), ('LOGNAME', 'brairlab'), ('_', '/usr/bin/colcon'), ('ROS_VERSION', '2'), ('XDG_SESSION_CLASS', 'user'), ('USERNAME', 'brairlab'), ('TERM', 'xterm-256color'), ('GNOME_DESKTOP_SESSION_ID', 'this-is-deprecated'), ('ROS_LOCALHOST_ONLY', '0'), ('PATH', '/opt/ros/humble/bin:/usr/local/sbin:/usr/local/bin:/usr/sbin:/usr/bin:/sbin:/bin:/usr/games:/usr/local/games:/snap/bin:/snap/bin'), ('SESSION_MANAGER', 'local/brairlab-vm:@/tmp/.ICE-unix/2458,unix/brairlab-vm:/tmp/.ICE-unix/2458'), ('XDG_MENU_PREFIX', 'gnome-'), ('LC_ADDRESS', 'it_IT.UTF-8'), ('GNOME_TERMINAL_SCREEN', '/org/gnome/Terminal/screen/2530a811_6489_4d0a_985c_a7f6c8f5c3a1'), ('GNOME_SETUP_DISPLAY', ':1'), ('XDG_RUNTIME_DIR', '/run/user/1000'), ('DISPLAY', ':0'), ('LANG', 'en_US.UTF-8'), ('XDG_CURRENT_DESKTOP', 'ubuntu:GNOME'), ('LC_TELEPHONE', 'it_IT.UTF-8'), ('XMODIFIERS', '@im=ibus'), ('XDG_SESSION_DESKTOP', 'ubuntu'), ('XAUTHORITY', '/run/user/1000/.mutter-Xwaylandauth.23O6E3'), ('LS_COLORS', 'rs=0:di=01;34:ln=01;36:mh=00:pi=40;33:so=01;35:do=01;35:bd=40;33;01:cd=40;33;01:or=40;31;01:mi=00:su=37;41:sg=30;43:ca=30;41:tw=30;42:ow=34;42:st=37;44:ex=01;32:*.tar=01;31:*.tgz=01;31:*.arc=01;31:*.arj=01;31:*.taz=01;31:*.lha=01;31:*.lz4=01;31:*.lzh=01;31:*.lzma=01;31:*.tlz=01;31:*.txz=01;31:*.tzo=01;31:*.t7z=01;31:*.zip=01;31:*.z=01;31:*.dz=01;31:*.gz=01;31:*.lrz=01;31:*.lz=01;31:*.lzo=01;31:*.xz=01;31:*.zst=01;31:*.tzst=01;31:*.bz2=01;31:*.bz=01;31:*.tbz=01;31:*.tbz2=01;31:*.tz=01;31:*.deb=01;31:*.rpm=01;31:*.jar=01;31:*.war=01;31:*.ear=01;31:*.sar=01;31:*.rar=01;31:*.alz=01;31:*.ace=01;31:*.zoo=01;31:*.cpio=01;31:*.7z=01;31:*.rz=01;31:*.cab=01;31:*.wim=01;31:*.swm=01;31:*.dwm=01;31:*.esd=01;31:*.jpg=01;35:*.jpeg=01;35:*.mjpg=01;35:*.mjpeg=01;35:*.gif=01;35:*.bmp=01;35:*.pbm=01;35:*.pgm=01;35:*.ppm=01;35:*.tga=01;35:*.xbm=01;35:*.xpm=01;35:*.tif=01;35:*.tiff=01;35:*.png=01;35:*.svg=01;35:*.svgz=01;35:*.mng=01;35:*.pcx=01;35:*.mov=01;35:*.mpg=01;35:*.mpeg=01;35:*.m2v=01;35:*.mkv=01;35:*.webm=01;35:*.webp=01;35:*.ogm=01;35:*.mp4=01;35:*.m4v=01;35:*.mp4v=01;35:*.vob=01;35:*.qt=01;35:*.nuv=01;35:*.wmv=01;35:*.asf=01;35:*.rm=01;35:*.rmvb=01;35:*.flc=01;35:*.avi=01;35:*.fli=01;35:*.flv=01;35:*.gl=01;35:*.dl=01;35:*.xcf=01;35:*.xwd=01;35:*.yuv=01;35:*.cgm=01;35:*.emf=01;35:*.ogv=01;35:*.ogx=01;35:*.aac=00;36:*.au=00;36:*.flac=00;36:*.m4a=00;36:*.mid=00;36:*.midi=00;36:*.mka=00;36:*.mp3=00;36:*.mpc=00;36:*.ogg=00;36:*.ra=00;36:*.wav=00;36:*.oga=00;36:*.opus=00;36:*.spx=00;36:*.xspf=00;36:'), ('GNOME_TERMINAL_SERVICE', ':1.182'), ('SSH_AGENT_LAUNCHER', 'gnome-keyring'), ('SSH_AUTH_SOCK', '/run/user/1000/keyring/ssh'), ('AMENT_PREFIX_PATH', '/opt/ros/humble'), ('SHELL', '/bin/bash'), ('LC_NAME', 'it_IT.UTF-8'), ('QT_ACCESSIBILITY', '1'), ('GDMSESSION', 'ubuntu'), ('LESSCLOSE', '/usr/bin/lesspipe %s %s'), ('LC_MEASUREMENT', 'it_IT.UTF-8'), ('LC_IDENTIFICATION', 'it_IT.UTF-8'), ('QT_IM_MODULE', 'ibus'), ('PWD', '/home/brairlab/ros2_ws/build/action_tutorials_interfaces'), ('XDG_CONFIG_DIRS', '/etc/xdg/xdg-ubuntu:/etc/xdg'), ('DBUS_STARTER_ADDRESS', 'unix:path=/run/user/1000/bus,guid=f3f4ffbbb4edfd638e4a4ea5690b77a3'), ('XDG_DATA_DIRS', '/usr/share/ubuntu:/usr/local/share/:/usr/share/:/var/lib/snapd/desktop'), ('PYTHONPATH', '/opt/ros/humble/lib/python3.10/site-packages:/opt/ros/humble/local/lib/python3.10/dist-packages'), ('LC_NUMERIC', 'it_IT.UTF-8'), ('LC_PAPER', 'it_IT.UTF-8'), ('COLCON', '1'), ('VTE_VERSION', '6800'), ('CMAKE_PREFIX_PATH', '/opt/ros/humble')]), 'shell': False}
[9.754224] (py_pubs) StdoutLine: {'line': b'running egg_info\n'}
[9.754494] (py_pubs) StdoutLine: {'line': b'writing ../../build/py_pubs/py_pubs.egg-info/PKG-INFO\n'}
[9.754611] (py_pubs) StdoutLine: {'line': b'writing dependency_links to ../../build/py_pubs/py_pubs.egg-info/dependency_links.txt\n'}
[9.754704] (py_pubs) StdoutLine: {'line': b'writing entry points to ../../build/py_pubs/py_pubs.egg-info/entry_points.txt\n'}
[9.754779] (py_pubs) StdoutLine: {'line': b'writing requirements to ../../build/py_pubs/py_pubs.egg-info/requires.txt\n'}
[9.754838] (py_pubs) StdoutLine: {'line': b'writing top-level names to ../../build/py_pubs/py_pubs.egg-info/top_level.txt\n'}
[9.759239] (py_pubs) StdoutLine: {'line': b"reading manifest file '../../build/py_pubs/py_pubs.egg-info/SOURCES.txt'\n"}
[9.777276] (py_pubs) StdoutLine: {'line': b"adding license file 'LICENSE'\n"}
[9.777754] (py_pubs) StdoutLine: {'line': b"writing manifest file '../../build/py_pubs/py_pubs.egg-info/SOURCES.txt'\n"}
[9.777901] (py_pubs) StdoutLine: {'line': b'running build\n'}
[9.777966] (py_pubs) StdoutLine: {'line': b'running build_py\n'}
[9.778028] (py_pubs) StdoutLine: {'line': b'running install\n'}
[9.778112] (py_pubs) StdoutLine: {'line': b'running install_lib\n'}
[9.778168] (py_pubs) StdoutLine: {'line': b'running install_data\n'}
[9.778223] (py_pubs) StdoutLine: {'line': b'running install_egg_info\n'}
[9.783484] (py_srvcli) StdoutLine: {'line': b'running egg_info\n'}
[9.784124] (py_srvcli) StdoutLine: {'line': b'writing ../../build/py_srvcli/py_srvcli.egg-info/PKG-INFO\n'}
[9.784229] (action_tutorials_interfaces) StdoutLine: {'line': b'-- Install configuration: ""\n'}
[9.786270] (py_srvcli) StdoutLine: {'line': b'writing dependency_links to ../../build/py_srvcli/py_srvcli.egg-info/dependency_links.txt\n'}
[9.787047] (py_pubs) StdoutLine: {'line': b"removing '/home/brairlab/ros2_ws/install/py_pubs/lib/python3.10/site-packages/py_pubs-0.0.0-py3.10.egg-info' (and everything under it)\n"}
[9.817222] (py_srvcli) StdoutLine: {'line': b'writing entry points to ../../build/py_srvcli/py_srvcli.egg-info/entry_points.txt\n'}
[9.817524] (-) TimerEvent: {}
[9.823254] (py_pubs) StdoutLine: {'line': b'Copying ../../build/py_pubs/py_pubs.egg-info to /home/brairlab/ros2_ws/install/py_pubs/lib/python3.10/site-packages/py_pubs-0.0.0-py3.10.egg-info\n'}
[9.844374] (py_srvcli) StdoutLine: {'line': b'writing requirements to ../../build/py_srvcli/py_srvcli.egg-info/requires.txt\n'}
[9.844552] (py_srvcli) StdoutLine: {'line': b'writing top-level names to ../../build/py_srvcli/py_srvcli.egg-info/top_level.txt\n'}
[9.844650] (action_tutorials_interfaces) StdoutLine: {'line': b'-- Up-to-date: /home/brairlab/ros2_ws/install/action_tutorials_interfaces/share/ament_index/resource_index/rosidl_interfaces/action_tutorials_interfaces\n'}
[9.844756] (action_tutorials_interfaces) StdoutLine: {'line': b'-- Up-to-date: /home/brairlab/ros2_ws/install/action_tutorials_interfaces/include/action_tutorials_interfaces/action_tutorials_interfaces\n'}
[9.844857] (action_tutorials_interfaces) StdoutLine: {'line': b'-- Up-to-date: /home/brairlab/ros2_ws/install/action_tutorials_interfaces/include/action_tutorials_interfaces/action_tutorials_interfaces/action\n'}
[9.844941] (action_tutorials_interfaces) StdoutLine: {'line': b'-- Up-to-date: /home/brairlab/ros2_ws/install/action_tutorials_interfaces/include/action_tutorials_interfaces/action_tutorials_interfaces/action/detail\n'}
[9.888520] (action_tutorials_interfaces) StdoutLine: {'line': b'-- Up-to-date: /home/brairlab/ros2_ws/install/action_tutorials_interfaces/include/action_tutorials_interfaces/action_tutorials_interfaces/action/detail/fibonacci__functions.h\n'}
[9.920665] (-) TimerEvent: {}
[9.933753] (py_pubs) StdoutLine: {'line': b'running install_scripts\n'}
[9.934174] (action_tutorials_interfaces) StdoutLine: {'line': b'-- Up-to-date: /home/brairlab/ros2_ws/install/action_tutorials_interfaces/include/action_tutorials_interfaces/action_tutorials_interfaces/action/detail/fibonacci__functions.c\n'}
[9.934451] (action_tutorials_interfaces) StdoutLine: {'line': b'-- Up-to-date: /home/brairlab/ros2_ws/install/action_tutorials_interfaces/include/action_tutorials_interfaces/action_tutorials_interfaces/action/detail/fibonacci__struct.h\n'}
[9.934531] (action_tutorials_interfaces) StdoutLine: {'line': b'-- Up-to-date: /home/brairlab/ros2_ws/install/action_tutorials_interfaces/include/action_tutorials_interfaces/action_tutorials_interfaces/action/detail/fibonacci__type_support.h\n'}
[9.934656] (action_tutorials_interfaces) StdoutLine: {'line': b'-- Up-to-date: /home/brairlab/ros2_ws/install/action_tutorials_interfaces/include/action_tutorials_interfaces/action_tutorials_interfaces/action/fibonacci.h\n'}
[9.934722] (action_tutorials_interfaces) StdoutLine: {'line': b'-- Up-to-date: /home/brairlab/ros2_ws/install/action_tutorials_interfaces/include/action_tutorials_interfaces/action_tutorials_interfaces/msg\n'}
[9.934771] (action_tutorials_interfaces) StdoutLine: {'line': b'-- Up-to-date: /home/brairlab/ros2_ws/install/action_tutorials_interfaces/include/action_tutorials_interfaces/action_tutorials_interfaces/msg/rosidl_generator_c__visibility_control.h\n'}
[9.934820] (action_tutorials_interfaces) StdoutLine: {'line': b'-- Up-to-date: /home/brairlab/ros2_ws/install/action_tutorials_interfaces/share/action_tutorials_interfaces/environment/library_path.sh\n'}
[9.934868] (action_tutorials_interfaces) StdoutLine: {'line': b'-- Up-to-date: /home/brairlab/ros2_ws/install/action_tutorials_interfaces/share/action_tutorials_interfaces/environment/library_path.dsv\n'}
[9.934914] (py_srvcli) StdoutLine: {'line': b"reading manifest file '../../build/py_srvcli/py_srvcli.egg-info/SOURCES.txt'\n"}
[9.934972] (py_srvcli) StdoutLine: {'line': b"adding license file 'LICENSE'\n"}
[9.935019] (py_srvcli) StdoutLine: {'line': b"writing manifest file '../../build/py_srvcli/py_srvcli.egg-info/SOURCES.txt'\n"}
[9.935068] (py_srvcli) StdoutLine: {'line': b'running build\n'}
[9.935115] (py_srvcli) StdoutLine: {'line': b'running build_py\n'}
[9.935160] (py_srvcli) StdoutLine: {'line': b'copying py_srvcli/service_member_function.py -> /home/brairlab/ros2_ws/build/py_srvcli/build/lib/py_srvcli\n'}
[9.951296] (action_tutorials_interfaces) StdoutLine: {'line': b'-- Up-to-date: /home/brairlab/ros2_ws/install/action_tutorials_interfaces/lib/libaction_tutorials_interfaces__rosidl_generator_c.so\n'}
[9.952157] (action_tutorials_interfaces) StdoutLine: {'line': b'-- Up-to-date: /home/brairlab/ros2_ws/install/action_tutorials_interfaces/include/action_tutorials_interfaces/action_tutorials_interfaces\n'}
[9.973231] (action_tutorials_interfaces) StdoutLine: {'line': b'-- Up-to-date: /home/brairlab/ros2_ws/install/action_tutorials_interfaces/include/action_tutorials_interfaces/action_tutorials_interfaces/action\n'}
[9.973375] (action_tutorials_interfaces) StdoutLine: {'line': b'-- Up-to-date: /home/brairlab/ros2_ws/install/action_tutorials_interfaces/include/action_tutorials_interfaces/action_tutorials_interfaces/action/detail\n'}
[9.973449] (action_tutorials_interfaces) StdoutLine: {'line': b'-- Up-to-date: /home/brairlab/ros2_ws/install/action_tutorials_interfaces/include/action_tutorials_interfaces/action_tutorials_interfaces/action/detail/fibonacci__rosidl_typesupport_fastrtps_c.h\n'}
[9.973517] (action_tutorials_interfaces) StdoutLine: {'line': b'-- Up-to-date: /home/brairlab/ros2_ws/install/action_tutorials_interfaces/include/action_tutorials_interfaces/action_tutorials_interfaces/msg\n'}
[9.973581] (action_tutorials_interfaces) StdoutLine: {'line': b'-- Up-to-date: /home/brairlab/ros2_ws/install/action_tutorials_interfaces/include/action_tutorials_interfaces/action_tutorials_interfaces/msg/rosidl_typesupport_fastrtps_c__visibility_control.h\n'}
[9.973650] (py_srvcli) StdoutLine: {'line': b'running install\n'}
[9.973740] (action_tutorials_interfaces) StdoutLine: {'line': b'-- Up-to-date: /home/brairlab/ros2_ws/install/action_tutorials_interfaces/lib/libaction_tutorials_interfaces__rosidl_typesupport_fastrtps_c.so\n'}
[9.973807] (action_tutorials_interfaces) StdoutLine: {'line': b'-- Up-to-date: /home/brairlab/ros2_ws/install/action_tutorials_interfaces/include/action_tutorials_interfaces/action_tutorials_interfaces\n'}
[9.973870] (action_tutorials_interfaces) StdoutLine: {'line': b'-- Up-to-date: /home/brairlab/ros2_ws/install/action_tutorials_interfaces/include/action_tutorials_interfaces/action_tutorials_interfaces/action\n'}
[9.990930] (action_tutorials_interfaces) StdoutLine: {'line': b'-- Up-to-date: /home/brairlab/ros2_ws/install/action_tutorials_interfaces/include/action_tutorials_interfaces/action_tutorials_interfaces/action/detail\n'}
[9.991077] (action_tutorials_interfaces) StdoutLine: {'line': b'-- Up-to-date: /home/brairlab/ros2_ws/install/action_tutorials_interfaces/include/action_tutorials_interfaces/action_tutorials_interfaces/action/detail/fibonacci__type_support.c\n'}
[10.008197] (action_tutorials_interfaces) StdoutLine: {'line': b'-- Up-to-date: /home/brairlab/ros2_ws/install/action_tutorials_interfaces/include/action_tutorials_interfaces/action_tutorials_interfaces/action/detail/fibonacci__rosidl_typesupport_introspection_c.h\n'}
[10.008542] (action_tutorials_interfaces) StdoutLine: {'line': b'-- Up-to-date: /home/brairlab/ros2_ws/install/action_tutorials_interfaces/include/action_tutorials_interfaces/action_tutorials_interfaces/msg\n'}
[10.124297] (-) TimerEvent: {}
[10.125872] (action_tutorials_interfaces) StdoutLine: {'line': b'-- Up-to-date: /home/brairlab/ros2_ws/install/action_tutorials_interfaces/include/action_tutorials_interfaces/action_tutorials_interfaces/msg/rosidl_typesupport_introspection_c__visibility_control.h\n'}
[10.192762] (-) TimerEvent: {}
[10.202618] (py_srvcli) StdoutLine: {'line': b'running install_lib\n'}
[10.234429] (py_srvcli) StdoutLine: {'line': b'copying /home/brairlab/ros2_ws/build/py_srvcli/build/lib/py_srvcli/service_member_function.py -> /home/brairlab/ros2_ws/install/py_srvcli/lib/python3.10/site-packages/py_srvcli\n'}
[10.258690] (action_tutorials_interfaces) StdoutLine: {'line': b'-- Up-to-date: /home/brairlab/ros2_ws/install/action_tutorials_interfaces/lib/libaction_tutorials_interfaces__rosidl_typesupport_introspection_c.so\n'}
[10.258853] (action_tutorials_interfaces) StdoutLine: {'line': b'-- Up-to-date: /home/brairlab/ros2_ws/install/action_tutorials_interfaces/lib/libaction_tutorials_interfaces__rosidl_typesupport_c.so\n'}
[10.258924] (py_srvcli) StdoutLine: {'line': b'byte-compiling /home/brairlab/ros2_ws/install/py_srvcli/lib/python3.10/site-packages/py_srvcli/service_member_function.py to service_member_function.cpython-310.pyc\n'}
[10.258992] (py_pubs) StdoutLine: {'line': b'Installing listener script to /home/brairlab/ros2_ws/install/py_pubs/lib/py_pubs\n'}
[10.259065] (py_pubs) StdoutLine: {'line': b'Installing talker script to /home/brairlab/ros2_ws/install/py_pubs/lib/py_pubs\n'}
[10.259127] (py_pubs) StdoutLine: {'line': b"writing list of installed files to '/home/brairlab/ros2_ws/build/py_pubs/install.log'\n"}
[10.259184] (action_tutorials_interfaces) StdoutLine: {'line': b'-- Up-to-date: /home/brairlab/ros2_ws/install/action_tutorials_interfaces/include/action_tutorials_interfaces/action_tutorials_interfaces\n'}
[10.259244] (action_tutorials_interfaces) StdoutLine: {'line': b'-- Up-to-date: /home/brairlab/ros2_ws/install/action_tutorials_interfaces/include/action_tutorials_interfaces/action_tutorials_interfaces/action\n'}
[10.259302] (action_tutorials_interfaces) StdoutLine: {'line': b'-- Up-to-date: /home/brairlab/ros2_ws/install/action_tutorials_interfaces/include/action_tutorials_interfaces/action_tutorials_interfaces/action/detail\n'}
[10.259448] (action_tutorials_interfaces) StdoutLine: {'line': b'-- Up-to-date: /home/brairlab/ros2_ws/install/action_tutorials_interfaces/include/action_tutorials_interfaces/action_tutorials_interfaces/action/detail/fibonacci__struct.hpp\n'}
[10.259544] (action_tutorials_interfaces) StdoutLine: {'line': b'-- Up-to-date: /home/brairlab/ros2_ws/install/action_tutorials_interfaces/include/action_tutorials_interfaces/action_tutorials_interfaces/action/detail/fibonacci__builder.hpp\n'}
[10.259616] (action_tutorials_interfaces) StdoutLine: {'line': b'-- Up-to-date: /home/brairlab/ros2_ws/install/action_tutorials_interfaces/include/action_tutorials_interfaces/action_tutorials_interfaces/action/detail/fibonacci__traits.hpp\n'}
[10.259685] (action_tutorials_interfaces) StdoutLine: {'line': b'-- Up-to-date: /home/brairlab/ros2_ws/install/action_tutorials_interfaces/include/action_tutorials_interfaces/action_tutorials_interfaces/action/fibonacci.hpp\n'}
[10.259754] (action_tutorials_interfaces) StdoutLine: {'line': b'-- Up-to-date: /home/brairlab/ros2_ws/install/action_tutorials_interfaces/include/action_tutorials_interfaces/action_tutorials_interfaces\n'}
[10.259827] (action_tutorials_interfaces) StdoutLine: {'line': b'-- Up-to-date: /home/brairlab/ros2_ws/install/action_tutorials_interfaces/include/action_tutorials_interfaces/action_tutorials_interfaces/action\n'}
[10.259887] (action_tutorials_interfaces) StdoutLine: {'line': b'-- Up-to-date: /home/brairlab/ros2_ws/install/action_tutorials_interfaces/include/action_tutorials_interfaces/action_tutorials_interfaces/action/detail\n'}
[10.259942] (action_tutorials_interfaces) StdoutLine: {'line': b'-- Up-to-date: /home/brairlab/ros2_ws/install/action_tutorials_interfaces/include/action_tutorials_interfaces/action_tutorials_interfaces/action/detail/fibonacci__rosidl_typesupport_fastrtps_cpp.hpp\n'}
[10.259998] (action_tutorials_interfaces) StdoutLine: {'line': b'-- Up-to-date: /home/brairlab/ros2_ws/install/action_tutorials_interfaces/include/action_tutorials_interfaces/action_tutorials_interfaces/action/detail/dds_fastrtps\n'}
[10.260051] (action_tutorials_interfaces) StdoutLine: {'line': b'-- Up-to-date: /home/brairlab/ros2_ws/install/action_tutorials_interfaces/include/action_tutorials_interfaces/action_tutorials_interfaces/msg\n'}
[10.260106] (action_tutorials_interfaces) StdoutLine: {'line': b'-- Up-to-date: /home/brairlab/ros2_ws/install/action_tutorials_interfaces/include/action_tutorials_interfaces/action_tutorials_interfaces/msg/rosidl_typesupport_fastrtps_cpp__visibility_control.h\n'}
[10.260159] (action_tutorials_interfaces) StdoutLine: {'line': b'-- Up-to-date: /home/brairlab/ros2_ws/install/action_tutorials_interfaces/lib/libaction_tutorials_interfaces__rosidl_typesupport_fastrtps_cpp.so\n'}
[10.260216] (action_tutorials_interfaces) StdoutLine: {'line': b'-- Up-to-date: /home/brairlab/ros2_ws/install/action_tutorials_interfaces/include/action_tutorials_interfaces/action_tutorials_interfaces\n'}
[10.260268] (action_tutorials_interfaces) StdoutLine: {'line': b'-- Up-to-date: /home/brairlab/ros2_ws/install/action_tutorials_interfaces/include/action_tutorials_interfaces/action_tutorials_interfaces/action\n'}
[10.260323] (action_tutorials_interfaces) StdoutLine: {'line': b'-- Up-to-date: /home/brairlab/ros2_ws/install/action_tutorials_interfaces/include/action_tutorials_interfaces/action_tutorials_interfaces/action/detail\n'}
[10.260377] (action_tutorials_interfaces) StdoutLine: {'line': b'-- Up-to-date: /home/brairlab/ros2_ws/install/action_tutorials_interfaces/include/action_tutorials_interfaces/action_tutorials_interfaces/action/detail/fibonacci__type_support.cpp\n'}
[10.260432] (action_tutorials_interfaces) StdoutLine: {'line': b'-- Up-to-date: /home/brairlab/ros2_ws/install/action_tutorials_interfaces/include/action_tutorials_interfaces/action_tutorials_interfaces/action/detail/fibonacci__rosidl_typesupport_introspection_cpp.hpp\n'}
[10.260488] (action_tutorials_interfaces) StdoutLine: {'line': b'-- Up-to-date: /home/brairlab/ros2_ws/install/action_tutorials_interfaces/lib/libaction_tutorials_interfaces__rosidl_typesupport_introspection_cpp.so\n'}
[10.260540] (action_tutorials_interfaces) StdoutLine: {'line': b'-- Up-to-date: /home/brairlab/ros2_ws/install/action_tutorials_interfaces/lib/libaction_tutorials_interfaces__rosidl_typesupport_cpp.so\n'}
[10.260592] (action_tutorials_interfaces) StdoutLine: {'line': b'-- Up-to-date: /home/brairlab/ros2_ws/install/action_tutorials_interfaces/share/action_tutorials_interfaces/environment/pythonpath.sh\n'}
[10.260645] (action_tutorials_interfaces) StdoutLine: {'line': b'-- Up-to-date: /home/brairlab/ros2_ws/install/action_tutorials_interfaces/share/action_tutorials_interfaces/environment/pythonpath.dsv\n'}
[10.260740] (action_tutorials_interfaces) StdoutLine: {'line': b'-- Up-to-date: /home/brairlab/ros2_ws/install/action_tutorials_interfaces/local/lib/python3.10/dist-packages/action_tutorials_interfaces-0.0.0-py3.10.egg-info\n'}
[10.260808] (action_tutorials_interfaces) StdoutLine: {'line': b'-- Installing: /home/brairlab/ros2_ws/install/action_tutorials_interfaces/local/lib/python3.10/dist-packages/action_tutorials_interfaces-0.0.0-py3.10.egg-info/top_level.txt\n'}
[10.260868] (action_tutorials_interfaces) StdoutLine: {'line': b'-- Installing: /home/brairlab/ros2_ws/install/action_tutorials_interfaces/local/lib/python3.10/dist-packages/action_tutorials_interfaces-0.0.0-py3.10.egg-info/SOURCES.txt\n'}
[10.260925] (action_tutorials_interfaces) StdoutLine: {'line': b'-- Installing: /home/brairlab/ros2_ws/install/action_tutorials_interfaces/local/lib/python3.10/dist-packages/action_tutorials_interfaces-0.0.0-py3.10.egg-info/dependency_links.txt\n'}
[10.260982] (action_tutorials_interfaces) StdoutLine: {'line': b'-- Installing: /home/brairlab/ros2_ws/install/action_tutorials_interfaces/local/lib/python3.10/dist-packages/action_tutorials_interfaces-0.0.0-py3.10.egg-info/PKG-INFO\n'}
[10.261047] (action_tutorials_interfaces) StdoutLine: {'line': b'-- Up-to-date: /home/brairlab/ros2_ws/install/action_tutorials_interfaces/local/lib/python3.10/dist-packages/action_tutorials_interfaces\n'}
[10.261102] (action_tutorials_interfaces) StdoutLine: {'line': b'-- Up-to-date: /home/brairlab/ros2_ws/install/action_tutorials_interfaces/local/lib/python3.10/dist-packages/action_tutorials_interfaces/_action_tutorials_interfaces_s.ep.rosidl_typesupport_introspection_c.c\n'}
[10.261159] (action_tutorials_interfaces) StdoutLine: {'line': b'-- Up-to-date: /home/brairlab/ros2_ws/install/action_tutorials_interfaces/local/lib/python3.10/dist-packages/action_tutorials_interfaces/libaction_tutorials_interfaces__rosidl_generator_py.so\n'}
[10.261219] (action_tutorials_interfaces) StdoutLine: {'line': b'-- Up-to-date: /home/brairlab/ros2_ws/install/action_tutorials_interfaces/local/lib/python3.10/dist-packages/action_tutorials_interfaces/action_tutorials_interfaces_s__rosidl_typesupport_c.cpython-310-x86_64-linux-gnu.so\n'}
[10.261288] (action_tutorials_interfaces) StdoutLine: {'line': b'-- Up-to-date: /home/brairlab/ros2_ws/install/action_tutorials_interfaces/local/lib/python3.10/dist-packages/action_tutorials_interfaces/action_tutorials_interfaces_s__rosidl_typesupport_fastrtps_c.cpython-310-x86_64-linux-gnu.so\n'}
[10.261349] (action_tutorials_interfaces) StdoutLine: {'line': b'-- Up-to-date: /home/brairlab/ros2_ws/install/action_tutorials_interfaces/local/lib/python3.10/dist-packages/action_tutorials_interfaces/action\n'}
[10.261416] (action_tutorials_interfaces) StdoutLine: {'line': b'-- Up-to-date: /home/brairlab/ros2_ws/install/action_tutorials_interfaces/local/lib/python3.10/dist-packages/action_tutorials_interfaces/action/_fibonacci_s.c\n'}
[10.261481] (action_tutorials_interfaces) StdoutLine: {'line': b'-- Up-to-date: /home/brairlab/ros2_ws/install/action_tutorials_interfaces/local/lib/python3.10/dist-packages/action_tutorials_interfaces/action/_fibonacci.py\n'}
[10.261545] (action_tutorials_interfaces) StdoutLine: {'line': b'-- Up-to-date: /home/brairlab/ros2_ws/install/action_tutorials_interfaces/local/lib/python3.10/dist-packages/action_tutorials_interfaces/action/__init__.py\n'}
[10.261602] (action_tutorials_interfaces) StdoutLine: {'line': b'-- Up-to-date: /home/brairlab/ros2_ws/install/action_tutorials_interfaces/local/lib/python3.10/dist-packages/action_tutorials_interfaces/_action_tutorials_interfaces_s.ep.rosidl_typesupport_c.c\n'}
[10.261661] (action_tutorials_interfaces) StdoutLine: {'line': b'-- Up-to-date: /home/brairlab/ros2_ws/install/action_tutorials_interfaces/local/lib/python3.10/dist-packages/action_tutorials_interfaces/__init__.py\n'}
[10.261726] (action_tutorials_interfaces) StdoutLine: {'line': b'-- Up-to-date: /home/brairlab/ros2_ws/install/action_tutorials_interfaces/local/lib/python3.10/dist-packages/action_tutorials_interfaces/action_tutorials_interfaces_s__rosidl_typesupport_introspection_c.cpython-310-x86_64-linux-gnu.so\n'}
[10.261788] (action_tutorials_interfaces) StdoutLine: {'line': b'-- Up-to-date: /home/brairlab/ros2_ws/install/action_tutorials_interfaces/local/lib/python3.10/dist-packages/action_tutorials_interfaces/_action_tutorials_interfaces_s.ep.rosidl_typesupport_fastrtps_c.c\n'}
[10.261849] (py_srvcli) StdoutLine: {'line': b'running install_data\n'}
[10.261911] (py_srvcli) StdoutLine: {'line': b'running install_egg_info\n'}
[10.305383] (py_srvcli) StdoutLine: {'line': b"removing '/home/brairlab/ros2_ws/install/py_srvcli/lib/python3.10/site-packages/py_srvcli-0.0.0-py3.10.egg-info' (and everything under it)\n"}
[10.305934] (-) TimerEvent: {}
[10.336222] (py_srvcli) StdoutLine: {'line': b'Copying ../../build/py_srvcli/py_srvcli.egg-info to /home/brairlab/ros2_ws/install/py_srvcli/lib/python3.10/site-packages/py_srvcli-0.0.0-py3.10.egg-info\n'}
[10.361767] (py_srvcli) StdoutLine: {'line': b'running install_scripts\n'}
[10.366854] (action_tutorials_interfaces) StdoutLine: {'line': b"Listing '/home/brairlab/ros2_ws/install/action_tutorials_interfaces/local/lib/python3.10/dist-packages/action_tutorials_interfaces'...\n"}
[10.367965] (action_tutorials_interfaces) StdoutLine: {'line': b"Listing '/home/brairlab/ros2_ws/install/action_tutorials_interfaces/local/lib/python3.10/dist-packages/action_tutorials_interfaces/action'...\n"}
[10.411075] (-) TimerEvent: {}
[10.485851] (action_tutorials_interfaces) StdoutLine: {'line': b'-- Up-to-date: /home/brairlab/ros2_ws/install/action_tutorials_interfaces/local/lib/python3.10/dist-packages/action_tutorials_interfaces/action_tutorials_interfaces_s__rosidl_typesupport_fastrtps_c.cpython-310-x86_64-linux-gnu.so\n'}
[10.514593] (-) TimerEvent: {}
[10.523434] (action_tutorials_interfaces) StdoutLine: {'line': b'-- Up-to-date: /home/brairlab/ros2_ws/install/action_tutorials_interfaces/local/lib/python3.10/dist-packages/action_tutorials_interfaces/action_tutorials_interfaces_s__rosidl_typesupport_introspection_c.cpython-310-x86_64-linux-gnu.so\n'}
[10.559327] (action_tutorials_interfaces) StdoutLine: {'line': b'-- Up-to-date: /home/brairlab/ros2_ws/install/action_tutorials_interfaces/local/lib/python3.10/dist-packages/action_tutorials_interfaces/action_tutorials_interfaces_s__rosidl_typesupport_c.cpython-310-x86_64-linux-gnu.so\n'}
[10.582075] (action_tutorials_interfaces) StdoutLine: {'line': b'-- Up-to-date: /home/brairlab/ros2_ws/install/action_tutorials_interfaces/lib/libaction_tutorials_interfaces__rosidl_generator_py.so\n'}
[10.582475] (action_tutorials_interfaces) StdoutLine: {'line': b'-- Up-to-date: /home/brairlab/ros2_ws/install/action_tutorials_interfaces/share/action_tutorials_interfaces/action/Fibonacci.idl\n'}
[10.582557] (action_tutorials_interfaces) StdoutLine: {'line': b'-- Up-to-date: /home/brairlab/ros2_ws/install/action_tutorials_interfaces/share/action_tutorials_interfaces/action/Fibonacci.action\n'}
[10.582774] (action_tutorials_interfaces) StdoutLine: {'line': b'-- Up-to-date: /home/brairlab/ros2_ws/install/action_tutorials_interfaces/share/ament_index/resource_index/package_run_dependencies/action_tutorials_interfaces\n'}
[10.583021] (action_tutorials_interfaces) StdoutLine: {'line': b'-- Up-to-date: /home/brairlab/ros2_ws/install/action_tutorials_interfaces/share/ament_index/resource_index/parent_prefix_path/action_tutorials_interfaces\n'}
[10.583136] (action_tutorials_interfaces) StdoutLine: {'line': b'-- Up-to-date: /home/brairlab/ros2_ws/install/action_tutorials_interfaces/share/action_tutorials_interfaces/environment/ament_prefix_path.sh\n'}
[10.583229] (action_tutorials_interfaces) StdoutLine: {'line': b'-- Up-to-date: /home/brairlab/ros2_ws/install/action_tutorials_interfaces/share/action_tutorials_interfaces/environment/ament_prefix_path.dsv\n'}
[10.583294] (action_tutorials_interfaces) StdoutLine: {'line': b'-- Up-to-date: /home/brairlab/ros2_ws/install/action_tutorials_interfaces/share/action_tutorials_interfaces/environment/path.sh\n'}
[10.583359] (action_tutorials_interfaces) StdoutLine: {'line': b'-- Up-to-date: /home/brairlab/ros2_ws/install/action_tutorials_interfaces/share/action_tutorials_interfaces/environment/path.dsv\n'}
[10.583421] (action_tutorials_interfaces) StdoutLine: {'line': b'-- Up-to-date: /home/brairlab/ros2_ws/install/action_tutorials_interfaces/share/action_tutorials_interfaces/local_setup.bash\n'}
[10.594335] (action_tutorials_interfaces) StdoutLine: {'line': b'-- Up-to-date: /home/brairlab/ros2_ws/install/action_tutorials_interfaces/share/action_tutorials_interfaces/local_setup.sh\n'}
[10.595185] (action_tutorials_interfaces) StdoutLine: {'line': b'-- Up-to-date: /home/brairlab/ros2_ws/install/action_tutorials_interfaces/share/action_tutorials_interfaces/local_setup.zsh\n'}
[10.595349] (action_tutorials_interfaces) StdoutLine: {'line': b'-- Up-to-date: /home/brairlab/ros2_ws/install/action_tutorials_interfaces/share/action_tutorials_interfaces/local_setup.dsv\n'}
[10.595435] (action_tutorials_interfaces) StdoutLine: {'line': b'-- Installing: /home/brairlab/ros2_ws/install/action_tutorials_interfaces/share/action_tutorials_interfaces/package.dsv\n'}
[10.636701] (-) TimerEvent: {}
[10.637702] (action_tutorials_interfaces) StdoutLine: {'line': b'-- Up-to-date: /home/brairlab/ros2_ws/install/action_tutorials_interfaces/share/ament_index/resource_index/packages/action_tutorials_interfaces\n'}
[10.637965] (action_tutorials_interfaces) StdoutLine: {'line': b'-- Up-to-date: /home/brairlab/ros2_ws/install/action_tutorials_interfaces/share/action_tutorials_interfaces/cmake/export_action_tutorials_interfaces__rosidl_generator_cExport.cmake\n'}
[10.638048] (action_tutorials_interfaces) StdoutLine: {'line': b'-- Up-to-date: /home/brairlab/ros2_ws/install/action_tutorials_interfaces/share/action_tutorials_interfaces/cmake/export_action_tutorials_interfaces__rosidl_generator_cExport-noconfig.cmake\n'}
[10.638119] (action_tutorials_interfaces) StdoutLine: {'line': b'-- Up-to-date: /home/brairlab/ros2_ws/install/action_tutorials_interfaces/share/action_tutorials_interfaces/cmake/export_action_tutorials_interfaces__rosidl_typesupport_fastrtps_cExport.cmake\n'}
[10.638221] (action_tutorials_interfaces) StdoutLine: {'line': b'-- Up-to-date: /home/brairlab/ros2_ws/install/action_tutorials_interfaces/share/action_tutorials_interfaces/cmake/export_action_tutorials_interfaces__rosidl_typesupport_fastrtps_cExport-noconfig.cmake\n'}
[10.638295] (action_tutorials_interfaces) StdoutLine: {'line': b'-- Up-to-date: /home/brairlab/ros2_ws/install/action_tutorials_interfaces/share/action_tutorials_interfaces/cmake/action_tutorials_interfaces__rosidl_typesupport_introspection_cExport.cmake\n'}
[10.638366] (action_tutorials_interfaces) StdoutLine: {'line': b'-- Up-to-date: /home/brairlab/ros2_ws/install/action_tutorials_interfaces/share/action_tutorials_interfaces/cmake/action_tutorials_interfaces__rosidl_typesupport_introspection_cExport-noconfig.cmake\n'}
[10.639779] (action_tutorials_interfaces) StdoutLine: {'line': b'-- Up-to-date: /home/brairlab/ros2_ws/install/action_tutorials_interfaces/share/action_tutorials_interfaces/cmake/action_tutorials_interfaces__rosidl_typesupport_cExport.cmake\n'}
[10.640092] (action_tutorials_interfaces) StdoutLine: {'line': b'-- Up-to-date: /home/brairlab/ros2_ws/install/action_tutorials_interfaces/share/action_tutorials_interfaces/cmake/action_tutorials_interfaces__rosidl_typesupport_cExport-noconfig.cmake\n'}
[10.645459] (action_tutorials_interfaces) StdoutLine: {'line': b'-- Up-to-date: /home/brairlab/ros2_ws/install/action_tutorials_interfaces/share/action_tutorials_interfaces/cmake/export_action_tutorials_interfaces__rosidl_generator_cppExport.cmake\n'}
[10.701869] (py_srvcli) StdoutLine: {'line': b'Installing client script to /home/brairlab/ros2_ws/install/py_srvcli/lib/py_srvcli\n'}
[10.702659] (py_srvcli) StdoutLine: {'line': b'Installing service script to /home/brairlab/ros2_ws/install/py_srvcli/lib/py_srvcli\n'}
[10.702779] (py_srvcli) StdoutLine: {'line': b"writing list of installed files to '/home/brairlab/ros2_ws/build/py_srvcli/install.log'\n"}
[10.703116] (action_tutorials_interfaces) StdoutLine: {'line': b'-- Up-to-date: /home/brairlab/ros2_ws/install/action_tutorials_interfaces/share/action_tutorials_interfaces/cmake/export_action_tutorials_interfaces__rosidl_typesupport_fastrtps_cppExport.cmake\n'}
[10.703357] (action_tutorials_interfaces) StdoutLine: {'line': b'-- Up-to-date: /home/brairlab/ros2_ws/install/action_tutorials_interfaces/share/action_tutorials_interfaces/cmake/export_action_tutorials_interfaces__rosidl_typesupport_fastrtps_cppExport-noconfig.cmake\n'}
[10.703489] (action_tutorials_interfaces) StdoutLine: {'line': b'-- Up-to-date: /home/brairlab/ros2_ws/install/action_tutorials_interfaces/share/action_tutorials_interfaces/cmake/action_tutorials_interfaces__rosidl_typesupport_introspection_cppExport.cmake\n'}
[10.703611] (action_tutorials_interfaces) StdoutLine: {'line': b'-- Up-to-date: /home/brairlab/ros2_ws/install/action_tutorials_interfaces/share/action_tutorials_interfaces/cmake/action_tutorials_interfaces__rosidl_typesupport_introspection_cppExport-noconfig.cmake\n'}
[10.749540] (-) TimerEvent: {}
[10.751340] (action_tutorials_interfaces) StdoutLine: {'line': b'-- Up-to-date: /home/brairlab/ros2_ws/install/action_tutorials_interfaces/share/action_tutorials_interfaces/cmake/action_tutorials_interfaces__rosidl_typesupport_cppExport.cmake\n'}
[10.751513] (action_tutorials_interfaces) StdoutLine: {'line': b'-- Up-to-date: /home/brairlab/ros2_ws/install/action_tutorials_interfaces/share/action_tutorials_interfaces/cmake/action_tutorials_interfaces__rosidl_typesupport_cppExport-noconfig.cmake\n'}
[10.752212] (action_tutorials_interfaces) StdoutLine: {'line': b'-- Up-to-date: /home/brairlab/ros2_ws/install/action_tutorials_interfaces/share/action_tutorials_interfaces/cmake/export_action_tutorials_interfaces__rosidl_generator_pyExport.cmake\n'}
[10.752339] (action_tutorials_interfaces) StdoutLine: {'line': b'-- Up-to-date: /home/brairlab/ros2_ws/install/action_tutorials_interfaces/share/action_tutorials_interfaces/cmake/export_action_tutorials_interfaces__rosidl_generator_pyExport-noconfig.cmake\n'}
[10.752432] (action_tutorials_interfaces) StdoutLine: {'line': b'-- Up-to-date: /home/brairlab/ros2_ws/install/action_tutorials_interfaces/share/action_tutorials_interfaces/cmake/rosidl_cmake-extras.cmake\n'}
[10.752510] (action_tutorials_interfaces) StdoutLine: {'line': b'-- Up-to-date: /home/brairlab/ros2_ws/install/action_tutorials_interfaces/share/action_tutorials_interfaces/cmake/ament_cmake_export_dependencies-extras.cmake\n'}
[10.752587] (action_tutorials_interfaces) StdoutLine: {'line': b'-- Up-to-date: /home/brairlab/ros2_ws/install/action_tutorials_interfaces/share/action_tutorials_interfaces/cmake/ament_cmake_export_include_directories-extras.cmake\n'}
[10.752664] (action_tutorials_interfaces) StdoutLine: {'line': b'-- Up-to-date: /home/brairlab/ros2_ws/install/action_tutorials_interfaces/share/action_tutorials_interfaces/cmake/ament_cmake_export_libraries-extras.cmake\n'}
[10.752744] (action_tutorials_interfaces) StdoutLine: {'line': b'-- Up-to-date: /home/brairlab/ros2_ws/install/action_tutorials_interfaces/share/action_tutorials_interfaces/cmake/ament_cmake_export_targets-extras.cmake\n'}
[10.752822] (action_tutorials_interfaces) StdoutLine: {'line': b'-- Up-to-date: /home/brairlab/ros2_ws/install/action_tutorials_interfaces/share/action_tutorials_interfaces/cmake/rosidl_cmake_export_typesupport_targets-extras.cmake\n'}
[10.753089] (action_tutorials_interfaces) StdoutLine: {'line': b'-- Up-to-date: /home/brairlab/ros2_ws/install/action_tutorials_interfaces/share/action_tutorials_interfaces/cmake/rosidl_cmake_export_typesupport_libraries-extras.cmake\n'}
[10.753222] (action_tutorials_interfaces) StdoutLine: {'line': b'-- Up-to-date: /home/brairlab/ros2_ws/install/action_tutorials_interfaces/share/action_tutorials_interfaces/cmake/action_tutorials_interfacesConfig.cmake\n'}
[10.753301] (action_tutorials_interfaces) StdoutLine: {'line': b'-- Up-to-date: /home/brairlab/ros2_ws/install/action_tutorials_interfaces/share/action_tutorials_interfaces/cmake/action_tutorials_interfacesConfig-version.cmake\n'}
[10.753367] (action_tutorials_interfaces) StdoutLine: {'line': b'-- Up-to-date: /home/brairlab/ros2_ws/install/action_tutorials_interfaces/share/action_tutorials_interfaces/package.xml\n'}
[10.862828] (-) TimerEvent: {}
[10.972297] (-) TimerEvent: {}
[11.096981] (-) TimerEvent: {}
[11.197667] (-) TimerEvent: {}
[11.308433] (-) TimerEvent: {}
[11.413867] (-) TimerEvent: {}
[11.552274] (-) TimerEvent: {}
[11.668908] (-) TimerEvent: {}
[11.797484] (-) TimerEvent: {}
[11.800408] (action_tutorials_interfaces) CommandEnded: {'returncode': 0}
[11.863026] (action_tutorials_interfaces) JobEnded: {'identifier': 'action_tutorials_interfaces', 'rc': 0}
[11.868646] (py_srvcli) CommandEnded: {'returncode': 0}
[11.901965] (-) TimerEvent: {}
[11.911484] (py_srvcli) JobEnded: {'identifier': 'py_srvcli', 'rc': 0}
[11.962017] (py_pubs) CommandEnded: {'returncode': 0}
[12.031222] (-) TimerEvent: {}
[12.181752] (py_pubs) JobEnded: {'identifier': 'py_pubs', 'rc': 0}
[12.184459] (-) TimerEvent: {}
[12.184919] (tutorial_interfaces) JobStarted: {'identifier': 'tutorial_interfaces'}
[12.192768] (action_tutorials_py) JobStarted: {'identifier': 'action_tutorials_py'}
[12.315920] (tutorial_interfaces) JobProgress: {'identifier': 'tutorial_interfaces', 'progress': 'cmake'}
[12.316044] (-) TimerEvent: {}
[12.489245] (tutorial_interfaces) Command: {'cmd': ['/usr/bin/cmake', '/home/brairlab/ros2_ws/src/tutorial_interfaces', '-DCMAKE_INSTALL_PREFIX=/home/brairlab/ros2_ws/install/tutorial_interfaces'], 'cwd': '/home/brairlab/ros2_ws/build/tutorial_interfaces', 'env': OrderedDict([('LESSOPEN', '| /usr/bin/lesspipe %s'), ('USER', 'brairlab'), ('LC_TIME', 'it_IT.UTF-8'), ('XDG_SESSION_TYPE', 'wayland'), ('SHLVL', '1'), ('LD_LIBRARY_PATH', '/usr/lib/yarp:/opt/ros/humble/lib/x86_64-linux-gnu:/opt/ros/humble/lib'), ('HOME', '/home/brairlab'), ('DESKTOP_SESSION', 'ubuntu'), ('ROS_PYTHON_VERSION', '3'), ('GNOME_SHELL_SESSION_MODE', 'ubuntu'), ('GTK_MODULES', 'gail:atk-bridge'), ('LC_MONETARY', 'it_IT.UTF-8'), ('DBUS_STARTER_BUS_TYPE', 'session'), ('SYSTEMD_EXEC_PID', '2458'), ('DBUS_SESSION_BUS_ADDRESS', 'unix:path=/run/user/1000/bus,guid=f3f4ffbbb4edfd638e4a4ea5690b77a3'), ('COLORTERM', 'truecolor'), ('IM_CONFIG_PHASE', '1'), ('WAYLAND_DISPLAY', 'wayland-0'), ('ROS_DISTRO', 'humble'), ('LOGNAME', 'brairlab'), ('_', '/usr/bin/colcon'), ('ROS_VERSION', '2'), ('XDG_SESSION_CLASS', 'user'), ('USERNAME', 'brairlab'), ('TERM', 'xterm-256color'), ('GNOME_DESKTOP_SESSION_ID', 'this-is-deprecated'), ('ROS_LOCALHOST_ONLY', '0'), ('PATH', '/opt/ros/humble/bin:/usr/local/sbin:/usr/local/bin:/usr/sbin:/usr/bin:/sbin:/bin:/usr/games:/usr/local/games:/snap/bin:/snap/bin'), ('SESSION_MANAGER', 'local/brairlab-vm:@/tmp/.ICE-unix/2458,unix/brairlab-vm:/tmp/.ICE-unix/2458'), ('XDG_MENU_PREFIX', 'gnome-'), ('LC_ADDRESS', 'it_IT.UTF-8'), ('GNOME_TERMINAL_SCREEN', '/org/gnome/Terminal/screen/2530a811_6489_4d0a_985c_a7f6c8f5c3a1'), ('GNOME_SETUP_DISPLAY', ':1'), ('XDG_RUNTIME_DIR', '/run/user/1000'), ('DISPLAY', ':0'), ('LANG', 'en_US.UTF-8'), ('XDG_CURRENT_DESKTOP', 'ubuntu:GNOME'), ('LC_TELEPHONE', 'it_IT.UTF-8'), ('XMODIFIERS', '@im=ibus'), ('XDG_SESSION_DESKTOP', 'ubuntu'), ('XAUTHORITY', '/run/user/1000/.mutter-Xwaylandauth.23O6E3'), ('LS_COLORS', 'rs=0:di=01;34:ln=01;36:mh=00:pi=40;33:so=01;35:do=01;35:bd=40;33;01:cd=40;33;01:or=40;31;01:mi=00:su=37;41:sg=30;43:ca=30;41:tw=30;42:ow=34;42:st=37;44:ex=01;32:*.tar=01;31:*.tgz=01;31:*.arc=01;31:*.arj=01;31:*.taz=01;31:*.lha=01;31:*.lz4=01;31:*.lzh=01;31:*.lzma=01;31:*.tlz=01;31:*.txz=01;31:*.tzo=01;31:*.t7z=01;31:*.zip=01;31:*.z=01;31:*.dz=01;31:*.gz=01;31:*.lrz=01;31:*.lz=01;31:*.lzo=01;31:*.xz=01;31:*.zst=01;31:*.tzst=01;31:*.bz2=01;31:*.bz=01;31:*.tbz=01;31:*.tbz2=01;31:*.tz=01;31:*.deb=01;31:*.rpm=01;31:*.jar=01;31:*.war=01;31:*.ear=01;31:*.sar=01;31:*.rar=01;31:*.alz=01;31:*.ace=01;31:*.zoo=01;31:*.cpio=01;31:*.7z=01;31:*.rz=01;31:*.cab=01;31:*.wim=01;31:*.swm=01;31:*.dwm=01;31:*.esd=01;31:*.jpg=01;35:*.jpeg=01;35:*.mjpg=01;35:*.mjpeg=01;35:*.gif=01;35:*.bmp=01;35:*.pbm=01;35:*.pgm=01;35:*.ppm=01;35:*.tga=01;35:*.xbm=01;35:*.xpm=01;35:*.tif=01;35:*.tiff=01;35:*.png=01;35:*.svg=01;35:*.svgz=01;35:*.mng=01;35:*.pcx=01;35:*.mov=01;35:*.mpg=01;35:*.mpeg=01;35:*.m2v=01;35:*.mkv=01;35:*.webm=01;35:*.webp=01;35:*.ogm=01;35:*.mp4=01;35:*.m4v=01;35:*.mp4v=01;35:*.vob=01;35:*.qt=01;35:*.nuv=01;35:*.wmv=01;35:*.asf=01;35:*.rm=01;35:*.rmvb=01;35:*.flc=01;35:*.avi=01;35:*.fli=01;35:*.flv=01;35:*.gl=01;35:*.dl=01;35:*.xcf=01;35:*.xwd=01;35:*.yuv=01;35:*.cgm=01;35:*.emf=01;35:*.ogv=01;35:*.ogx=01;35:*.aac=00;36:*.au=00;36:*.flac=00;36:*.m4a=00;36:*.mid=00;36:*.midi=00;36:*.mka=00;36:*.mp3=00;36:*.mpc=00;36:*.ogg=00;36:*.ra=00;36:*.wav=00;36:*.oga=00;36:*.opus=00;36:*.spx=00;36:*.xspf=00;36:'), ('GNOME_TERMINAL_SERVICE', ':1.182'), ('SSH_AGENT_LAUNCHER', 'gnome-keyring'), ('SSH_AUTH_SOCK', '/run/user/1000/keyring/ssh'), ('AMENT_PREFIX_PATH', '/opt/ros/humble'), ('SHELL', '/bin/bash'), ('LC_NAME', 'it_IT.UTF-8'), ('QT_ACCESSIBILITY', '1'), ('GDMSESSION', 'ubuntu'), ('LESSCLOSE', '/usr/bin/lesspipe %s %s'), ('LC_MEASUREMENT', 'it_IT.UTF-8'), ('LC_IDENTIFICATION', 'it_IT.UTF-8'), ('QT_IM_MODULE', 'ibus'), ('PWD', '/home/brairlab/ros2_ws/build/tutorial_interfaces'), ('XDG_CONFIG_DIRS', '/etc/xdg/xdg-ubuntu:/etc/xdg'), ('DBUS_STARTER_ADDRESS', 'unix:path=/run/user/1000/bus,guid=f3f4ffbbb4edfd638e4a4ea5690b77a3'), ('XDG_DATA_DIRS', '/usr/share/ubuntu:/usr/local/share/:/usr/share/:/var/lib/snapd/desktop'), ('PYTHONPATH', '/opt/ros/humble/lib/python3.10/site-packages:/opt/ros/humble/local/lib/python3.10/dist-packages'), ('LC_NUMERIC', 'it_IT.UTF-8'), ('LC_PAPER', 'it_IT.UTF-8'), ('COLCON', '1'), ('VTE_VERSION', '6800'), ('CMAKE_PREFIX_PATH', '/opt/ros/humble')]), 'shell': False}
[12.495658] (-) TimerEvent: {}
[12.567323] (tutorial_interfaces) StdoutLine: {'line': b'-- Found geometry_msgs: 4.2.4 (/opt/ros/humble/share/geometry_msgs/cmake)\n'}
[12.600692] (-) TimerEvent: {}
[12.743189] (-) TimerEvent: {}
[12.851735] (-) TimerEvent: {}
[12.977637] (-) TimerEvent: {}
[13.098163] (-) TimerEvent: {}
[13.281177] (-) TimerEvent: {}
[13.389520] (-) TimerEvent: {}
[13.490961] (-) TimerEvent: {}
[13.597057] (-) TimerEvent: {}
[13.705236] (-) TimerEvent: {}
[13.852435] (-) TimerEvent: {}
[13.955341] (-) TimerEvent: {}
[14.077778] (-) TimerEvent: {}
[14.192514] (-) TimerEvent: {}
[14.294796] (-) TimerEvent: {}
[14.412102] (-) TimerEvent: {}
[14.521103] (-) TimerEvent: {}
[14.641513] (-) TimerEvent: {}
[14.684683] (tutorial_interfaces) StdoutLine: {'line': b'-- Found rosidl_generator_c: 3.1.5 (/opt/ros/humble/share/rosidl_generator_c/cmake)\n'}
[14.713674] (tutorial_interfaces) StdoutLine: {'line': b'-- Found rosidl_adapter: 3.1.5 (/opt/ros/humble/share/rosidl_adapter/cmake)\n'}
[14.745733] (-) TimerEvent: {}
[14.854207] (-) TimerEvent: {}
[14.889373] (tutorial_interfaces) StdoutLine: {'line': b'-- Found rosidl_generator_cpp: 3.1.5 (/opt/ros/humble/share/rosidl_generator_cpp/cmake)\n'}
[14.958553] (-) TimerEvent: {}
[15.093045] (-) TimerEvent: {}
[15.196402] (-) TimerEvent: {}
[15.253962] (tutorial_interfaces) StdoutLine: {'line': b'-- Using all available rosidl_typesupport_c: rosidl_typesupport_fastrtps_c;rosidl_typesupport_introspection_c\n'}
[15.311922] (-) TimerEvent: {}
[15.431178] (-) TimerEvent: {}
[15.474035] (python_parameters) Command: {'cmd': ['/usr/bin/python3', '-W', 'ignore:setup.py install is deprecated', '-W', 'ignore:easy_install command is deprecated', 'setup.py', 'egg_info', '--egg-base', '../../build/python_parameters', 'build', '--build-base', '/home/brairlab/ros2_ws/build/python_parameters/build', 'install', '--record', '/home/brairlab/ros2_ws/build/python_parameters/install.log', '--single-version-externally-managed', 'install_data'], 'cwd': '/home/brairlab/ros2_ws/src/python_parameters', 'env': {'LESSOPEN': '| /usr/bin/lesspipe %s', 'USER': 'brairlab', 'LC_TIME': 'it_IT.UTF-8', 'XDG_SESSION_TYPE': 'wayland', 'SHLVL': '1', 'LD_LIBRARY_PATH': '/usr/lib/yarp:/opt/ros/humble/lib/x86_64-linux-gnu:/opt/ros/humble/lib', 'HOME': '/home/brairlab', 'DESKTOP_SESSION': 'ubuntu', 'ROS_PYTHON_VERSION': '3', 'GNOME_SHELL_SESSION_MODE': 'ubuntu', 'GTK_MODULES': 'gail:atk-bridge', 'LC_MONETARY': 'it_IT.UTF-8', 'DBUS_STARTER_BUS_TYPE': 'session', 'SYSTEMD_EXEC_PID': '2458', 'DBUS_SESSION_BUS_ADDRESS': 'unix:path=/run/user/1000/bus,guid=f3f4ffbbb4edfd638e4a4ea5690b77a3', 'COLORTERM': 'truecolor', 'IM_CONFIG_PHASE': '1', 'WAYLAND_DISPLAY': 'wayland-0', 'ROS_DISTRO': 'humble', 'LOGNAME': 'brairlab', '_': '/usr/bin/colcon', 'ROS_VERSION': '2', 'XDG_SESSION_CLASS': 'user', 'USERNAME': 'brairlab', 'TERM': 'xterm-256color', 'GNOME_DESKTOP_SESSION_ID': 'this-is-deprecated', 'ROS_LOCALHOST_ONLY': '0', 'PATH': '/opt/ros/humble/bin:/usr/local/sbin:/usr/local/bin:/usr/sbin:/usr/bin:/sbin:/bin:/usr/games:/usr/local/games:/snap/bin:/snap/bin', 'SESSION_MANAGER': 'local/brairlab-vm:@/tmp/.ICE-unix/2458,unix/brairlab-vm:/tmp/.ICE-unix/2458', 'XDG_MENU_PREFIX': 'gnome-', 'LC_ADDRESS': 'it_IT.UTF-8', 'GNOME_TERMINAL_SCREEN': '/org/gnome/Terminal/screen/2530a811_6489_4d0a_985c_a7f6c8f5c3a1', 'GNOME_SETUP_DISPLAY': ':1', 'XDG_RUNTIME_DIR': '/run/user/1000', 'DISPLAY': ':0', 'LANG': 'en_US.UTF-8', 'XDG_CURRENT_DESKTOP': 'ubuntu:GNOME', 'LC_TELEPHONE': 'it_IT.UTF-8', 'XMODIFIERS': '@im=ibus', 'XDG_SESSION_DESKTOP': 'ubuntu', 'XAUTHORITY': '/run/user/1000/.mutter-Xwaylandauth.23O6E3', 'LS_COLORS': 'rs=0:di=01;34:ln=01;36:mh=00:pi=40;33:so=01;35:do=01;35:bd=40;33;01:cd=40;33;01:or=40;31;01:mi=00:su=37;41:sg=30;43:ca=30;41:tw=30;42:ow=34;42:st=37;44:ex=01;32:*.tar=01;31:*.tgz=01;31:*.arc=01;31:*.arj=01;31:*.taz=01;31:*.lha=01;31:*.lz4=01;31:*.lzh=01;31:*.lzma=01;31:*.tlz=01;31:*.txz=01;31:*.tzo=01;31:*.t7z=01;31:*.zip=01;31:*.z=01;31:*.dz=01;31:*.gz=01;31:*.lrz=01;31:*.lz=01;31:*.lzo=01;31:*.xz=01;31:*.zst=01;31:*.tzst=01;31:*.bz2=01;31:*.bz=01;31:*.tbz=01;31:*.tbz2=01;31:*.tz=01;31:*.deb=01;31:*.rpm=01;31:*.jar=01;31:*.war=01;31:*.ear=01;31:*.sar=01;31:*.rar=01;31:*.alz=01;31:*.ace=01;31:*.zoo=01;31:*.cpio=01;31:*.7z=01;31:*.rz=01;31:*.cab=01;31:*.wim=01;31:*.swm=01;31:*.dwm=01;31:*.esd=01;31:*.jpg=01;35:*.jpeg=01;35:*.mjpg=01;35:*.mjpeg=01;35:*.gif=01;35:*.bmp=01;35:*.pbm=01;35:*.pgm=01;35:*.ppm=01;35:*.tga=01;35:*.xbm=01;35:*.xpm=01;35:*.tif=01;35:*.tiff=01;35:*.png=01;35:*.svg=01;35:*.svgz=01;35:*.mng=01;35:*.pcx=01;35:*.mov=01;35:*.mpg=01;35:*.mpeg=01;35:*.m2v=01;35:*.mkv=01;35:*.webm=01;35:*.webp=01;35:*.ogm=01;35:*.mp4=01;35:*.m4v=01;35:*.mp4v=01;35:*.vob=01;35:*.qt=01;35:*.nuv=01;35:*.wmv=01;35:*.asf=01;35:*.rm=01;35:*.rmvb=01;35:*.flc=01;35:*.avi=01;35:*.fli=01;35:*.flv=01;35:*.gl=01;35:*.dl=01;35:*.xcf=01;35:*.xwd=01;35:*.yuv=01;35:*.cgm=01;35:*.emf=01;35:*.ogv=01;35:*.ogx=01;35:*.aac=00;36:*.au=00;36:*.flac=00;36:*.m4a=00;36:*.mid=00;36:*.midi=00;36:*.mka=00;36:*.mp3=00;36:*.mpc=00;36:*.ogg=00;36:*.ra=00;36:*.wav=00;36:*.oga=00;36:*.opus=00;36:*.spx=00;36:*.xspf=00;36:', 'GNOME_TERMINAL_SERVICE': ':1.182', 'SSH_AGENT_LAUNCHER': 'gnome-keyring', 'SSH_AUTH_SOCK': '/run/user/1000/keyring/ssh', 'AMENT_PREFIX_PATH': '/opt/ros/humble', 'SHELL': '/bin/bash', 'LC_NAME': 'it_IT.UTF-8', 'QT_ACCESSIBILITY': '1', 'GDMSESSION': 'ubuntu', 'LESSCLOSE': '/usr/bin/lesspipe %s %s', 'LC_MEASUREMENT': 'it_IT.UTF-8', 'LC_IDENTIFICATION': 'it_IT.UTF-8', 'QT_IM_MODULE': 'ibus', 'PWD': '/home/brairlab/ros2_ws/build/python_parameters', 'XDG_CONFIG_DIRS': '/etc/xdg/xdg-ubuntu:/etc/xdg', 'DBUS_STARTER_ADDRESS': 'unix:path=/run/user/1000/bus,guid=f3f4ffbbb4edfd638e4a4ea5690b77a3', 'XDG_DATA_DIRS': '/usr/share/ubuntu:/usr/local/share/:/usr/share/:/var/lib/snapd/desktop', 'PYTHONPATH': '/home/brairlab/ros2_ws/build/python_parameters/prefix_override:/usr/lib/python3/dist-packages/colcon_core/task/python/colcon_distutils_commands:/home/brairlab/ros2_ws/install/python_parameters/lib/python3.10/site-packages:/opt/ros/humble/lib/python3.10/site-packages:/opt/ros/humble/local/lib/python3.10/dist-packages', 'LC_NUMERIC': 'it_IT.UTF-8', 'LC_PAPER': 'it_IT.UTF-8', 'COLCON': '1', 'VTE_VERSION': '6800'}, 'shell': False}
[15.594352] (-) TimerEvent: {}
[15.698170] (-) TimerEvent: {}
[15.801640] (-) TimerEvent: {}
[15.811212] (tutorial_interfaces) StdoutLine: {'line': b'-- Using all available rosidl_typesupport_cpp: rosidl_typesupport_fastrtps_cpp;rosidl_typesupport_introspection_cpp\n'}
[15.906527] (-) TimerEvent: {}
[16.045344] (-) TimerEvent: {}
[16.152953] (-) TimerEvent: {}
[16.255296] (-) TimerEvent: {}
[16.395177] (python_parameters) StdoutLine: {'line': b'running egg_info\n'}
[16.395645] (-) TimerEvent: {}
[16.405808] (python_parameters) StdoutLine: {'line': b'writing ../../build/python_parameters/python_parameters.egg-info/PKG-INFO\n'}
[16.456262] (python_parameters) StdoutLine: {'line': b'writing dependency_links to ../../build/python_parameters/python_parameters.egg-info/dependency_links.txt\n'}
[16.456499] (python_parameters) StdoutLine: {'line': b'writing entry points to ../../build/python_parameters/python_parameters.egg-info/entry_points.txt\n'}
[16.456589] (python_parameters) StdoutLine: {'line': b'writing requirements to ../../build/python_parameters/python_parameters.egg-info/requires.txt\n'}
[16.457827] (python_parameters) StdoutLine: {'line': b'writing top-level names to ../../build/python_parameters/python_parameters.egg-info/top_level.txt\n'}
[16.527494] (-) TimerEvent: {}
[16.571073] (python_parameters) StdoutLine: {'line': b"reading manifest file '../../build/python_parameters/python_parameters.egg-info/SOURCES.txt'\n"}
[16.592563] (python_parameters) StdoutLine: {'line': b"adding license file 'LICENSE'\n"}
[16.593882] (python_parameters) StdoutLine: {'line': b"writing manifest file '../../build/python_parameters/python_parameters.egg-info/SOURCES.txt'\n"}
[16.649049] (python_parameters) StdoutLine: {'line': b'running build\n'}
[16.649759] (-) TimerEvent: {}
[16.649921] (python_parameters) StdoutLine: {'line': b'running build_py\n'}
[16.650017] (python_parameters) StdoutLine: {'line': b'running install\n'}
[16.650085] (python_parameters) StdoutLine: {'line': b'running install_lib\n'}
[16.724920] (python_parameters) StdoutLine: {'line': b'running install_data\n'}
[16.749062] (python_parameters) StdoutLine: {'line': b'creating /home/brairlab/ros2_ws/install/python_parameters/share/python_parameters/launch\n'}
[16.749269] (python_parameters) StdoutLine: {'line': b'copying launch/param_launch.xml -> /home/brairlab/ros2_ws/install/python_parameters/share/python_parameters/launch\n'}
[16.749357] (python_parameters) StdoutLine: {'line': b'running install_egg_info\n'}
[16.749428] (python_parameters) StdoutLine: {'line': b"removing '/home/brairlab/ros2_ws/install/python_parameters/lib/python3.10/site-packages/python_parameters-0.0.0-py3.10.egg-info' (and everything under it)\n"}
[16.760731] (python_parameters) StdoutLine: {'line': b'Copying ../../build/python_parameters/python_parameters.egg-info to /home/brairlab/ros2_ws/install/python_parameters/lib/python3.10/site-packages/python_parameters-0.0.0-py3.10.egg-info\n'}
[16.761462] (-) TimerEvent: {}
[16.761646] (python_parameters) StdoutLine: {'line': b'running install_scripts\n'}
[16.867192] (-) TimerEvent: {}
[16.977093] (-) TimerEvent: {}
[17.061121] (python_parameters) StdoutLine: {'line': b'Installing minimal_param_node script to /home/brairlab/ros2_ws/install/python_parameters/lib/python_parameters\n'}
[17.061414] (python_parameters) StdoutLine: {'line': b"writing list of installed files to '/home/brairlab/ros2_ws/build/python_parameters/install.log'\n"}
[17.108162] (-) TimerEvent: {}
[17.382168] (-) TimerEvent: {}
[17.400380] (tutorial_interfaces) StdoutLine: {'line': b'-- Found rosidl_default_generators: 1.2.0 (/opt/ros/humble/share/rosidl_default_generators/cmake)\n'}
[17.411646] (python_parameters) CommandEnded: {'returncode': 0}
[17.516338] (-) TimerEvent: {}
[17.547423] (python_parameters) JobEnded: {'identifier': 'python_parameters', 'rc': 0}
[17.616819] (-) TimerEvent: {}
[17.726118] (-) TimerEvent: {}
[17.828596] (-) TimerEvent: {}
[17.858416] (action_tutorials_py) Command: {'cmd': ['/usr/bin/python3', '-W', 'ignore:setup.py install is deprecated', '-W', 'ignore:easy_install command is deprecated', 'setup.py', 'egg_info', '--egg-base', '../../build/action_tutorials_py', 'build', '--build-base', '/home/brairlab/ros2_ws/build/action_tutorials_py/build', 'install', '--record', '/home/brairlab/ros2_ws/build/action_tutorials_py/install.log', '--single-version-externally-managed', 'install_data'], 'cwd': '/home/brairlab/ros2_ws/src/action_tutorials_py', 'env': {'LESSOPEN': '| /usr/bin/lesspipe %s', 'USER': 'brairlab', 'LC_TIME': 'it_IT.UTF-8', 'XDG_SESSION_TYPE': 'wayland', 'SHLVL': '1', 'LD_LIBRARY_PATH': '/home/brairlab/ros2_ws/install/action_tutorials_interfaces/lib:/usr/lib/yarp:/opt/ros/humble/lib/x86_64-linux-gnu:/opt/ros/humble/lib', 'HOME': '/home/brairlab', 'DESKTOP_SESSION': 'ubuntu', 'ROS_PYTHON_VERSION': '3', 'GNOME_SHELL_SESSION_MODE': 'ubuntu', 'GTK_MODULES': 'gail:atk-bridge', 'LC_MONETARY': 'it_IT.UTF-8', 'DBUS_STARTER_BUS_TYPE': 'session', 'SYSTEMD_EXEC_PID': '2458', 'DBUS_SESSION_BUS_ADDRESS': 'unix:path=/run/user/1000/bus,guid=f3f4ffbbb4edfd638e4a4ea5690b77a3', 'COLORTERM': 'truecolor', 'IM_CONFIG_PHASE': '1', 'WAYLAND_DISPLAY': 'wayland-0', 'ROS_DISTRO': 'humble', 'LOGNAME': 'brairlab', '_': '/usr/bin/colcon', 'ROS_VERSION': '2', 'XDG_SESSION_CLASS': 'user', 'USERNAME': 'brairlab', 'TERM': 'xterm-256color', 'GNOME_DESKTOP_SESSION_ID': 'this-is-deprecated', 'ROS_LOCALHOST_ONLY': '0', 'PATH': '/opt/ros/humble/bin:/usr/local/sbin:/usr/local/bin:/usr/sbin:/usr/bin:/sbin:/bin:/usr/games:/usr/local/games:/snap/bin:/snap/bin', 'SESSION_MANAGER': 'local/brairlab-vm:@/tmp/.ICE-unix/2458,unix/brairlab-vm:/tmp/.ICE-unix/2458', 'XDG_MENU_PREFIX': 'gnome-', 'LC_ADDRESS': 'it_IT.UTF-8', 'GNOME_TERMINAL_SCREEN': '/org/gnome/Terminal/screen/2530a811_6489_4d0a_985c_a7f6c8f5c3a1', 'GNOME_SETUP_DISPLAY': ':1', 'XDG_RUNTIME_DIR': '/run/user/1000', 'DISPLAY': ':0', 'LANG': 'en_US.UTF-8', 'XDG_CURRENT_DESKTOP': 'ubuntu:GNOME', 'LC_TELEPHONE': 'it_IT.UTF-8', 'XMODIFIERS': '@im=ibus', 'XDG_SESSION_DESKTOP': 'ubuntu', 'XAUTHORITY': '/run/user/1000/.mutter-Xwaylandauth.23O6E3', 'LS_COLORS': 'rs=0:di=01;34:ln=01;36:mh=00:pi=40;33:so=01;35:do=01;35:bd=40;33;01:cd=40;33;01:or=40;31;01:mi=00:su=37;41:sg=30;43:ca=30;41:tw=30;42:ow=34;42:st=37;44:ex=01;32:*.tar=01;31:*.tgz=01;31:*.arc=01;31:*.arj=01;31:*.taz=01;31:*.lha=01;31:*.lz4=01;31:*.lzh=01;31:*.lzma=01;31:*.tlz=01;31:*.txz=01;31:*.tzo=01;31:*.t7z=01;31:*.zip=01;31:*.z=01;31:*.dz=01;31:*.gz=01;31:*.lrz=01;31:*.lz=01;31:*.lzo=01;31:*.xz=01;31:*.zst=01;31:*.tzst=01;31:*.bz2=01;31:*.bz=01;31:*.tbz=01;31:*.tbz2=01;31:*.tz=01;31:*.deb=01;31:*.rpm=01;31:*.jar=01;31:*.war=01;31:*.ear=01;31:*.sar=01;31:*.rar=01;31:*.alz=01;31:*.ace=01;31:*.zoo=01;31:*.cpio=01;31:*.7z=01;31:*.rz=01;31:*.cab=01;31:*.wim=01;31:*.swm=01;31:*.dwm=01;31:*.esd=01;31:*.jpg=01;35:*.jpeg=01;35:*.mjpg=01;35:*.mjpeg=01;35:*.gif=01;35:*.bmp=01;35:*.pbm=01;35:*.pgm=01;35:*.ppm=01;35:*.tga=01;35:*.xbm=01;35:*.xpm=01;35:*.tif=01;35:*.tiff=01;35:*.png=01;35:*.svg=01;35:*.svgz=01;35:*.mng=01;35:*.pcx=01;35:*.mov=01;35:*.mpg=01;35:*.mpeg=01;35:*.m2v=01;35:*.mkv=01;35:*.webm=01;35:*.webp=01;35:*.ogm=01;35:*.mp4=01;35:*.m4v=01;35:*.mp4v=01;35:*.vob=01;35:*.qt=01;35:*.nuv=01;35:*.wmv=01;35:*.asf=01;35:*.rm=01;35:*.rmvb=01;35:*.flc=01;35:*.avi=01;35:*.fli=01;35:*.flv=01;35:*.gl=01;35:*.dl=01;35:*.xcf=01;35:*.xwd=01;35:*.yuv=01;35:*.cgm=01;35:*.emf=01;35:*.ogv=01;35:*.ogx=01;35:*.aac=00;36:*.au=00;36:*.flac=00;36:*.m4a=00;36:*.mid=00;36:*.midi=00;36:*.mka=00;36:*.mp3=00;36:*.mpc=00;36:*.ogg=00;36:*.ra=00;36:*.wav=00;36:*.oga=00;36:*.opus=00;36:*.spx=00;36:*.xspf=00;36:', 'GNOME_TERMINAL_SERVICE': ':1.182', 'SSH_AGENT_LAUNCHER': 'gnome-keyring', 'SSH_AUTH_SOCK': '/run/user/1000/keyring/ssh', 'AMENT_PREFIX_PATH': '/home/brairlab/ros2_ws/install/action_tutorials_interfaces:/opt/ros/humble', 'SHELL': '/bin/bash', 'LC_NAME': 'it_IT.UTF-8', 'QT_ACCESSIBILITY': '1', 'GDMSESSION': 'ubuntu', 'LESSCLOSE': '/usr/bin/lesspipe %s %s', 'LC_MEASUREMENT': 'it_IT.UTF-8', 'LC_IDENTIFICATION': 'it_IT.UTF-8', 'QT_IM_MODULE': 'ibus', 'PWD': '/home/brairlab/ros2_ws/build/action_tutorials_py', 'XDG_CONFIG_DIRS': '/etc/xdg/xdg-ubuntu:/etc/xdg', 'DBUS_STARTER_ADDRESS': 'unix:path=/run/user/1000/bus,guid=f3f4ffbbb4edfd638e4a4ea5690b77a3', 'XDG_DATA_DIRS': '/usr/share/ubuntu:/usr/local/share/:/usr/share/:/var/lib/snapd/desktop', 'PYTHONPATH': '/home/brairlab/ros2_ws/build/action_tutorials_py/prefix_override:/usr/lib/python3/dist-packages/colcon_core/task/python/colcon_distutils_commands:/home/brairlab/ros2_ws/install/action_tutorials_py/lib/python3.10/site-packages:/home/brairlab/ros2_ws/install/action_tutorials_interfaces/local/lib/python3.10/dist-packages:/opt/ros/humble/lib/python3.10/site-packages:/opt/ros/humble/local/lib/python3.10/dist-packages', 'LC_NUMERIC': 'it_IT.UTF-8', 'LC_PAPER': 'it_IT.UTF-8', 'COLCON': '1', 'VTE_VERSION': '6800', 'CMAKE_PREFIX_PATH': '/home/brairlab/ros2_ws/install/action_tutorials_interfaces'}, 'shell': False}
[18.026830] (-) TimerEvent: {}
[18.319173] (-) TimerEvent: {}
[18.334324] (action_tutorials_py) StdoutLine: {'line': b'running egg_info\n'}
[18.358946] (action_tutorials_py) StdoutLine: {'line': b'creating ../../build/action_tutorials_py/action_tutorials_py.egg-info\n'}
[18.359853] (action_tutorials_py) StdoutLine: {'line': b'writing ../../build/action_tutorials_py/action_tutorials_py.egg-info/PKG-INFO\n'}
[18.360909] (action_tutorials_py) StdoutLine: {'line': b'writing dependency_links to ../../build/action_tutorials_py/action_tutorials_py.egg-info/dependency_links.txt\n'}
[18.361821] (action_tutorials_py) StdoutLine: {'line': b'writing entry points to ../../build/action_tutorials_py/action_tutorials_py.egg-info/entry_points.txt\n'}
[18.362313] (action_tutorials_py) StdoutLine: {'line': b'writing requirements to ../../build/action_tutorials_py/action_tutorials_py.egg-info/requires.txt\n'}
[18.362631] (action_tutorials_py) StdoutLine: {'line': b'writing top-level names to ../../build/action_tutorials_py/action_tutorials_py.egg-info/top_level.txt\n'}
[18.363121] (action_tutorials_py) StdoutLine: {'line': b"writing manifest file '../../build/action_tutorials_py/action_tutorials_py.egg-info/SOURCES.txt'\n"}
[18.403553] (action_tutorials_py) StdoutLine: {'line': b"reading manifest file '../../build/action_tutorials_py/action_tutorials_py.egg-info/SOURCES.txt'\n"}
[18.405463] (action_tutorials_py) StdoutLine: {'line': b"writing manifest file '../../build/action_tutorials_py/action_tutorials_py.egg-info/SOURCES.txt'\n"}
[18.406031] (action_tutorials_py) StdoutLine: {'line': b'running build\n'}
[18.407546] (action_tutorials_py) StdoutLine: {'line': b'running build_py\n'}
[18.407702] (action_tutorials_py) StdoutLine: {'line': b'creating /home/brairlab/ros2_ws/build/action_tutorials_py/build\n'}
[18.407788] (action_tutorials_py) StdoutLine: {'line': b'creating /home/brairlab/ros2_ws/build/action_tutorials_py/build/lib\n'}
[18.407856] (action_tutorials_py) StdoutLine: {'line': b'creating /home/brairlab/ros2_ws/build/action_tutorials_py/build/lib/action_tutorials_py\n'}
[18.407921] (action_tutorials_py) StdoutLine: {'line': b'copying action_tutorials_py/fibonacci_action_server.py -> /home/brairlab/ros2_ws/build/action_tutorials_py/build/lib/action_tutorials_py\n'}
[18.408861] (action_tutorials_py) StdoutLine: {'line': b'copying action_tutorials_py/fibonacci_action_client.py -> /home/brairlab/ros2_ws/build/action_tutorials_py/build/lib/action_tutorials_py\n'}
[18.412214] (action_tutorials_py) StdoutLine: {'line': b'copying action_tutorials_py/__init__.py -> /home/brairlab/ros2_ws/build/action_tutorials_py/build/lib/action_tutorials_py\n'}
[18.414043] (action_tutorials_py) StdoutLine: {'line': b'running install\n'}
[18.414884] (action_tutorials_py) StdoutLine: {'line': b'running install_lib\n'}
[18.418321] (action_tutorials_py) StdoutLine: {'line': b'creating /home/brairlab/ros2_ws/install/action_tutorials_py/lib/python3.10/site-packages/action_tutorials_py\n'}
[18.418945] (action_tutorials_py) StdoutLine: {'line': b'copying /home/brairlab/ros2_ws/build/action_tutorials_py/build/lib/action_tutorials_py/fibonacci_action_server.py -> /home/brairlab/ros2_ws/install/action_tutorials_py/lib/python3.10/site-packages/action_tutorials_py\n'}
[18.419244] (-) TimerEvent: {}
[18.421786] (action_tutorials_py) StdoutLine: {'line': b'copying /home/brairlab/ros2_ws/build/action_tutorials_py/build/lib/action_tutorials_py/fibonacci_action_client.py -> /home/brairlab/ros2_ws/install/action_tutorials_py/lib/python3.10/site-packages/action_tutorials_py\n'}
[18.421945] (action_tutorials_py) StdoutLine: {'line': b'copying /home/brairlab/ros2_ws/build/action_tutorials_py/build/lib/action_tutorials_py/__init__.py -> /home/brairlab/ros2_ws/install/action_tutorials_py/lib/python3.10/site-packages/action_tutorials_py\n'}
[18.422063] (action_tutorials_py) StdoutLine: {'line': b'byte-compiling /home/brairlab/ros2_ws/install/action_tutorials_py/lib/python3.10/site-packages/action_tutorials_py/fibonacci_action_server.py to fibonacci_action_server.cpython-310.pyc\n'}
[18.430333] (action_tutorials_py) StdoutLine: {'line': b'byte-compiling /home/brairlab/ros2_ws/install/action_tutorials_py/lib/python3.10/site-packages/action_tutorials_py/fibonacci_action_client.py to fibonacci_action_client.cpython-310.pyc\n'}
[18.437256] (action_tutorials_py) StdoutLine: {'line': b'byte-compiling /home/brairlab/ros2_ws/install/action_tutorials_py/lib/python3.10/site-packages/action_tutorials_py/__init__.py to __init__.cpython-310.pyc\n'}
[18.438353] (action_tutorials_py) StdoutLine: {'line': b'running install_data\n'}
[18.438932] (action_tutorials_py) StdoutLine: {'line': b'creating /home/brairlab/ros2_ws/install/action_tutorials_py/share/ament_index\n'}
[18.439058] (action_tutorials_py) StdoutLine: {'line': b'creating /home/brairlab/ros2_ws/install/action_tutorials_py/share/ament_index/resource_index\n'}
[18.439304] (action_tutorials_py) StdoutLine: {'line': b'creating /home/brairlab/ros2_ws/install/action_tutorials_py/share/ament_index/resource_index/packages\n'}
[18.439433] (action_tutorials_py) StdoutLine: {'line': b'copying resource/action_tutorials_py -> /home/brairlab/ros2_ws/install/action_tutorials_py/share/ament_index/resource_index/packages\n'}
[18.439714] (action_tutorials_py) StdoutLine: {'line': b'copying package.xml -> /home/brairlab/ros2_ws/install/action_tutorials_py/share/action_tutorials_py\n'}
[18.444546] (action_tutorials_py) StdoutLine: {'line': b'running install_egg_info\n'}
[18.472389] (action_tutorials_py) StdoutLine: {'line': b'Copying ../../build/action_tutorials_py/action_tutorials_py.egg-info to /home/brairlab/ros2_ws/install/action_tutorials_py/lib/python3.10/site-packages/action_tutorials_py-0.0.0-py3.10.egg-info\n'}
[18.509932] (action_tutorials_py) StdoutLine: {'line': b'running install_scripts\n'}
[18.525639] (-) TimerEvent: {}
[18.635461] (-) TimerEvent: {}
[18.642039] (action_tutorials_py) StdoutLine: {'line': b'Installing fibonacci_action_client script to /home/brairlab/ros2_ws/install/action_tutorials_py/lib/action_tutorials_py\n'}
[18.642231] (action_tutorials_py) StdoutLine: {'line': b'Installing fibonacci_action_server script to /home/brairlab/ros2_ws/install/action_tutorials_py/lib/action_tutorials_py\n'}
[18.642300] (action_tutorials_py) StdoutLine: {'line': b"writing list of installed files to '/home/brairlab/ros2_ws/build/action_tutorials_py/install.log'\n"}
[18.741413] (-) TimerEvent: {}
[18.836012] (action_tutorials_py) CommandEnded: {'returncode': 0}
[18.919077] (-) TimerEvent: {}
[19.091783] (-) TimerEvent: {}
[19.103484] (action_tutorials_py) JobEnded: {'identifier': 'action_tutorials_py', 'rc': 0}
[19.204189] (-) TimerEvent: {}
[19.320289] (-) TimerEvent: {}
[19.431137] (-) TimerEvent: {}
[19.547143] (-) TimerEvent: {}
[19.654555] (-) TimerEvent: {}
[19.796927] (-) TimerEvent: {}
[19.922784] (-) TimerEvent: {}
[19.987360] (tutorial_interfaces) StderrLine: {'line': b'\x1b[31mCMake Error at /opt/ros/humble/share/rosidl_adapter/cmake/rosidl_adapt_interfaces.cmake:59 (message):\n'}
[19.989061] (tutorial_interfaces) StderrLine: {'line': b'  execute_process(/usr/bin/python3 -m rosidl_adapter --package-name\n'}
[19.989190] (tutorial_interfaces) StderrLine: {'line': b'  tutorial_interfaces --arguments-file\n'}
[19.989254] (tutorial_interfaces) StderrLine: {'line': b'  /home/brairlab/ros2_ws/build/tutorial_interfaces/rosidl_adapter__arguments__tutorial_interfaces.json\n'}
[19.989311] (tutorial_interfaces) StderrLine: {'line': b'  --output-dir\n'}
[19.989367] (tutorial_interfaces) StderrLine: {'line': b'  /home/brairlab/ros2_ws/build/tutorial_interfaces/rosidl_adapter/tutorial_interfaces\n'}
[19.989427] (tutorial_interfaces) StderrLine: {'line': b'  --output-file\n'}
[19.989483] (tutorial_interfaces) StderrLine: {'line': b'  /home/brairlab/ros2_ws/build/tutorial_interfaces/rosidl_adapter/tutorial_interfaces.idls)\n'}
[19.989533] (tutorial_interfaces) StderrLine: {'line': b'  returned error code 1:\n'}
[19.989582] (tutorial_interfaces) StderrLine: {'line': b'\n'}
[19.989632] (tutorial_interfaces) StderrLine: {'line': b"  Error processing 'geometry_msgs/point center' of\n"}
[19.989680] (tutorial_interfaces) StderrLine: {'line': b"  'tutorial_interfaces/Sphere': ''point' is an invalid message name.  It\n"}
[19.989727] (tutorial_interfaces) StderrLine: {'line': b"  should have the pattern '^[A-Z][A-Za-z0-9]*$''\n"}
[19.989773] (tutorial_interfaces) StderrLine: {'line': b'\n'}
[19.989864] (tutorial_interfaces) StderrLine: {'line': b'  Traceback (most recent call last):\n'}
[19.989923] (tutorial_interfaces) StderrLine: {'line': b'\n'}
[19.989977] (tutorial_interfaces) StderrLine: {'line': b'    File "/usr/lib/python3.10/runpy.py", line 196, in _run_module_as_main\n'}
[19.990283] (tutorial_interfaces) StderrLine: {'line': b'      return _run_code(code, main_globals, None,\n'}
[19.990338] (tutorial_interfaces) StderrLine: {'line': b'    File "/usr/lib/python3.10/runpy.py", line 86, in _run_code\n'}
[19.990389] (tutorial_interfaces) StderrLine: {'line': b'      exec(code, run_globals)\n'}
[19.990451] (tutorial_interfaces) StderrLine: {'line': b'    File "/opt/ros/humble/local/lib/python3.10/dist-packages/rosidl_adapter/__main__.py", line 19, in <module>\n'}
[19.990511] (tutorial_interfaces) StderrLine: {'line': b'      sys.exit(main())\n'}
[19.990573] (tutorial_interfaces) StderrLine: {'line': b'    File "/opt/ros/humble/local/lib/python3.10/dist-packages/rosidl_adapter/main.py", line 53, in main\n'}
[19.990653] (tutorial_interfaces) StderrLine: {'line': b'      abs_idl_file = convert_to_idl(\n'}
[19.990718] (tutorial_interfaces) StderrLine: {'line': b'    File "/opt/ros/humble/local/lib/python3.10/dist-packages/rosidl_adapter/__init__.py", line 19, in convert_to_idl\n'}
[19.990786] (tutorial_interfaces) StderrLine: {'line': b'      return convert_msg_to_idl(\n'}
[19.990858] (tutorial_interfaces) StderrLine: {'line': b'    File "/opt/ros/humble/local/lib/python3.10/dist-packages/rosidl_adapter/msg/__init__.py", line 28, in convert_msg_to_idl\n'}
[19.990933] (tutorial_interfaces) StderrLine: {'line': b'      msg = parse_message_string(package_name, input_file.stem, content)\n'}
[19.991000] (tutorial_interfaces) StderrLine: {'line': b'    File "/opt/ros/humble/local/lib/python3.10/dist-packages/rosidl_adapter/parser.py", line 520, in parse_message_string\n'}
[19.991058] (tutorial_interfaces) StderrLine: {'line': b'      Type(type_string, context_package_name=pkg_name),\n'}
[19.991113] (tutorial_interfaces) StderrLine: {'line': b'    File "/opt/ros/humble/local/lib/python3.10/dist-packages/rosidl_adapter/parser.py", line 277, in __init__\n'}
[19.991166] (tutorial_interfaces) StderrLine: {'line': b'      super(Type, self).__init__(\n'}
[19.991217] (tutorial_interfaces) StderrLine: {'line': b'    File "/opt/ros/humble/local/lib/python3.10/dist-packages/rosidl_adapter/parser.py", line 205, in __init__\n'}
[19.996510] (tutorial_interfaces) StderrLine: {'line': b'      raise InvalidResourceName(\n'}
[19.996623] (tutorial_interfaces) StderrLine: {'line': b'\n'}
[19.996687] (tutorial_interfaces) StderrLine: {'line': b"  rosidl_adapter.parser.InvalidResourceName: 'point' is an invalid message\n"}
[19.996746] (tutorial_interfaces) StderrLine: {'line': b"  name.  It should have the pattern '^[A-Z][A-Za-z0-9]*$'\n"}
[19.996802] (tutorial_interfaces) StderrLine: {'line': b'\n'}
[19.996854] (tutorial_interfaces) StderrLine: {'line': b'Call Stack (most recent call first):\n'}
[19.996907] (tutorial_interfaces) StderrLine: {'line': b'  /opt/ros/humble/share/rosidl_cmake/cmake/rosidl_generate_interfaces.cmake:130 (rosidl_adapt_interfaces)\n'}
[19.996963] (tutorial_interfaces) StderrLine: {'line': b'  CMakeLists.txt:10 (rosidl_generate_interfaces)\n'}
[19.997017] (tutorial_interfaces) StderrLine: {'line': b'\n'}
[19.997063] (tutorial_interfaces) StderrLine: {'line': b'\x1b[0m\n'}
[19.997110] (tutorial_interfaces) StdoutLine: {'line': b'-- Configuring incomplete, errors occurred!\n'}
[19.997170] (tutorial_interfaces) StdoutLine: {'line': b'See also "/home/brairlab/ros2_ws/build/tutorial_interfaces/CMakeFiles/CMakeOutput.log".\n'}
[20.023013] (-) TimerEvent: {}
[20.034157] (tutorial_interfaces) CommandEnded: {'returncode': 1}
[20.124464] (-) TimerEvent: {}
[20.257356] (-) TimerEvent: {}
[20.338240] (tutorial_interfaces) JobEnded: {'identifier': 'tutorial_interfaces', 'rc': 1}
[20.353679] (-) EventReactorShutdown: {}
