19845324.000000,1,0.000,0.000,0.000,0.000,0.000,0.000000
19845457.000000,1,15.000,14.000,13.000,13.000,11.000,66.000000
19845595.000000,1,14.000,14.000,12.000,15.000,12.000,67.000000
19845736.000000,1,14.000,15.000,11.000,14.000,12.000,66.000000
19845875.000000,1,15.000,14.000,12.000,14.000,13.000,68.000000
19846009.000000,1,14.000,14.000,12.000,15.000,12.000,67.000000
19846143.000000,1,14.000,14.000,12.000,14.000,13.000,67.000000
19846282.000000,1,15.000,15.000,11.000,14.000,9.000,64.000000
19846416.000000,1,14.000,14.000,12.000,11.000,11.000,62.000000
19846552.000000,1,14.000,14.000,12.000,13.000,10.000,63.000000
19846688.000000,1,14.000,15.000,12.000,12.000,10.000,63.000000
19846832.000000,1,15.000,14.000,12.000,12.000,10.000,63.000000
19846966.000000,1,14.000,14.000,12.000,11.000,10.000,61.000000
19847101.000000,1,14.000,14.000,11.000,12.000,10.000,61.000000
19847246.000000,1,15.000,15.000,12.000,12.000,10.000,64.000000
19847386.000000,1,14.000,14.000,13.000,12.000,10.000,63.000000
19847523.000000,1,14.000,14.000,12.000,12.000,10.000,62.000000
19847663.000000,1,14.000,15.000,12.000,12.000,10.000,63.000000
19847804.000000,1,15.000,14.000,12.000,12.000,10.000,63.000000
19847943.000000,1,14.000,14.000,12.000,14.000,10.000,64.000000
19848083.000000,1,14.000,14.000,12.000,14.000,11.000,65.000000
19848221.000000,1,15.000,15.000,11.000,15.000,13.000,69.000000
19848353.000000,1,14.000,14.000,14.000,14.000,12.000,68.000000
19848489.000000,1,14.000,14.000,14.000,14.000,13.000,69.000000
19848622.000000,1,14.000,15.000,15.000,14.000,11.000,69.000000
19848765.000000,1,15.000,14.000,14.000,15.000,13.000,71.000000
19848910.000000,1,14.000,14.000,14.000,14.000,12.000,68.000000
19849053.000000,1,14.000,14.000,14.000,14.000,12.000,68.000000
19849198.000000,1,14.000,15.000,15.000,15.000,12.000,71.000000
19849341.000000,1,15.000,14.000,14.000,14.000,13.000,70.000000
19849480.000000,1,14.000,14.000,14.000,14.000,12.000,68.000000
19849617.000000,1,14.000,15.000,15.000,14.000,12.000,70.000000
19849757.000000,1,15.000,14.000,14.000,15.000,12.000,70.000000
19849898.000000,1,14.000,14.000,14.000,14.000,12.000,68.000000
19850044.000000,1,14.000,14.000,14.000,14.000,12.000,68.000000
19850180.000000,1,14.000,14.000,15.000,15.000,11.000,69.000000
19850321.000000,1,14.000,14.000,14.000,14.000,12.000,68.000000
19850460.000000,1,15.000,14.000,14.000,14.000,12.000,69.000000
19850596.000000,1,14.000,14.000,15.000,14.000,11.000,68.000000
19850745.000000,1,14.000,15.000,14.000,15.000,12.000,70.000000
19850881.000000,1,15.000,14.000,14.000,14.000,12.000,69.000000
19851031.000000,1,14.000,14.000,14.000,14.000,12.000,68.000000
19851173.000000,1,14.000,14.000,15.000,15.000,12.000,70.000000
19851317.000000,1,14.000,15.000,14.000,14.000,11.000,68.000000
19851451.000000,1,15.000,14.000,14.000,14.000,12.000,69.000000
19851591.000000,1,14.000,14.000,15.000,14.000,12.000,69.000000
19851733.000000,1,14.000,15.000,14.000,15.000,12.000,70.000000
19851868.000000,1,15.000,14.000,14.000,14.000,12.000,69.000000
19852015.000000,1,14.000,14.000,14.000,14.000,11.000,67.000000
19852157.000000,1,14.000,14.000,15.000,15.000,11.000,69.000000
19852302.000000,1,14.000,15.000,14.000,14.000,12.000,69.000000
19852442.000000,1,15.000,14.000,14.000,14.000,11.000,68.000000
19852583.000000,1,14.000,14.000,15.000,14.000,13.000,70.000000
19852724.000000,1,14.000,15.000,14.000,15.000,12.000,70.000000
19852860.000000,1,15.000,14.000,14.000,14.000,12.000,69.000000
19852998.000000,1,14.000,14.000,14.000,14.000,11.000,67.000000
19853141.000000,1,14.000,14.000,15.000,15.000,12.000,70.000000
19853282.000000,1,14.000,15.000,12.000,14.000,12.000,67.000000
19853424.000000,1,15.000,14.000,12.000,14.000,12.000,67.000000
19853563.000000,1,14.000,14.000,12.000,14.000,11.000,65.000000
19853697.000000,1,14.000,15.000,12.000,15.000,12.000,68.000000
19853847.000000,1,15.000,14.000,12.000,14.000,12.000,67.000000
19853988.000000,1,14.000,14.000,12.000,14.000,13.000,67.000000
19854129.000000,1,14.000,14.000,12.000,15.000,12.000,67.000000
19854264.000000,1,14.000,15.000,12.000,14.000,12.000,67.000000
19854406.000000,1,15.000,14.000,12.000,14.000,13.000,68.000000
19854547.000000,1,14.000,14.000,13.000,14.000,12.000,67.000000
19854680.000000,1,14.000,15.000,15.000,15.000,12.000,71.000000
19854824.000000,1,15.000,14.000,14.000,14.000,13.000,70.000000
19854960.000000,1,14.000,14.000,14.000,14.000,10.000,66.000000
19855096.000000,1,14.000,14.000,15.000,15.000,11.000,69.000000
19855239.000000,1,14.000,15.000,14.000,14.000,11.000,68.000000
19855377.000000,1,15.000,14.000,14.000,14.000,12.000,69.000000
19855519.000000,1,14.000,14.000,14.000,14.000,12.000,68.000000
19855657.000000,1,14.000,15.000,15.000,15.000,13.000,72.000000
19855794.000000,1,15.000,14.000,14.000,14.000,12.000,69.000000
19855935.000000,1,14.000,14.000,14.000,14.000,13.000,69.000000
19856081.000000,1,14.000,14.000,15.000,15.000,12.000,70.000000
19856229.000000,1,14.000,15.000,14.000,14.000,13.000,70.000000
19856366.000000,1,15.000,15.000,14.000,14.000,11.000,69.000000
19856510.000000,1,14.000,14.000,14.000,14.000,12.000,68.000000
19856650.000000,1,14.000,16.000,15.000,15.000,11.000,71.000000
19856791.000000,1,15.000,17.000,14.000,14.000,10.000,70.000000
19856929.000000,1,14.000,16.000,14.000,14.000,11.000,69.000000
19857071.000000,1,17.000,14.000,15.000,15.000,10.000,71.000000
19857210.000000,1,17.000,15.000,14.000,14.000,11.000,71.000000
19857345.000000,1,16.000,14.000,14.000,14.000,10.000,68.000000
19857487.000000,1,17.000,14.000,14.000,14.000,10.000,69.000000
19857623.000000,1,17.000,14.000,15.000,15.000,11.000,72.000000
19857767.000000,1,16.000,15.000,14.000,14.000,11.000,70.000000
19857910.000000,1,17.000,14.000,14.000,14.000,11.000,70.000000
19858052.000000,1,17.000,14.000,15.000,15.000,10.000,71.000000
19858197.000000,1,16.000,15.000,14.000,14.000,11.000,70.000000
19858327.000000,1,17.000,14.000,14.000,14.000,10.000,69.000000
19858466.000000,1,17.000,14.000,14.000,14.000,11.000,70.000000
19858598.000000,1,16.000,14.000,15.000,15.000,10.000,70.000000
19858735.000000,1,17.000,15.000,14.000,14.000,10.000,70.000000
19858874.000000,1,17.000,14.000,14.000,14.000,11.000,70.000000
19859008.000000,1,16.000,14.000,15.000,15.000,10.000,70.000000
19859139.000000,1,17.000,15.000,14.000,14.000,11.000,71.000000
19859279.000000,1,17.000,14.000,14.000,14.000,10.000,69.000000
19859413.000000,1,16.000,14.000,14.000,14.000,11.000,69.000000
19859554.000000,1,17.000,14.000,15.000,15.000,10.000,71.000000
19859691.000000,1,17.000,15.000,14.000,14.000,10.000,70.000000
19859834.000000,1,16.000,14.000,14.000,14.000,11.000,69.000000
19859975.000000,1,17.000,14.000,15.000,15.000,11.000,72.000000
19860109.000000,1,16.000,15.000,14.000,14.000,10.000,69.000000
19860245.000000,1,14.000,14.000,14.000,14.000,10.000,66.000000
19860385.000000,1,14.000,14.000,14.000,14.000,10.000,66.000000
19860523.000000,1,16.000,14.000,15.000,15.000,10.000,70.000000
19860661.000000,1,17.000,15.000,14.000,14.000,9.000,69.000000
19860804.000000,1,16.000,14.000,14.000,14.000,11.000,69.000000
19860941.000000,1,17.000,14.000,15.000,15.000,9.000,70.000000
19861080.000000,1,17.000,15.000,14.000,14.000,10.000,70.000000
19861218.000000,1,16.000,14.000,14.000,14.000,10.000,68.000000
19861355.000000,1,17.000,14.000,14.000,14.000,10.000,69.000000
19861498.000000,1,17.000,14.000,15.000,15.000,11.000,72.000000
19861635.000000,1,16.000,15.000,14.000,14.000,10.000,69.000000
19861771.000000,1,17.000,14.000,14.000,14.000,10.000,69.000000
19861909.000000,1,17.000,14.000,15.000,15.000,10.000,71.000000
19862054.000000,1,16.000,15.000,14.000,14.000,10.000,69.000000
19862191.000000,1,17.000,14.000,14.000,14.000,11.000,70.000000
19862337.000000,1,17.000,14.000,14.000,14.000,10.000,69.000000
19862480.000000,1,16.000,14.000,15.000,15.000,11.000,71.000000
19862627.000000,1,16.000,15.000,14.000,14.000,11.000,70.000000
19862773.000000,1,14.000,14.000,14.000,14.000,13.000,69.000000
19862916.000000,1,14.000,14.000,15.000,15.000,12.000,70.000000
19863057.000000,1,14.000,15.000,14.000,14.000,13.000,70.000000
19863199.000000,1,15.000,14.000,14.000,14.000,12.000,69.000000
19863336.000000,1,14.000,14.000,14.000,14.000,12.000,68.000000
19863479.000000,1,14.000,14.000,15.000,15.000,11.000,69.000000
19863623.000000,1,15.000,15.000,14.000,14.000,11.000,69.000000
19863758.000000,1,14.000,14.000,14.000,14.000,13.000,69.000000
19863891.000000,1,14.000,14.000,15.000,15.000,11.000,69.000000
19864028.000000,1,14.000,15.000,14.000,14.000,10.000,67.000000
19864168.000000,1,15.000,14.000,14.000,14.000,11.000,68.000000
19864312.000000,1,14.000,14.000,14.000,14.000,11.000,67.000000
19864450.000000,1,14.000,14.000,15.000,14.000,11.000,68.000000
19864587.000000,1,15.000,15.000,14.000,14.000,11.000,69.000000
19864728.000000,1,14.000,14.000,14.000,14.000,10.000,66.000000
19864867.000000,1,14.000,14.000,14.000,15.000,11.000,68.000000
19865009.000000,1,14.000,15.000,15.000,14.000,10.000,68.000000
19865144.000000,1,17.000,14.000,14.000,17.000,11.000,73.000000
19865281.000000,1,17.000,14.000,14.000,16.000,12.000,73.000000
19865421.000000,1,16.000,14.000,15.000,14.000,13.000,72.000000
19865563.000000,1,17.000,15.000,14.000,14.000,10.000,70.000000
19865705.000000,1,14.000,14.000,14.000,15.000,11.000,68.000000
19865848.000000,1,15.000,14.000,15.000,14.000,10.000,68.000000
19865982.000000,1,14.000,15.000,14.000,14.000,11.000,68.000000
19866128.000000,1,14.000,14.000,14.000,15.000,10.000,67.000000
19866270.000000,1,15.000,14.000,14.000,14.000,10.000,67.000000
19866412.000000,1,14.000,14.000,15.000,14.000,10.000,67.000000
19866547.000000,1,14.000,15.000,14.000,14.000,11.000,68.000000
19866686.000000,1,14.000,14.000,14.000,15.000,10.000,67.000000
19866830.000000,1,15.000,14.000,15.000,14.000,12.000,70.000000
19866965.000000,1,14.000,15.000,14.000,14.000,13.000,70.000000
19867099.000000,1,14.000,14.000,14.000,15.000,12.000,69.000000
19867238.000000,1,15.000,14.000,14.000,14.000,13.000,70.000000
19867373.000000,1,14.000,14.000,15.000,14.000,12.000,69.000000
19867513.000000,1,14.000,15.000,14.000,14.000,13.000,70.000000
19867656.000000,1,14.000,14.000,14.000,15.000,12.000,69.000000
19867802.000000,1,15.000,14.000,15.000,14.000,13.000,71.000000
19867941.000000,1,14.000,15.000,14.000,14.000,12.000,69.000000
19868081.000000,1,14.000,14.000,14.000,15.000,13.000,70.000000
19868220.000000,1,15.000,14.000,14.000,14.000,12.000,69.000000
19868361.000000,1,14.000,14.000,15.000,14.000,13.000,70.000000
19868497.000000,1,14.000,15.000,14.000,14.000,12.000,69.000000
19868638.000000,1,14.000,14.000,14.000,15.000,13.000,70.000000
19868777.000000,1,14.000,14.000,14.000,14.000,12.000,68.000000
19868913.000000,1,15.000,14.000,11.000,14.000,13.000,67.000000
19869049.000000,1,14.000,15.000,13.000,15.000,12.000,69.000000
19869181.000000,1,14.000,14.000,12.000,14.000,13.000,67.000000
19869320.000000,1,14.000,14.000,12.000,14.000,12.000,66.000000
19869458.000000,1,13.000,14.000,12.000,14.000,13.000,66.000000
19869601.000000,1,15.000,14.000,12.000,15.000,12.000,68.000000
19869737.000000,1,14.000,14.000,12.000,14.000,13.000,67.000000
19869880.000000,1,14.000,15.000,12.000,14.000,12.000,67.000000
19870026.000000,1,15.000,14.000,14.000,15.000,13.000,71.000000
19870168.000000,1,14.000,14.000,14.000,14.000,12.000,68.000000
19870307.000000,1,14.000,15.000,14.000,14.000,13.000,70.000000
19870447.000000,1,14.000,14.000,15.000,14.000,12.000,69.000000
19870589.000000,1,15.000,14.000,14.000,15.000,13.000,71.000000
19870732.000000,1,14.000,14.000,14.000,14.000,11.000,67.000000
19870874.000000,1,14.000,15.000,15.000,14.000,11.000,69.000000
19871015.000000,1,15.000,14.000,14.000,15.000,10.000,68.000000
19871154.000000,1,14.000,14.000,14.000,14.000,10.000,66.000000
19871289.000000,1,14.000,15.000,14.000,14.000,11.000,68.000000
19871428.000000,1,14.000,14.000,15.000,14.000,10.000,67.000000
19871571.000000,1,16.000,14.000,14.000,15.000,10.000,69.000000
19871709.000000,1,16.000,14.000,14.000,14.000,10.000,68.000000
19871849.000000,1,17.000,15.000,15.000,14.000,10.000,71.000000
19871989.000000,1,17.000,14.000,14.000,15.000,11.000,71.000000
19872130.000000,1,16.000,14.000,14.000,14.000,10.000,68.000000
19872271.000000,1,17.000,15.000,14.000,14.000,10.000,70.000000
19872406.000000,1,17.000,14.000,15.000,14.000,10.000,70.000000
19872544.000000,1,16.000,14.000,14.000,15.000,10.000,69.000000
19872682.000000,1,17.000,14.000,14.000,14.000,10.000,69.000000
19872827.000000,1,17.000,15.000,15.000,14.000,10.000,71.000000
19872970.000000,1,16.000,14.000,14.000,15.000,11.000,70.000000
19873113.000000,1,17.000,14.000,14.000,14.000,10.000,69.000000
19873251.000000,1,17.000,15.000,14.000,14.000,10.000,70.000000
19873396.000000,1,16.000,14.000,15.000,14.000,10.000,69.000000
19873539.000000,1,17.000,14.000,14.000,15.000,10.000,70.000000
19873680.000000,1,17.000,14.000,14.000,14.000,11.000,70.000000
19873819.000000,1,16.000,15.000,15.000,14.000,10.000,70.000000
19873961.000000,1,17.000,14.000,14.000,15.000,11.000,71.000000
19874104.000000,1,13.000,14.000,14.000,14.000,11.000,66.000000
19874241.000000,1,14.000,14.000,12.000,14.000,10.000,64.000000
19874387.000000,1,14.000,14.000,12.000,14.000,11.000,65.000000
19874527.000000,1,12.000,14.000,11.000,15.000,13.000,65.000000
19874667.000000,1,13.000,14.000,12.000,14.000,11.000,64.000000
19874806.000000,1,12.000,15.000,12.000,14.000,11.000,64.000000
19874942.000000,1,13.000,14.000,12.000,15.000,13.000,67.000000
19875087.000000,1,14.000,14.000,12.000,14.000,11.000,65.000000
19875223.000000,1,14.000,14.000,12.000,14.000,12.000,66.000000
19875356.000000,1,15.000,15.000,12.000,14.000,12.000,68.000000
19875496.000000,1,14.000,14.000,12.000,15.000,11.000,66.000000
19875635.000000,1,14.000,14.000,12.000,14.000,13.000,67.000000
19875772.000000,1,15.000,15.000,12.000,14.000,11.000,67.000000
19875906.000000,1,14.000,14.000,12.000,15.000,11.000,66.000000
19876049.000000,1,14.000,14.000,12.000,14.000,9.000,63.000000
19876189.000000,1,14.000,14.000,13.000,14.000,11.000,66.000000
19876326.000000,1,15.000,15.000,15.000,14.000,10.000,69.000000
19876464.000000,1,14.000,14.000,14.000,15.000,10.000,67.000000
19876603.000000,1,14.000,14.000,14.000,14.000,9.000,65.000000
19876741.000000,1,15.000,15.000,15.000,14.000,10.000,69.000000
19876877.000000,1,14.000,14.000,14.000,15.000,11.000,68.000000
19877020.000000,1,14.000,14.000,14.000,14.000,9.000,65.000000
19877158.000000,1,14.000,14.000,14.000,14.000,11.000,67.000000
19877291.000000,1,15.000,15.000,15.000,14.000,10.000,69.000000
19877429.000000,1,14.000,14.000,14.000,15.000,11.000,68.000000
19877567.000000,1,14.000,14.000,14.000,14.000,10.000,66.000000
19877705.000000,1,15.000,15.000,15.000,14.000,10.000,69.000000
19877845.000000,1,14.000,14.000,14.000,15.000,11.000,68.000000
19877985.000000,1,14.000,14.000,14.000,14.000,11.000,67.000000
19878124.000000,1,14.000,14.000,14.000,14.000,10.000,66.000000
19878266.000000,1,15.000,15.000,15.000,14.000,11.000,70.000000
19878398.000000,1,14.000,14.000,14.000,15.000,10.000,67.000000
19878537.000000,1,14.000,14.000,14.000,14.000,11.000,67.000000
19878675.000000,1,15.000,15.000,15.000,14.000,10.000,69.000000
19878812.000000,1,14.000,14.000,14.000,15.000,11.000,68.000000
19878954.000000,1,14.000,14.000,14.000,14.000,11.000,67.000000
19879098.000000,1,14.000,14.000,14.000,14.000,11.000,67.000000
19879237.000000,1,15.000,15.000,15.000,14.000,10.000,69.000000
19879377.000000,1,14.000,14.000,12.000,15.000,11.000,66.000000
19879519.000000,1,14.000,14.000,12.000,14.000,11.000,65.000000
19879667.000000,1,15.000,15.000,12.000,14.000,11.000,67.000000
19879806.000000,1,14.000,14.000,12.000,15.000,13.000,68.000000
19879943.000000,1,14.000,14.000,12.000,14.000,12.000,66.000000
19880080.000000,1,14.000,14.000,12.000,14.000,13.000,67.000000
19880220.000000,1,15.000,15.000,12.000,14.000,12.000,68.000000
19880365.000000,1,14.000,14.000,12.000,15.000,13.000,68.000000
19880509.000000,1,14.000,14.000,12.000,14.000,12.000,66.000000
19880650.000000,1,14.000,13.000,12.000,14.000,13.000,66.000000
19880789.000000,1,15.000,15.000,12.000,15.000,12.000,69.000000
19880921.000000,1,14.000,14.000,12.000,14.000,12.000,66.000000
19881060.000000,1,14.000,14.000,14.000,14.000,11.000,67.000000
19881207.000000,1,15.000,15.000,14.000,14.000,12.000,70.000000
19881354.000000,1,17.000,14.000,15.000,15.000,12.000,73.000000
19881492.000000,1,16.000,14.000,14.000,14.000,11.000,69.000000
19881630.000000,1,17.000,14.000,14.000,14.000,10.000,69.000000
19881772.000000,1,16.000,15.000,15.000,15.000,11.000,72.000000
19881909.000000,1,15.000,16.000,14.000,14.000,10.000,69.000000
19882040.000000,1,14.000,16.000,14.000,14.000,11.000,69.000000
19882173.000000,1,15.000,17.000,14.000,14.000,12.000,72.000000
19882312.000000,1,14.000,17.000,15.000,15.000,11.000,72.000000
19882445.000000,1,14.000,16.000,14.000,14.000,11.000,69.000000
19882587.000000,1,15.000,17.000,14.000,14.000,12.000,72.000000
19882725.000000,1,14.000,17.000,15.000,15.000,11.000,72.000000
19882862.000000,1,14.000,16.000,14.000,14.000,12.000,70.000000
19883000.000000,1,14.000,17.000,14.000,14.000,11.000,70.000000
19883133.000000,1,15.000,17.000,14.000,14.000,10.000,70.000000
19883269.000000,1,14.000,15.000,15.000,15.000,10.000,69.000000
19883403.000000,1,14.000,14.000,14.000,14.000,11.000,67.000000
19883540.000000,1,15.000,15.000,14.000,14.000,10.000,68.000000
19883684.000000,1,14.000,14.000,15.000,15.000,10.000,68.000000
19883820.000000,1,14.000,14.000,14.000,14.000,9.000,65.000000
19883958.000000,1,14.000,15.000,14.000,14.000,10.000,67.000000
19884099.000000,1,15.000,14.000,14.000,14.000,10.000,67.000000
19884228.000000,1,14.000,14.000,15.000,15.000,10.000,68.000000
19884370.000000,1,14.000,14.000,14.000,14.000,9.000,65.000000
19884508.000000,1,15.000,15.000,14.000,14.000,9.000,67.000000
19884646.000000,1,14.000,14.000,15.000,15.000,10.000,68.000000
19884785.000000,1,14.000,14.000,14.000,14.000,10.000,66.000000
19884923.000000,1,14.000,15.000,14.000,14.000,9.000,66.000000
19885061.000000,1,15.000,14.000,14.000,14.000,11.000,68.000000
19885197.000000,1,14.000,14.000,15.000,15.000,9.000,67.000000
19885334.000000,1,14.000,14.000,14.000,14.000,9.000,65.000000
19885468.000000,1,13.000,14.000,14.000,14.000,10.000,65.000000
19885605.000000,1,15.000,13.000,15.000,13.000,11.000,67.000000
19885751.000000,1,14.000,14.000,14.000,12.000,10.000,64.000000
19885891.000000,1,14.000,14.000,14.000,12.000,11.000,65.000000
19886034.000000,1,15.000,14.000,14.000,12.000,11.000,66.000000
19886179.000000,1,14.000,14.000,15.000,12.000,10.000,65.000000
19886320.000000,1,14.000,15.000,14.000,12.000,10.000,65.000000
19886460.000000,1,14.000,14.000,14.000,12.000,11.000,65.000000
19886598.000000,1,15.000,14.000,15.000,12.000,11.000,67.000000
19886738.000000,1,14.000,15.000,14.000,12.000,10.000,65.000000
19886882.000000,1,14.000,14.000,14.000,12.000,10.000,64.000000
19887020.000000,1,15.000,14.000,14.000,12.000,11.000,66.000000
19887162.000000,1,14.000,14.000,15.000,13.000,10.000,66.000000
19887307.000000,1,14.000,15.000,14.000,13.000,11.000,67.000000
19887452.000000,1,14.000,14.000,14.000,15.000,10.000,67.000000
19887591.000000,1,15.000,14.000,15.000,14.000,11.000,69.000000
19887729.000000,1,14.000,15.000,14.000,12.000,10.000,65.000000
19887865.000000,1,14.000,14.000,14.000,12.000,11.000,65.000000
19888010.000000,1,15.000,14.000,14.000,12.000,10.000,65.000000
19888147.000000,1,14.000,14.000,15.000,13.000,11.000,67.000000
19888289.000000,1,14.000,15.000,14.000,12.000,11.000,66.000000
19888425.000000,1,14.000,14.000,14.000,11.000,10.000,63.000000
19888569.000000,1,15.000,14.000,13.000,13.000,11.000,66.000000
19888708.000000,1,14.000,14.000,11.000,14.000,9.000,62.000000
19888844.000000,1,14.000,15.000,12.000,14.000,11.000,66.000000
19888988.000000,1,14.000,14.000,12.000,15.000,9.000,64.000000
19889128.000000,1,15.000,14.000,12.000,14.000,10.000,65.000000
19889262.000000,1,14.000,14.000,11.000,14.000,10.000,63.000000
19889403.000000,1,14.000,14.000,12.000,15.000,10.000,65.000000
19889539.000000,1,14.000,14.000,13.000,12.000,10.000,63.000000
19889677.000000,1,14.000,14.000,15.000,12.000,10.000,65.000000
19889815.000000,1,14.000,15.000,14.000,11.000,10.000,64.000000
19889958.000000,1,14.000,14.000,14.000,12.000,11.000,65.000000
19890100.000000,1,15.000,14.000,15.000,13.000,12.000,69.000000
19890239.000000,1,14.000,15.000,14.000,11.000,12.000,66.000000
19890375.000000,1,14.000,14.000,14.000,12.000,13.000,67.000000
19890513.000000,1,15.000,14.000,14.000,12.000,12.000,67.000000
19890653.000000,1,14.000,14.000,14.000,12.000,12.000,66.000000
19890796.000000,1,14.000,15.000,15.000,12.000,11.000,67.000000
19890937.000000,1,14.000,14.000,14.000,11.000,11.000,64.000000
19891070.000000,1,15.000,14.000,14.000,12.000,12.000,67.000000
19891210.000000,1,14.000,15.000,15.000,13.000,12.000,69.000000
19891349.000000,1,14.000,14.000,14.000,12.000,12.000,66.000000
19891481.000000,1,15.000,14.000,14.000,11.000,12.000,66.000000
19891630.000000,1,14.000,14.000,14.000,12.000,11.000,65.000000
19891774.000000,1,14.000,15.000,15.000,12.000,10.000,66.000000
19891912.000000,1,14.000,14.000,14.000,11.000,10.000,63.000000
19892056.000000,1,15.000,14.000,14.000,11.000,10.000,64.000000
19892195.000000,1,14.000,15.000,11.000,13.000,10.000,63.000000
19892331.000000,1,14.000,14.000,13.000,12.000,10.000,63.000000
19892473.000000,1,15.000,13.000,12.000,12.000,11.000,63.000000
19892608.000000,1,14.000,12.000,12.000,12.000,10.000,60.000000
19892748.000000,1,14.000,11.000,12.000,11.000,9.000,57.000000
19892882.000000,1,14.000,12.000,12.000,12.000,10.000,60.000000
19893020.000000,1,15.000,12.000,12.000,12.000,10.000,61.000000
19893158.000000,1,14.000,15.000,12.000,12.000,10.000,63.000000
19893298.000000,1,14.000,14.000,15.000,12.000,11.000,66.000000
19893439.000000,1,15.000,14.000,14.000,12.000,10.000,65.000000
19893579.000000,1,14.000,14.000,14.000,13.000,10.000,65.000000
19893719.000000,1,14.000,15.000,15.000,11.000,10.000,65.000000
19893854.000000,1,14.000,14.000,14.000,11.000,10.000,63.000000
19893992.000000,1,15.000,14.000,14.000,12.000,11.000,66.000000
19894132.000000,1,14.000,15.000,14.000,12.000,10.000,65.000000
19894268.000000,1,14.000,14.000,15.000,13.000,11.000,67.000000
19894410.000000,1,15.000,14.000,14.000,11.000,10.000,64.000000
19894553.000000,1,14.000,14.000,14.000,13.000,10.000,65.000000
19894699.000000,1,14.000,15.000,15.000,12.000,10.000,66.000000
19894830.000000,1,14.000,14.000,14.000,13.000,11.000,66.000000
19894973.000000,1,15.000,14.000,14.000,12.000,10.000,65.000000
19895102.000000,1,14.000,15.000,14.000,13.000,11.000,67.000000
19895240.000000,1,14.000,14.000,15.000,12.000,10.000,65.000000
19895377.000000,1,15.000,14.000,14.000,12.000,9.000,64.000000
19895517.000000,1,14.000,14.000,14.000,12.000,9.000,63.000000
19895656.000000,1,14.000,15.000,15.000,12.000,9.000,65.000000
19895800.000000,1,14.000,14.000,14.000,11.000,10.000,63.000000
19895942.000000,1,15.000,14.000,14.000,12.000,11.000,66.000000
19896091.000000,1,14.000,15.000,14.000,13.000,10.000,66.000000
19896236.000000,1,14.000,14.000,15.000,12.000,13.000,68.000000
19896367.000000,1,15.000,14.000,14.000,13.000,11.000,67.000000
19896508.000000,1,14.000,14.000,14.000,12.000,11.000,65.000000
19896644.000000,1,14.000,15.000,15.000,13.000,11.000,68.000000
19896779.000000,1,14.000,14.000,14.000,12.000,11.000,65.000000
19896919.000000,1,15.000,14.000,14.000,13.000,10.000,66.000000
19897061.000000,1,14.000,14.000,14.000,12.000,11.000,65.000000
19897193.000000,1,14.000,12.000,15.000,10.000,10.000,61.000000
19897333.000000,1,15.000,12.000,14.000,11.000,10.000,62.000000
19897474.000000,1,14.000,13.000,12.000,10.000,10.000,59.000000
19897610.000000,1,14.000,11.000,12.000,10.000,10.000,57.000000
19897746.000000,1,14.000,12.000,12.000,11.000,10.000,59.000000
19897887.000000,1,15.000,12.000,12.000,11.000,11.000,61.000000
19898029.000000,1,14.000,12.000,12.000,12.000,9.000,59.000000
19898167.000000,1,14.000,12.000,12.000,13.000,10.000,61.000000
19898302.000000,1,15.000,12.000,13.000,12.000,11.000,63.000000
19898438.000000,1,14.000,15.000,15.000,12.000,10.000,66.000000
19898571.000000,1,14.000,14.000,14.000,12.000,11.000,65.000000
19898712.000000,1,14.000,14.000,14.000,11.000,10.000,63.000000
19898848.000000,1,15.000,15.000,15.000,12.000,10.000,67.000000
19898985.000000,1,14.000,14.000,14.000,11.000,10.000,63.000000
19899123.000000,1,14.000,14.000,14.000,11.000,10.000,63.000000
19899269.000000,1,15.000,14.000,14.000,12.000,10.000,65.000000
19899410.000000,1,14.000,15.000,15.000,12.000,11.000,67.000000
19899553.000000,1,14.000,14.000,14.000,12.000,10.000,64.000000
19899690.000000,1,14.000,14.000,14.000,12.000,10.000,64.000000
19899830.000000,1,15.000,15.000,15.000,12.000,10.000,67.000000
19899970.000000,1,14.000,14.000,14.000,12.000,10.000,64.000000
19900111.000000,1,14.000,14.000,14.000,12.000,10.000,64.000000
19900249.000000,1,15.000,14.000,14.000,11.000,10.000,64.000000
19900384.000000,1,14.000,15.000,13.000,12.000,10.000,64.000000
19900530.000000,1,14.000,14.000,12.000,13.000,11.000,64.000000
19900665.000000,1,14.000,14.000,12.000,11.000,10.000,61.000000
19900803.000000,1,15.000,15.000,12.000,13.000,10.000,65.000000
19900949.000000,1,14.000,13.000,13.000,12.000,10.000,62.000000
19901093.000000,1,14.000,12.000,14.000,13.000,11.000,64.000000
19901237.000000,1,15.000,12.000,14.000,12.000,9.000,62.000000
19901376.000000,1,14.000,13.000,15.000,11.000,10.000,63.000000
19901516.000000,1,14.000,14.000,14.000,10.000,9.000,61.000000
19901652.000000,1,14.000,15.000,14.000,11.000,9.000,63.000000
19901792.000000,1,15.000,14.000,14.000,12.000,10.000,65.000000
19901926.000000,1,14.000,14.000,15.000,11.000,9.000,63.000000
19902064.000000,1,14.000,15.000,14.000,10.000,10.000,63.000000
19902204.000000,1,15.000,14.000,14.000,12.000,10.000,65.000000
19902341.000000,1,14.000,14.000,15.000,12.000,10.000,65.000000
19902491.000000,1,14.000,14.000,14.000,12.000,10.000,64.000000
19902633.000000,1,14.000,15.000,14.000,11.000,11.000,65.000000
19902769.000000,1,15.000,14.000,14.000,11.000,10.000,64.000000
19902911.000000,1,14.000,14.000,15.000,11.000,11.000,65.000000
19903057.000000,1,14.000,15.000,14.000,12.000,10.000,65.000000
19903199.000000,1,15.000,14.000,14.000,12.000,11.000,66.000000
19903337.000000,1,14.000,14.000,15.000,12.000,11.000,66.000000
19903475.000000,1,14.000,14.000,14.000,11.000,10.000,63.000000
19903611.000000,1,14.000,15.000,14.000,12.000,11.000,66.000000
19903746.000000,1,15.000,14.000,14.000,12.000,11.000,66.000000
19903891.000000,1,14.000,14.000,15.000,13.000,10.000,66.000000
19904031.000000,1,14.000,15.000,14.000,11.000,11.000,65.000000
19904175.000000,1,15.000,14.000,14.000,11.000,10.000,64.000000
19904313.000000,1,14.000,14.000,15.000,12.000,10.000,65.000000
19904455.000000,1,14.000,14.000,14.000,12.000,11.000,65.000000
19904590.000000,1,14.000,15.000,14.000,11.000,10.000,64.000000
19904727.000000,1,15.000,14.000,14.000,11.000,10.000,64.000000
19904861.000000,1,14.000,14.000,13.000,13.000,11.000,65.000000
19905008.000000,1,14.000,15.000,12.000,12.000,11.000,64.000000
19905144.000000,1,15.000,14.000,12.000,11.000,10.000,62.000000
19905287.000000,1,14.000,14.000,12.000,11.000,10.000,61.000000
19905428.000000,1,14.000,14.000,14.000,13.000,11.000,66.000000
19905566.000000,1,14.000,15.000,14.000,12.000,10.000,65.000000
19905706.000000,1,15.000,14.000,15.000,12.000,11.000,67.000000
19905843.000000,1,14.000,14.000,14.000,12.000,10.000,64.000000
19905982.000000,1,14.000,15.000,14.000,12.000,10.000,65.000000
19906122.000000,1,15.000,14.000,14.000,12.000,10.000,65.000000
19906269.000000,1,14.000,14.000,15.000,12.000,11.000,66.000000
19906410.000000,1,14.000,14.000,14.000,11.000,10.000,63.000000
19906555.000000,1,14.000,15.000,14.000,13.000,10.000,66.000000
19906703.000000,1,15.000,14.000,15.000,12.000,10.000,66.000000
19906841.000000,1,14.000,14.000,14.000,12.000,10.000,64.000000
19906980.000000,1,14.000,15.000,14.000,13.000,10.000,66.000000
19907119.000000,1,15.000,14.000,14.000,12.000,10.000,65.000000
19907259.000000,1,14.000,14.000,15.000,12.000,10.000,65.000000
19907394.000000,1,14.000,14.000,14.000,12.000,11.000,65.000000
19907535.000000,1,14.000,15.000,14.000,14.000,10.000,67.000000
19907680.000000,1,15.000,14.000,15.000,14.000,8.000,66.000000
19907822.000000,1,14.000,14.000,14.000,13.000,10.000,65.000000
19907964.000000,1,14.000,15.000,14.000,11.000,11.000,65.000000
19908108.000000,1,15.000,14.000,14.000,11.000,12.000,66.000000
19908244.000000,1,14.000,14.000,15.000,10.000,14.000,67.000000
19908385.000000,1,14.000,14.000,14.000,11.000,14.000,67.000000
19908519.000000,1,14.000,15.000,14.000,9.000,14.000,66.000000
19908662.000000,1,15.000,14.000,15.000,10.000,13.000,67.000000
19908800.000000,1,14.000,14.000,14.000,10.000,11.000,63.000000
19908940.000000,1,14.000,15.000,12.000,11.000,10.000,62.000000
19909079.000000,1,15.000,12.000,14.000,10.000,9.000,60.000000
19909214.000000,1,14.000,12.000,14.000,10.000,9.000,59.000000
19909354.000000,1,14.000,12.000,14.000,11.000,9.000,60.000000
19909493.000000,1,14.000,14.000,14.000,12.000,10.000,64.000000
19909629.000000,1,15.000,15.000,15.000,12.000,9.000,66.000000
19909772.000000,1,14.000,14.000,14.000,11.000,10.000,63.000000
19909913.000000,1,14.000,14.000,14.000,13.000,9.000,64.000000
19910053.000000,1,15.000,15.000,15.000,11.000,10.000,66.000000
19910187.000000,1,14.000,14.000,14.000,12.000,10.000,64.000000
19910323.000000,1,14.000,14.000,14.000,12.000,10.000,64.000000
19910462.000000,1,14.000,14.000,14.000,11.000,10.000,63.000000
19910607.000000,1,15.000,15.000,15.000,12.000,10.000,67.000000
19910740.000000,1,14.000,14.000,14.000,11.000,10.000,63.000000
19910878.000000,1,14.000,14.000,14.000,11.000,11.000,64.000000
19911020.000000,1,15.000,15.000,15.000,12.000,10.000,67.000000
19911160.000000,1,14.000,14.000,14.000,12.000,8.000,62.000000
19911299.000000,1,14.000,14.000,14.000,12.000,9.000,63.000000
19911438.000000,1,13.000,14.000,13.000,13.000,9.000,62.000000
19911581.000000,1,12.000,14.000,12.000,14.000,9.000,61.000000
19911716.000000,1,12.000,15.000,13.000,14.000,9.000,63.000000
19911853.000000,1,11.000,14.000,12.000,15.000,9.000,61.000000
19911992.000000,1,12.000,14.000,13.000,14.000,10.000,63.000000
19912130.000000,1,14.000,13.000,14.000,12.000,9.000,62.000000
19912276.000000,1,14.000,12.000,14.000,12.000,9.000,61.000000
19912410.000000,1,14.000,13.000,14.000,12.000,11.000,64.000000
19912557.000000,1,15.000,12.000,14.000,11.000,9.000,61.000000
19912702.000000,1,14.000,11.000,15.000,12.000,9.000,61.000000
19912838.000000,1,14.000,13.000,14.000,12.000,11.000,64.000000
19912974.000000,1,15.000,14.000,14.000,12.000,10.000,65.000000
19913118.000000,1,14.000,15.000,15.000,12.000,10.000,66.000000
19913255.000000,1,14.000,14.000,14.000,12.000,12.000,66.000000
19913400.000000,1,14.000,14.000,14.000,12.000,11.000,65.000000
19913542.000000,1,15.000,14.000,14.000,12.000,11.000,66.000000
19913675.000000,1,14.000,15.000,15.000,12.000,10.000,66.000000
19913817.000000,1,14.000,14.000,13.000,12.000,11.000,64.000000
19913955.000000,1,15.000,14.000,12.000,12.000,10.000,63.000000
19914094.000000,1,14.000,15.000,12.000,11.000,10.000,62.000000
19914235.000000,1,14.000,14.000,12.000,13.000,10.000,63.000000
19914375.000000,1,14.000,14.000,12.000,11.000,10.000,61.000000
19914506.000000,1,15.000,14.000,13.000,12.000,10.000,64.000000
19914651.000000,1,14.000,15.000,14.000,12.000,11.000,66.000000
19914800.000000,1,14.000,14.000,14.000,12.000,10.000,64.000000
19914940.000000,1,15.000,14.000,14.000,12.000,11.000,66.000000
19915083.000000,1,14.000,15.000,15.000,12.000,10.000,66.000000
19915224.000000,1,14.000,14.000,14.000,11.000,10.000,63.000000
19915364.000000,1,14.000,14.000,14.000,12.000,10.000,64.000000
19915503.000000,1,15.000,14.000,15.000,13.000,11.000,68.000000
19915645.000000,1,14.000,15.000,14.000,12.000,10.000,65.000000
19915786.000000,1,14.000,14.000,14.000,12.000,11.000,65.000000
19915930.000000,1,15.000,14.000,14.000,12.000,10.000,65.000000
19916072.000000,1,14.000,15.000,15.000,12.000,10.000,66.000000
19916211.000000,1,14.000,14.000,14.000,12.000,10.000,64.000000
19916350.000000,1,14.000,14.000,14.000,11.000,10.000,63.000000
19916490.000000,1,15.000,14.000,15.000,12.000,11.000,67.000000
19916630.000000,1,14.000,15.000,14.000,12.000,10.000,65.000000
19916767.000000,1,14.000,14.000,14.000,12.000,9.000,63.000000
19916905.000000,1,15.000,14.000,14.000,12.000,10.000,65.000000
19917050.000000,1,14.000,15.000,15.000,12.000,10.000,66.000000
19917190.000000,1,14.000,14.000,14.000,12.000,10.000,64.000000
19917336.000000,1,14.000,14.000,14.000,12.000,10.000,64.000000
19917481.000000,1,15.000,14.000,15.000,12.000,11.000,67.000000
19917616.000000,1,14.000,15.000,14.000,12.000,9.000,64.000000
19917761.000000,1,14.000,12.000,14.000,12.000,9.000,61.000000
19917904.000000,1,15.000,13.000,14.000,12.000,10.000,64.000000
19918042.000000,1,14.000,11.000,15.000,12.000,10.000,62.000000
19918179.000000,1,14.000,13.000,14.000,12.000,9.000,62.000000
19918313.000000,1,14.000,11.000,14.000,13.000,9.000,61.000000
19918451.000000,1,15.000,13.000,15.000,12.000,9.000,64.000000
19918590.000000,1,14.000,12.000,14.000,11.000,9.000,60.000000
19918736.000000,1,14.000,12.000,14.000,11.000,10.000,61.000000
19918882.000000,1,15.000,12.000,14.000,12.000,11.000,64.000000
19919023.000000,1,14.000,11.000,15.000,12.000,10.000,62.000000
19919162.000000,1,14.000,14.000,14.000,12.000,10.000,64.000000
19919299.000000,1,14.000,14.000,14.000,13.000,11.000,66.000000
19919435.000000,1,15.000,15.000,15.000,12.000,10.000,67.000000
19919567.000000,1,14.000,14.000,14.000,12.000,11.000,65.000000
19919710.000000,1,14.000,14.000,14.000,12.000,9.000,63.000000
19919843.000000,1,15.000,15.000,14.000,13.000,11.000,68.000000
19919980.000000,1,14.000,14.000,15.000,11.000,10.000,64.000000
19920121.000000,1,14.000,14.000,14.000,13.000,9.000,64.000000
19920260.000000,1,14.000,14.000,14.000,12.000,10.000,64.000000
19920403.000000,1,15.000,15.000,15.000,12.000,11.000,68.000000
19920544.000000,1,14.000,14.000,14.000,12.000,10.000,64.000000
19920681.000000,1,14.000,14.000,14.000,11.000,10.000,63.000000
19920825.000000,1,15.000,15.000,14.000,12.000,11.000,67.000000
19920963.000000,1,14.000,14.000,15.000,12.000,9.000,64.000000
19921097.000000,1,14.000,14.000,14.000,13.000,11.000,66.000000
19921237.000000,1,14.000,14.000,14.000,12.000,10.000,64.000000
19921379.000000,1,15.000,15.000,15.000,12.000,10.000,67.000000
19921517.000000,1,14.000,14.000,14.000,11.000,10.000,63.000000
19921656.000000,1,14.000,14.000,14.000,10.000,10.000,62.000000
19921796.000000,1,15.000,15.000,14.000,13.000,10.000,67.000000
19921940.000000,1,14.000,14.000,15.000,12.000,10.000,65.000000
19922080.000000,1,14.000,14.000,14.000,12.000,10.000,64.000000
19922222.000000,1,14.000,14.000,14.000,11.000,10.000,63.000000
19922370.000000,1,15.000,15.000,14.000,13.000,11.000,68.000000
19922510.000000,1,14.000,14.000,14.000,12.000,10.000,64.000000
19922648.000000,1,14.000,14.000,14.000,12.000,10.000,64.000000
19922790.000000,1,15.000,15.000,14.000,11.000,11.000,66.000000
19922928.000000,1,14.000,14.000,15.000,12.000,10.000,65.000000
19923070.000000,1,14.000,14.000,14.000,12.000,10.000,64.000000
19923215.000000,1,14.000,14.000,14.000,12.000,10.000,64.000000
19923359.000000,1,15.000,15.000,14.000,12.000,10.000,66.000000
19923499.000000,1,14.000,14.000,15.000,12.000,10.000,65.000000
19923638.000000,1,14.000,14.000,14.000,12.000,10.000,64.000000
19923775.000000,1,15.000,12.000,14.000,12.000,10.000,63.000000
19923915.000000,1,14.000,12.000,15.000,12.000,11.000,64.000000
19924058.000000,1,14.000,12.000,14.000,11.000,10.000,61.000000
19924194.000000,1,14.000,12.000,14.000,13.000,10.000,63.000000
19924333.000000,1,15.000,12.000,14.000,11.000,9.000,61.000000
19924469.000000,1,14.000,12.000,15.000,11.000,11.000,63.000000
19924609.000000,1,14.000,12.000,14.000,12.000,11.000,63.000000
19924753.000000,1,15.000,12.000,14.000,11.000,10.000,62.000000
19924890.000000,1,14.000,11.000,15.000,11.000,9.000,60.000000
19925030.000000,1,14.000,12.000,14.000,13.000,10.000,63.000000
19925170.000000,1,14.000,12.000,14.000,12.000,9.000,61.000000
19925306.000000,1,15.000,12.000,14.000,12.000,10.000,63.000000
19925447.000000,1,14.000,14.000,15.000,10.000,9.000,62.000000
19925590.000000,1,14.000,15.000,14.000,10.000,9.000,62.000000
19925739.000000,1,15.000,14.000,14.000,11.000,9.000,63.000000
19925877.000000,1,14.000,14.000,15.000,10.000,9.000,62.000000
19926014.000000,1,14.000,14.000,14.000,11.000,10.000,63.000000
19926152.000000,1,14.000,15.000,14.000,10.000,9.000,62.000000
19926290.000000,1,15.000,14.000,14.000,10.000,9.000,62.000000
19926433.000000,1,14.000,14.000,15.000,11.000,10.000,64.000000
19926568.000000,1,14.000,13.000,14.000,11.000,9.000,61.000000
19926710.000000,1,15.000,12.000,14.000,10.000,9.000,60.000000
19926848.000000,1,14.000,13.000,15.000,10.000,10.000,62.000000
19926985.000000,1,14.000,15.000,14.000,10.000,8.000,61.000000
19927123.000000,1,14.000,14.000,14.000,10.000,10.000,62.000000
19927269.000000,1,15.000,14.000,14.000,10.000,10.000,63.000000
19927411.000000,1,14.000,15.000,14.000,10.000,9.000,62.000000
19927550.000000,1,14.000,14.000,12.000,10.000,10.000,60.000000
19927692.000000,1,15.000,14.000,13.000,11.000,9.000,62.000000
19927830.000000,1,14.000,14.000,14.000,11.000,9.000,62.000000
19927964.000000,1,14.000,15.000,15.000,10.000,9.000,63.000000
19928104.000000,1,14.000,14.000,14.000,10.000,9.000,61.000000
19928241.000000,1,15.000,14.000,14.000,10.000,9.000,62.000000
19928379.000000,1,14.000,15.000,15.000,11.000,9.000,64.000000
19928518.000000,1,14.000,14.000,14.000,13.000,9.000,64.000000
19928659.000000,1,15.000,14.000,14.000,12.000,10.000,65.000000
19928800.000000,1,14.000,14.000,14.000,13.000,9.000,64.000000
19928935.000000,1,14.000,15.000,15.000,12.000,10.000,66.000000
19929073.000000,1,14.000,14.000,14.000,13.000,9.000,64.000000
19929213.000000,1,15.000,14.000,14.000,12.000,9.000,64.000000
19929351.000000,1,14.000,15.000,15.000,13.000,9.000,66.000000
19929496.000000,1,14.000,14.000,14.000,12.000,9.000,63.000000
19929634.000000,1,15.000,14.000,14.000,13.000,10.000,66.000000
19929769.000000,1,14.000,14.000,14.000,12.000,10.000,64.000000
19929907.000000,1,14.000,15.000,15.000,13.000,9.000,66.000000
19930041.000000,1,14.000,14.000,14.000,11.000,8.000,61.000000
19930176.000000,1,15.000,13.000,14.000,11.000,10.000,63.000000
19930320.000000,1,14.000,13.000,15.000,10.000,10.000,62.000000
19930459.000000,1,14.000,14.000,14.000,11.000,10.000,63.000000
19930592.000000,1,15.000,15.000,14.000,11.000,10.000,65.000000
19930730.000000,1,14.000,14.000,14.000,10.000,11.000,63.000000
19930872.000000,1,14.000,14.000,15.000,11.000,10.000,64.000000
19931012.000000,1,14.000,14.000,14.000,10.000,10.000,62.000000
19931151.000000,1,15.000,15.000,14.000,10.000,11.000,65.000000
19931287.000000,1,14.000,14.000,15.000,12.000,10.000,65.000000
19931426.000000,1,14.000,14.000,14.000,13.000,10.000,65.000000
19931561.000000,1,15.000,15.000,14.000,12.000,11.000,67.000000
19931702.000000,1,14.000,14.000,14.000,13.000,10.000,65.000000
19931843.000000,1,14.000,14.000,15.000,12.000,9.000,64.000000
19931976.000000,1,14.000,14.000,14.000,13.000,10.000,65.000000
19932115.000000,1,15.000,15.000,14.000,12.000,11.000,67.000000
19932257.000000,1,14.000,14.000,15.000,13.000,11.000,67.000000
19932400.000000,1,14.000,14.000,14.000,12.000,10.000,64.000000
19932539.000000,1,15.000,15.000,14.000,13.000,11.000,68.000000
19932674.000000,1,14.000,14.000,14.000,12.000,10.000,64.000000
19932812.000000,1,14.000,14.000,14.000,13.000,10.000,65.000000
19932955.000000,1,14.000,14.000,14.000,12.000,11.000,65.000000
19933097.000000,1,15.000,13.000,15.000,13.000,10.000,66.000000
19933227.000000,1,14.000,12.000,14.000,12.000,10.000,62.000000
19933365.000000,1,14.000,15.000,14.000,13.000,9.000,65.000000
19933513.000000,1,15.000,14.000,15.000,12.000,9.000,65.000000
19933650.000000,1,14.000,14.000,14.000,13.000,11.000,66.000000
19933790.000000,1,14.000,14.000,14.000,12.000,10.000,64.000000
19933932.000000,1,14.000,15.000,14.000,13.000,10.000,66.000000
19934070.000000,1,15.000,14.000,15.000,11.000,10.000,65.000000
19934210.000000,1,14.000,14.000,14.000,10.000,9.000,61.000000
19934351.000000,1,14.000,15.000,14.000,11.000,11.000,65.000000
19934484.000000,1,15.000,14.000,15.000,10.000,10.000,64.000000
19934619.000000,1,14.000,14.000,14.000,11.000,9.000,62.000000
19934755.000000,1,14.000,14.000,14.000,10.000,10.000,62.000000
19934896.000000,1,14.000,12.000,14.000,10.000,9.000,59.000000
19935035.000000,1,15.000,12.000,15.000,11.000,10.000,63.000000
19935175.000000,1,14.000,12.000,14.000,11.000,10.000,61.000000
19935310.000000,1,14.000,12.000,14.000,10.000,9.000,59.000000
19935449.000000,1,15.000,12.000,15.000,10.000,10.000,62.000000
19935594.000000,1,14.000,14.000,12.000,10.000,10.000,60.000000
19935734.000000,1,14.000,14.000,12.000,11.000,10.000,61.000000
19935874.000000,1,14.000,13.000,13.000,11.000,9.000,60.000000
19936013.000000,1,15.000,12.000,15.000,10.000,10.000,62.000000
19936149.000000,1,14.000,11.000,14.000,10.000,10.000,59.000000
19936286.000000,1,14.000,12.000,14.000,10.000,9.000,59.000000
19936423.000000,1,15.000,12.000,15.000,11.000,10.000,63.000000
19936563.000000,1,14.000,12.000,14.000,11.000,9.000,60.000000
19936703.000000,1,14.000,12.000,14.000,10.000,10.000,60.000000
19936846.000000,1,14.000,12.000,14.000,10.000,9.000,59.000000
19936980.000000,1,15.000,12.000,15.000,11.000,9.000,62.000000
19937120.000000,1,14.000,12.000,14.000,11.000,9.000,60.000000
19937263.000000,1,14.000,11.000,14.000,10.000,10.000,59.000000
19937407.000000,1,15.000,13.000,14.000,11.000,9.000,62.000000
19937550.000000,1,14.000,14.000,12.000,10.000,10.000,60.000000
19937685.000000,1,14.000,13.000,13.000,10.000,9.000,59.000000
19937824.000000,1,14.000,12.000,14.000,11.000,10.000,61.000000
19937962.000000,1,15.000,12.000,15.000,10.000,9.000,61.000000
19938101.000000,1,14.000,12.000,14.000,11.000,10.000,61.000000
19938240.000000,1,14.000,12.000,14.000,11.000,10.000,61.000000
19938380.000000,1,15.000,13.000,15.000,12.000,11.000,66.000000
19938514.000000,1,14.000,13.000,14.000,12.000,10.000,63.000000
19938651.000000,1,14.000,14.000,13.000,13.000,9.000,63.000000
19938786.000000,1,14.000,14.000,12.000,15.000,10.000,65.000000
19938923.000000,1,15.000,15.000,12.000,14.000,11.000,67.000000
19939062.000000,1,14.000,14.000,14.000,11.000,10.000,63.000000
19939199.000000,1,14.000,14.000,14.000,12.000,11.000,65.000000
19939337.000000,1,15.000,14.000,15.000,11.000,11.000,66.000000
19939481.000000,1,14.000,15.000,12.000,11.000,10.000,62.000000
19939615.000000,1,14.000,14.000,14.000,11.000,11.000,64.000000
19939757.000000,1,14.000,14.000,14.000,10.000,9.000,61.000000
19939898.000000,1,15.000,15.000,14.000,11.000,10.000,65.000000
19940037.000000,1,14.000,14.000,15.000,9.000,10.000,62.000000
19940169.000000,1,14.000,14.000,14.000,10.000,10.000,62.000000
19940310.000000,1,15.000,14.000,14.000,9.000,10.000,62.000000
19940452.000000,1,14.000,15.000,15.000,10.000,10.000,64.000000
19940606.000000,1,14.000,14.000,14.000,9.000,11.000,62.000000
19940750.000000,1,14.000,14.000,12.000,10.000,10.000,60.000000
19940891.000000,1,15.000,15.000,12.000,10.000,10.000,62.000000
19941032.000000,1,14.000,14.000,12.000,10.000,9.000,59.000000
19941168.000000,1,14.000,14.000,12.000,10.000,10.000,60.000000
19941305.000000,1,15.000,14.000,12.000,10.000,10.000,61.000000
19941442.000000,1,14.000,15.000,12.000,10.000,10.000,61.000000
19941583.000000,1,14.000,14.000,12.000,11.000,10.000,61.000000
19941727.000000,1,14.000,13.000,13.000,10.000,10.000,60.000000
19941867.000000,1,15.000,13.000,15.000,10.000,10.000,63.000000
19942007.000000,1,14.000,14.000,14.000,12.000,10.000,64.000000
19942144.000000,1,14.000,14.000,14.000,13.000,10.000,65.000000
19942288.000000,1,15.000,15.000,15.000,12.000,10.000,67.000000
19942418.000000,1,14.000,14.000,14.000,11.000,9.000,62.000000
19942559.000000,1,14.000,14.000,14.000,13.000,9.000,64.000000
19942690.000000,1,14.000,15.000,14.000,12.000,11.000,66.000000
19942837.000000,1,15.000,14.000,15.000,13.000,9.000,66.000000
19942977.000000,1,14.000,14.000,14.000,12.000,11.000,65.000000
19943115.000000,1,14.000,14.000,14.000,13.000,10.000,65.000000
19943253.000000,1,15.000,15.000,15.000,10.000,10.000,65.000000
19943390.000000,1,14.000,14.000,14.000,12.000,10.000,64.000000
19943532.000000,1,14.000,14.000,14.000,12.000,9.000,63.000000
19943674.000000,1,14.000,15.000,13.000,11.000,10.000,63.000000
19943818.000000,1,15.000,14.000,14.000,11.000,9.000,63.000000
19943953.000000,1,14.000,14.000,15.000,10.000,9.000,62.000000
19944097.000000,1,14.000,14.000,14.000,12.000,10.000,64.000000
19944238.000000,1,15.000,13.000,14.000,10.000,11.000,63.000000
19944376.000000,1,14.000,13.000,15.000,11.000,10.000,63.000000
19944509.000000,1,14.000,12.000,14.000,12.000,11.000,63.000000
19944652.000000,1,14.000,13.000,14.000,12.000,10.000,63.000000
19944794.000000,1,15.000,14.000,14.000,12.000,10.000,65.000000
19944931.000000,1,14.000,15.000,14.000,11.000,9.000,63.000000
19945072.000000,1,14.000,14.000,14.000,11.000,11.000,64.000000
19945209.000000,1,15.000,14.000,15.000,10.000,11.000,65.000000
19945351.000000,1,14.000,13.000,14.000,11.000,9.000,61.000000
19945492.000000,1,14.000,12.000,14.000,12.000,10.000,62.000000
19945639.000000,1,14.000,14.000,15.000,12.000,9.000,64.000000
19945781.000000,1,15.000,15.000,14.000,12.000,10.000,66.000000
19945921.000000,1,14.000,14.000,14.000,12.000,9.000,63.000000
19946068.000000,1,14.000,14.000,14.000,11.000,11.000,64.000000
19946206.000000,1,15.000,14.000,15.000,13.000,10.000,67.000000
19946346.000000,1,14.000,15.000,14.000,11.000,9.000,63.000000
19946485.000000,1,14.000,14.000,14.000,12.000,10.000,64.000000
19946626.000000,1,14.000,14.000,15.000,12.000,9.000,64.000000
19946765.000000,1,15.000,15.000,14.000,13.000,9.000,66.000000
19946905.000000,1,14.000,14.000,14.000,12.000,10.000,64.000000
19947047.000000,1,14.000,14.000,14.000,11.000,10.000,63.000000
19947185.000000,1,15.000,14.000,15.000,13.000,9.000,66.000000
19947322.000000,1,14.000,15.000,14.000,12.000,9.000,64.000000
19947464.000000,1,14.000,14.000,14.000,13.000,10.000,65.000000
19947605.000000,1,14.000,14.000,15.000,12.000,10.000,65.000000
19947746.000000,1,15.000,15.000,14.000,13.000,9.000,66.000000
19947881.000000,1,14.000,14.000,14.000,12.000,10.000,64.000000
19948021.000000,1,14.000,14.000,14.000,12.000,9.000,63.000000
19948160.000000,1,15.000,14.000,15.000,13.000,11.000,68.000000
19948295.000000,1,14.000,15.000,14.000,12.000,11.000,66.000000
19948433.000000,1,14.000,14.000,14.000,12.000,9.000,63.000000
19948570.000000,1,14.000,14.000,15.000,12.000,10.000,65.000000
19948710.000000,1,15.000,15.000,14.000,13.000,10.000,67.000000
19948852.000000,1,14.000,14.000,14.000,12.000,9.000,63.000000
19948992.000000,1,14.000,14.000,14.000,11.000,9.000,62.000000
19949133.000000,1,15.000,14.000,15.000,10.000,10.000,64.000000
19949277.000000,1,14.000,15.000,14.000,11.000,10.000,64.000000
19949418.000000,1,14.000,14.000,14.000,10.000,10.000,62.000000
19949550.000000,1,14.000,14.000,15.000,11.000,9.000,63.000000
19949690.000000,1,15.000,15.000,14.000,10.000,11.000,65.000000
19949828.000000,1,14.000,14.000,14.000,10.000,10.000,62.000000
19949966.000000,1,14.000,14.000,14.000,11.000,10.000,63.000000
19950104.000000,1,15.000,14.000,15.000,10.000,10.000,64.000000
19950244.000000,1,14.000,15.000,14.000,10.000,11.000,64.000000
19950383.000000,1,14.000,14.000,14.000,11.000,13.000,66.000000
19950520.000000,1,14.000,14.000,15.000,10.000,12.000,65.000000
19950654.000000,1,15.000,15.000,14.000,13.000,12.000,69.000000
19950788.000000,1,14.000,14.000,14.000,12.000,10.000,64.000000
19950926.000000,1,14.000,14.000,14.000,13.000,11.000,66.000000
19951054.000000,1,15.000,14.000,13.000,12.000,10.000,64.000000
19951192.000000,1,14.000,14.000,14.000,13.000,10.000,65.000000
19951330.000000,1,14.000,14.000,15.000,12.000,10.000,65.000000
19951470.000000,1,14.000,15.000,14.000,13.000,11.000,67.000000
19951600.000000,1,15.000,14.000,14.000,11.000,10.000,64.000000
19951734.000000,1,14.000,14.000,15.000,11.000,12.000,66.000000
19951874.000000,1,14.000,14.000,14.000,9.000,13.000,64.000000
19952011.000000,1,15.000,15.000,14.000,11.000,12.000,67.000000
19952154.000000,1,14.000,14.000,14.000,10.000,13.000,65.000000
19952291.000000,1,14.000,14.000,15.000,11.000,10.000,64.000000
19952427.000000,1,14.000,15.000,14.000,10.000,10.000,63.000000
19952565.000000,1,15.000,14.000,14.000,11.000,10.000,64.000000
19952704.000000,1,14.000,14.000,15.000,10.000,11.000,64.000000
19952842.000000,1,14.000,14.000,14.000,11.000,11.000,64.000000
19952980.000000,1,15.000,15.000,14.000,12.000,9.000,65.000000
19953113.000000,1,14.000,14.000,14.000,12.000,11.000,65.000000
19953252.000000,1,14.000,14.000,15.000,12.000,10.000,65.000000
19953387.000000,1,14.000,15.000,14.000,12.000,10.000,65.000000
19953522.000000,1,15.000,14.000,14.000,12.000,9.000,64.000000
19953651.000000,1,14.000,14.000,15.000,13.000,11.000,67.000000
19953786.000000,1,14.000,14.000,14.000,10.000,10.000,62.000000
19953929.000000,1,15.000,15.000,14.000,11.000,11.000,66.000000
19954064.000000,1,14.000,14.000,14.000,13.000,10.000,65.000000
19954203.000000,1,14.000,14.000,15.000,11.000,10.000,64.000000
19954344.000000,1,14.000,15.000,14.000,12.000,10.000,65.000000
19954484.000000,1,15.000,14.000,14.000,11.000,11.000,65.000000
19954623.000000,1,14.000,14.000,15.000,10.000,10.000,63.000000
19954762.000000,1,14.000,14.000,14.000,11.000,11.000,64.000000
19954893.000000,1,15.000,15.000,14.000,10.000,10.000,64.000000
19955035.000000,1,14.000,14.000,14.000,10.000,10.000,62.000000
19955174.000000,1,14.000,14.000,15.000,10.000,10.000,63.000000
19955311.000000,1,14.000,15.000,14.000,11.000,10.000,64.000000
19955451.000000,1,15.000,14.000,14.000,10.000,11.000,64.000000
19955589.000000,1,14.000,14.000,15.000,11.000,10.000,64.000000
19955725.000000,1,14.000,14.000,14.000,10.000,10.000,62.000000
19955867.000000,1,15.000,15.000,14.000,11.000,11.000,66.000000
19956006.000000,1,14.000,14.000,14.000,12.000,10.000,64.000000
19956145.000000,1,14.000,14.000,15.000,12.000,10.000,65.000000
19956290.000000,1,14.000,15.000,14.000,13.000,10.000,66.000000
19956427.000000,1,15.000,14.000,14.000,12.000,11.000,66.000000
19956569.000000,1,14.000,14.000,15.000,13.000,9.000,65.000000
19956710.000000,1,14.000,14.000,14.000,12.000,10.000,64.000000
19956852.000000,1,15.000,15.000,14.000,13.000,11.000,68.000000
19956989.000000,1,14.000,14.000,14.000,12.000,10.000,64.000000
19957126.000000,1,14.000,14.000,15.000,13.000,10.000,66.000000
19957264.000000,1,14.000,15.000,14.000,12.000,10.000,65.000000
19957406.000000,1,15.000,14.000,14.000,13.000,10.000,66.000000
19957540.000000,1,14.000,14.000,15.000,12.000,10.000,65.000000
19957676.000000,1,14.000,14.000,14.000,13.000,10.000,65.000000
19957817.000000,1,15.000,15.000,14.000,12.000,10.000,66.000000
19957962.000000,1,14.000,14.000,14.000,13.000,10.000,65.000000
19958096.000000,1,14.000,14.000,15.000,12.000,11.000,66.000000
19958232.000000,1,14.000,15.000,14.000,13.000,10.000,66.000000
19958369.000000,1,15.000,14.000,14.000,12.000,10.000,65.000000
19958509.000000,1,14.000,14.000,15.000,13.000,10.000,66.000000
19958648.000000,1,14.000,14.000,14.000,12.000,10.000,64.000000
19958780.000000,1,15.000,15.000,14.000,13.000,10.000,67.000000
19958922.000000,1,14.000,14.000,14.000,12.000,10.000,64.000000
19959059.000000,1,14.000,14.000,15.000,13.000,10.000,66.000000
19959196.000000,1,14.000,15.000,14.000,12.000,10.000,65.000000
19959330.000000,1,15.000,14.000,14.000,13.000,11.000,67.000000
19959465.000000,1,14.000,14.000,15.000,12.000,10.000,65.000000
19959598.000000,1,14.000,14.000,14.000,13.000,11.000,66.000000
19959739.000000,1,15.000,15.000,14.000,12.000,10.000,66.000000
19959873.000000,1,14.000,14.000,14.000,13.000,10.000,65.000000
19960013.000000,1,14.000,14.000,15.000,12.000,10.000,65.000000
19960153.000000,1,14.000,15.000,14.000,13.000,10.000,66.000000
19960290.000000,1,15.000,14.000,14.000,12.000,9.000,64.000000
19960430.000000,1,14.000,14.000,15.000,13.000,11.000,67.000000
19960569.000000,1,14.000,14.000,14.000,12.000,11.000,65.000000
19960712.000000,1,15.000,15.000,14.000,13.000,9.000,66.000000
19960851.000000,1,14.000,14.000,14.000,12.000,11.000,65.000000
19960986.000000,1,14.000,14.000,15.000,13.000,11.000,67.000000
19961123.000000,1,14.000,15.000,14.000,12.000,10.000,65.000000
19961267.000000,1,15.000,14.000,14.000,13.000,11.000,67.000000
19961407.000000,1,14.000,14.000,15.000,12.000,10.000,65.000000
19961548.000000,1,14.000,14.000,14.000,11.000,11.000,64.000000
19961686.000000,1,15.000,15.000,14.000,11.000,11.000,66.000000
19961828.000000,1,14.000,14.000,14.000,12.000,10.000,64.000000
19961966.000000,1,14.000,14.000,15.000,13.000,11.000,67.000000
19962101.000000,1,14.000,15.000,14.000,12.000,10.000,65.000000
19962235.000000,1,15.000,14.000,14.000,13.000,10.000,66.000000
19962373.000000,1,14.000,14.000,15.000,11.000,10.000,64.000000
19962508.000000,1,14.000,14.000,14.000,13.000,10.000,65.000000
19962648.000000,1,15.000,15.000,14.000,11.000,11.000,66.000000
19962791.000000,1,14.000,14.000,14.000,12.000,10.000,64.000000
19962927.000000,1,14.000,14.000,15.000,11.000,10.000,64.000000
19963071.000000,1,14.000,15.000,14.000,13.000,10.000,66.000000
19963212.000000,1,15.000,14.000,14.000,12.000,10.000,65.000000
19963355.000000,1,14.000,14.000,15.000,13.000,11.000,67.000000
19963492.000000,1,14.000,14.000,14.000,12.000,10.000,64.000000
19963634.000000,1,15.000,15.000,14.000,13.000,11.000,68.000000
19963774.000000,1,14.000,14.000,14.000,12.000,11.000,65.000000
19963910.000000,1,14.000,14.000,15.000,12.000,10.000,65.000000
19964052.000000,1,14.000,14.000,14.000,10.000,10.000,62.000000
19964186.000000,1,15.000,12.000,14.000,11.000,11.000,63.000000
19964325.000000,1,14.000,11.000,15.000,11.000,9.000,60.000000
19964467.000000,1,14.000,12.000,14.000,10.000,11.000,61.000000
19964607.000000,1,15.000,14.000,14.000,12.000,10.000,65.000000
19964748.000000,1,14.000,14.000,14.000,11.000,11.000,64.000000
19964885.000000,1,14.000,15.000,15.000,11.000,9.000,64.000000
19965021.000000,1,14.000,13.000,13.000,10.000,10.000,60.000000
19965167.000000,1,15.000,11.000,14.000,10.000,10.000,60.000000
19965303.000000,1,14.000,12.000,14.000,11.000,10.000,61.000000
19965437.000000,1,14.000,12.000,15.000,12.000,11.000,64.000000
19965572.000000,2,7.000,6.000,6.000,6.000,5.000,30.000000
19965714.000000,2,0.000,0.000,0.000,0.000,0.000,0.000000
19965853.000000,2,0.000,0.000,0.000,0.000,0.000,0.000000
19965997.000000,2,0.000,0.000,0.000,0.000,0.000,0.000000
19966138.000000,2,0.000,0.000,0.000,0.000,0.000,0.000000
19966279.000000,2,0.000,0.000,0.000,0.000,0.000,0.000000
19966414.000000,2,0.000,0.000,0.000,0.000,0.000,0.000000
19966553.000000,2,0.000,0.000,0.000,0.000,0.000,0.000000
19966691.000000,2,0.000,0.000,0.000,0.000,0.000,0.000000
19966828.000000,2,0.000,0.000,0.000,0.000,0.000,0.000000
19966965.000000,2,0.000,0.000,0.000,0.000,0.000,0.000000
19967107.000000,2,0.000,0.000,0.000,0.000,0.000,0.000000
19967244.000000,2,0.000,0.000,0.000,0.000,0.000,0.000000
19967385.000000,2,0.000,0.000,0.000,0.000,0.000,0.000000
19967524.000000,2,0.000,0.000,0.000,0.000,0.000,0.000000
19967666.000000,2,0.000,0.000,0.000,0.000,0.000,0.000000
19967802.000000,2,0.000,0.000,0.000,0.000,0.000,0.000000
19967944.000000,2,0.000,0.000,0.000,0.000,0.000,0.000000
19968083.000000,2,0.000,0.000,0.000,0.000,0.000,0.000000
19968222.000000,2,0.000,0.000,0.000,0.000,0.000,0.000000
19968363.000000,2,0.000,0.000,0.000,0.000,0.000,0.000000
19968503.000000,2,0.000,0.000,0.000,0.000,0.000,0.000000
19968641.000000,2,5.000,0.000,0.000,0.000,0.000,5.000000
19968777.000000,2,3.000,0.000,0.000,0.000,0.000,3.000000
19968905.000000,2,4.000,0.000,0.000,0.000,0.000,4.000000
19969044.000000,2,10.000,1.000,0.000,0.000,0.000,11.000000
19969179.000000,2,10.000,9.000,0.000,0.000,0.000,19.000000
19969314.000000,2,11.000,9.000,0.000,0.000,0.000,20.000000
19969453.000000,2,9.000,9.000,0.000,0.000,0.000,18.000000
19969596.000000,2,9.000,11.000,0.000,0.000,0.000,20.000000
19969736.000000,2,9.000,3.000,0.000,0.000,0.000,12.000000
19969870.000000,2,9.000,0.000,0.000,0.000,0.000,9.000000
19970011.000000,2,10.000,0.000,0.000,0.000,0.000,10.000000
19970149.000000,2,7.000,0.000,0.000,0.000,0.000,7.000000
19970285.000000,2,0.000,0.000,0.000,0.000,0.000,0.000000
19970419.000000,2,0.000,0.000,0.000,0.000,0.000,0.000000
19970559.000000,2,0.000,0.000,0.000,0.000,0.000,0.000000
19970694.000000,2,0.000,0.000,0.000,0.000,0.000,0.000000
19970833.000000,2,0.000,0.000,0.000,0.000,0.000,0.000000
19970973.000000,2,0.000,0.000,0.000,0.000,0.000,0.000000
19971109.000000,2,0.000,0.000,0.000,0.000,0.000,0.000000
19971254.000000,2,0.000,0.000,0.000,0.000,0.000,0.000000
19971393.000000,2,0.000,0.000,0.000,0.000,0.000,0.000000
19971521.000000,2,0.000,0.000,0.000,0.000,0.000,0.000000
19971655.000000,2,8.000,0.000,0.000,0.000,0.000,8.000000
19971790.000000,2,11.000,0.000,0.000,0.000,0.000,11.000000
19971926.000000,2,10.000,0.000,0.000,0.000,0.000,10.000000
19972059.000000,2,11.000,0.000,0.000,0.000,0.000,11.000000
19972204.000000,2,10.000,0.000,0.000,0.000,0.000,10.000000
19972343.000000,2,10.000,0.000,0.000,0.000,0.000,10.000000
19972489.000000,2,9.000,0.000,0.000,0.000,0.000,9.000000
19972633.000000,2,11.000,2.000,0.000,0.000,0.000,13.000000
19972769.000000,2,9.000,6.000,0.000,0.000,0.000,15.000000
19972899.000000,2,11.000,0.000,0.000,0.000,0.000,11.000000
19973032.000000,2,10.000,0.000,0.000,0.000,0.000,10.000000
19973169.000000,2,10.000,0.000,0.000,0.000,0.000,10.000000
19973312.000000,2,4.000,0.000,0.000,0.000,0.000,4.000000
19973448.000000,2,0.000,0.000,0.000,0.000,0.000,0.000000
19973588.000000,2,0.000,0.000,0.000,0.000,0.000,0.000000
19973725.000000,2,0.000,0.000,0.000,0.000,0.000,0.000000
19973865.000000,2,0.000,0.000,0.000,0.000,0.000,0.000000
19974006.000000,2,0.000,0.000,0.000,0.000,0.000,0.000000
19974144.000000,2,0.000,0.000,0.000,0.000,0.000,0.000000
19974282.000000,2,0.000,0.000,0.000,0.000,0.000,0.000000
19974416.000000,2,0.000,0.000,0.000,0.000,0.000,0.000000
19974553.000000,2,0.000,0.000,0.000,0.000,0.000,0.000000
19974696.000000,2,0.000,0.000,0.000,0.000,0.000,0.000000
19974836.000000,2,0.000,0.000,0.000,0.000,0.000,0.000000
19974973.000000,2,0.000,0.000,0.000,0.000,0.000,0.000000
19975118.000000,2,0.000,0.000,0.000,0.000,0.000,0.000000
19975257.000000,2,0.000,0.000,0.000,0.000,0.000,0.000000
19975390.000000,2,0.000,0.000,0.000,0.000,0.000,0.000000
19975529.000000,2,0.000,0.000,0.000,0.000,0.000,0.000000
19975670.000000,2,0.000,0.000,0.000,0.000,0.000,0.000000
19975811.000000,2,0.000,0.000,0.000,0.000,0.000,0.000000
19975949.000000,2,0.000,0.000,0.000,0.000,0.000,0.000000
19976087.000000,2,0.000,0.000,0.000,0.000,0.000,0.000000
19976227.000000,2,0.000,0.000,0.000,0.000,0.000,0.000000
19976365.000000,2,0.000,0.000,0.000,0.000,0.000,0.000000
19976493.000000,2,0.000,0.000,0.000,0.000,0.000,0.000000
19976632.000000,2,0.000,0.000,0.000,0.000,0.000,0.000000
19976771.000000,2,0.000,0.000,0.000,0.000,0.000,0.000000
19976905.000000,2,0.000,0.000,0.000,0.000,0.000,0.000000
19977042.000000,2,0.000,0.000,0.000,0.000,0.000,0.000000
19977182.000000,2,2.000,0.000,0.000,0.000,0.000,2.000000
19977319.000000,2,9.000,0.000,0.000,0.000,0.000,9.000000
19977459.000000,2,9.000,0.000,0.000,0.000,0.000,9.000000
19977598.000000,2,10.000,0.000,0.000,0.000,0.000,10.000000
19977744.000000,2,9.000,0.000,0.000,0.000,0.000,9.000000
19977880.000000,2,9.000,0.000,0.000,0.000,0.000,9.000000
19978017.000000,2,10.000,0.000,0.000,0.000,0.000,10.000000
19978150.000000,2,8.000,0.000,0.000,0.000,0.000,8.000000
19978289.000000,2,10.000,0.000,0.000,0.000,0.000,10.000000
19978424.000000,2,9.000,10.000,0.000,0.000,0.000,19.000000
19978558.000000,2,9.000,5.000,0.000,0.000,0.000,14.000000
19978692.000000,2,10.000,8.000,0.000,0.000,0.000,18.000000
19978837.000000,2,10.000,10.000,0.000,0.000,0.000,20.000000
19978971.000000,2,10.000,9.000,2.000,0.000,0.000,21.000000
19979110.000000,2,11.000,7.000,4.000,0.000,0.000,22.000000
19979251.000000,2,11.000,0.000,0.000,0.000,0.000,11.000000
19979391.000000,2,10.000,0.000,0.000,0.000,0.000,10.000000
19979535.000000,2,10.000,0.000,0.000,0.000,0.000,10.000000
19979671.000000,2,10.000,0.000,0.000,0.000,0.000,10.000000
19979805.000000,2,11.000,0.000,0.000,0.000,0.000,11.000000
19979940.000000,2,11.000,0.000,0.000,0.000,0.000,11.000000
19980074.000000,2,10.000,0.000,0.000,0.000,0.000,10.000000
19980209.000000,2,11.000,0.000,0.000,0.000,0.000,11.000000
19980348.000000,2,11.000,0.000,0.000,0.000,0.000,11.000000
19980483.000000,2,10.000,0.000,0.000,0.000,0.000,10.000000
19980620.000000,2,10.000,0.000,0.000,0.000,0.000,10.000000
19980758.000000,2,11.000,0.000,0.000,0.000,0.000,11.000000
19980898.000000,2,10.000,0.000,0.000,0.000,0.000,10.000000
19981035.000000,2,0.000,0.000,0.000,0.000,0.000,0.000000
19981172.000000,2,0.000,0.000,0.000,0.000,0.000,0.000000
19981306.000000,2,0.000,0.000,0.000,0.000,0.000,0.000000
19981448.000000,2,0.000,0.000,0.000,0.000,0.000,0.000000
19981582.000000,2,0.000,0.000,0.000,0.000,0.000,0.000000
19981722.000000,2,0.000,0.000,0.000,0.000,0.000,0.000000
19981861.000000,2,0.000,0.000,0.000,0.000,0.000,0.000000
19982002.000000,2,0.000,0.000,0.000,0.000,0.000,0.000000
19982144.000000,2,0.000,0.000,0.000,0.000,0.000,0.000000
19982286.000000,2,0.000,0.000,0.000,0.000,0.000,0.000000
19982423.000000,2,0.000,0.000,0.000,0.000,0.000,0.000000
19982562.000000,2,0.000,0.000,0.000,0.000,0.000,0.000000
19982693.000000,2,0.000,0.000,0.000,0.000,0.000,0.000000
19982832.000000,2,0.000,0.000,0.000,0.000,0.000,0.000000
19982973.000000,2,0.000,0.000,0.000,0.000,0.000,0.000000
19983116.000000,2,0.000,0.000,0.000,0.000,0.000,0.000000
19983252.000000,2,0.000,0.000,0.000,0.000,0.000,0.000000
19983391.000000,2,0.000,0.000,0.000,0.000,0.000,0.000000
19983526.000000,2,0.000,0.000,0.000,0.000,0.000,0.000000
19983661.000000,2,0.000,0.000,0.000,0.000,0.000,0.000000
19983799.000000,2,0.000,0.000,0.000,0.000,0.000,0.000000
19983939.000000,2,0.000,0.000,0.000,0.000,0.000,0.000000
19984081.000000,2,0.000,0.000,0.000,0.000,0.000,0.000000
19984225.000000,2,0.000,0.000,0.000,0.000,0.000,0.000000
19984365.000000,2,3.000,0.000,0.000,0.000,0.000,3.000000
19984504.000000,2,0.000,0.000,0.000,0.000,0.000,0.000000
19984638.000000,2,0.000,0.000,0.000,0.000,0.000,0.000000
19984779.000000,2,0.000,0.000,0.000,0.000,0.000,0.000000
19984913.000000,2,0.000,0.000,0.000,0.000,0.000,0.000000
19985054.000000,2,0.000,0.000,0.000,0.000,0.000,0.000000
19985187.000000,2,0.000,0.000,0.000,0.000,0.000,0.000000
19985326.000000,2,0.000,0.000,0.000,0.000,0.000,0.000000
19985465.000000,2,0.000,0.000,0.000,0.000,0.000,0.000000
19985599.000000,2,0.000,0.000,0.000,0.000,0.000,0.000000
19985742.000000,2,0.000,0.000,0.000,0.000,0.000,0.000000
19985883.000000,2,0.000,0.000,0.000,0.000,0.000,0.000000
19986028.000000,2,0.000,0.000,0.000,0.000,0.000,0.000000
19986173.000000,2,0.000,0.000,0.000,0.000,0.000,0.000000
19986303.000000,2,0.000,0.000,0.000,0.000,0.000,0.000000
19986451.000000,2,0.000,0.000,0.000,0.000,0.000,0.000000
19986594.000000,2,4.000,0.000,0.000,0.000,0.000,4.000000
19986736.000000,2,8.000,5.000,0.000,0.000,0.000,13.000000
19986877.000000,2,9.000,0.000,0.000,0.000,0.000,9.000000
19987015.000000,2,9.000,0.000,0.000,0.000,0.000,9.000000
19987154.000000,2,10.000,0.000,0.000,0.000,0.000,10.000000
19987291.000000,2,7.000,0.000,0.000,0.000,0.000,7.000000
19987429.000000,2,0.000,0.000,0.000,0.000,0.000,0.000000
19987573.000000,2,0.000,0.000,0.000,0.000,0.000,0.000000
19987708.000000,2,0.000,0.000,0.000,0.000,0.000,0.000000
19987844.000000,2,0.000,0.000,0.000,0.000,0.000,0.000000
19987987.000000,2,0.000,0.000,0.000,0.000,0.000,0.000000
19988127.000000,2,0.000,0.000,0.000,0.000,0.000,0.000000
19988266.000000,2,0.000,0.000,0.000,0.000,0.000,0.000000
19988409.000000,2,0.000,0.000,0.000,0.000,0.000,0.000000
19988543.000000,2,0.000,0.000,0.000,0.000,0.000,0.000000
19988681.000000,2,0.000,0.000,0.000,0.000,0.000,0.000000
19988819.000000,2,0.000,0.000,0.000,0.000,0.000,0.000000
19988960.000000,2,0.000,0.000,0.000,0.000,0.000,0.000000
19989095.000000,2,0.000,0.000,0.000,0.000,0.000,0.000000
19989235.000000,2,0.000,0.000,0.000,0.000,0.000,0.000000
19989367.000000,2,0.000,0.000,0.000,0.000,0.000,0.000000
19989506.000000,2,0.000,0.000,0.000,0.000,0.000,0.000000
19989644.000000,2,0.000,0.000,0.000,0.000,0.000,0.000000
19989784.000000,2,0.000,0.000,0.000,0.000,0.000,0.000000
19989920.000000,2,0.000,0.000,0.000,0.000,0.000,0.000000
19990061.000000,2,0.000,0.000,0.000,0.000,0.000,0.000000
19990202.000000,2,0.000,0.000,0.000,0.000,0.000,0.000000
19990338.000000,2,0.000,0.000,0.000,0.000,0.000,0.000000
19990472.000000,2,0.000,0.000,0.000,0.000,0.000,0.000000
19990618.000000,2,0.000,0.000,0.000,0.000,0.000,0.000000
19990757.000000,2,0.000,0.000,0.000,0.000,0.000,0.000000
19990899.000000,2,0.000,0.000,0.000,0.000,0.000,0.000000
19991035.000000,2,0.000,0.000,0.000,0.000,0.000,0.000000
19991170.000000,2,0.000,0.000,0.000,0.000,0.000,0.000000
19991309.000000,2,0.000,0.000,0.000,0.000,0.000,0.000000
19991444.000000,2,0.000,0.000,0.000,0.000,0.000,0.000000
19991582.000000,2,0.000,0.000,0.000,0.000,0.000,0.000000
19991719.000000,2,0.000,0.000,0.000,0.000,0.000,0.000000
19991859.000000,2,0.000,0.000,0.000,0.000,0.000,0.000000
19992006.000000,2,0.000,0.000,0.000,0.000,0.000,0.000000
19992141.000000,2,0.000,0.000,0.000,0.000,0.000,0.000000
19992278.000000,2,0.000,0.000,0.000,0.000,0.000,0.000000
19992419.000000,2,0.000,0.000,0.000,0.000,0.000,0.000000
19992555.000000,2,0.000,0.000,0.000,0.000,0.000,0.000000
19992691.000000,2,0.000,0.000,0.000,0.000,0.000,0.000000
19992832.000000,2,0.000,0.000,0.000,0.000,0.000,0.000000
19992972.000000,2,0.000,0.000,0.000,0.000,0.000,0.000000
19993113.000000,2,0.000,0.000,0.000,0.000,0.000,0.000000
19993253.000000,2,0.000,0.000,0.000,0.000,0.000,0.000000
19993393.000000,2,0.000,0.000,0.000,0.000,0.000,0.000000
19993535.000000,2,0.000,0.000,0.000,0.000,0.000,0.000000
19993669.000000,2,0.000,0.000,0.000,0.000,0.000,0.000000
19993807.000000,2,0.000,0.000,0.000,0.000,0.000,0.000000
19993949.000000,2,8.000,0.000,0.000,0.000,0.000,8.000000
19994094.000000,2,0.000,0.000,0.000,0.000,0.000,0.000000
19994226.000000,2,0.000,0.000,0.000,0.000,0.000,0.000000
19994367.000000,2,0.000,0.000,0.000,0.000,0.000,0.000000
19994501.000000,2,0.000,0.000,0.000,0.000,0.000,0.000000
19994641.000000,2,0.000,0.000,0.000,0.000,0.000,0.000000
19994777.000000,2,0.000,0.000,0.000,0.000,0.000,0.000000
19994917.000000,2,0.000,0.000,0.000,0.000,0.000,0.000000
19995049.000000,2,4.000,0.000,0.000,0.000,0.000,4.000000
19995188.000000,2,8.000,0.000,0.000,0.000,0.000,8.000000
19995326.000000,2,10.000,0.000,0.000,0.000,0.000,10.000000
19995468.000000,2,8.000,4.000,0.000,0.000,0.000,12.000000
19995607.000000,2,9.000,8.000,0.000,0.000,0.000,17.000000
19995743.000000,2,10.000,3.000,0.000,0.000,0.000,13.000000
19995876.000000,2,9.000,0.000,0.000,0.000,0.000,9.000000
19996013.000000,2,9.000,0.000,0.000,0.000,0.000,9.000000
19996158.000000,2,10.000,0.000,0.000,0.000,0.000,10.000000
19996295.000000,2,7.000,0.000,0.000,0.000,0.000,7.000000
19996434.000000,2,0.000,0.000,0.000,0.000,0.000,0.000000
19996573.000000,2,0.000,0.000,0.000,0.000,0.000,0.000000
19996709.000000,2,0.000,0.000,0.000,0.000,0.000,0.000000
19996847.000000,2,0.000,0.000,0.000,0.000,0.000,0.000000
19996984.000000,2,0.000,0.000,0.000,0.000,0.000,0.000000
19997118.000000,2,0.000,0.000,0.000,0.000,0.000,0.000000
19997253.000000,2,0.000,0.000,0.000,0.000,0.000,0.000000
19997393.000000,2,0.000,0.000,0.000,0.000,0.000,0.000000
19997525.000000,2,0.000,0.000,0.000,0.000,0.000,0.000000
19997657.000000,2,0.000,0.000,0.000,0.000,0.000,0.000000
19997792.000000,2,0.000,0.000,0.000,0.000,0.000,0.000000
19997932.000000,2,0.000,0.000,0.000,0.000,0.000,0.000000
19998071.000000,2,0.000,0.000,0.000,0.000,0.000,0.000000
19998204.000000,2,0.000,0.000,0.000,0.000,0.000,0.000000
19998343.000000,2,0.000,0.000,0.000,0.000,0.000,0.000000
19998486.000000,2,6.000,0.000,0.000,0.000,0.000,6.000000
19998626.000000,2,0.000,0.000,0.000,0.000,0.000,0.000000
19998764.000000,2,0.000,0.000,0.000,0.000,0.000,0.000000
19998901.000000,2,0.000,0.000,0.000,0.000,0.000,0.000000
19999040.000000,2,0.000,0.000,0.000,0.000,0.000,0.000000
19999173.000000,2,0.000,0.000,0.000,0.000,0.000,0.000000
19999312.000000,2,0.000,0.000,0.000,0.000,0.000,0.000000
19999452.000000,2,0.000,0.000,0.000,0.000,0.000,0.000000
19999590.000000,2,0.000,0.000,0.000,0.000,0.000,0.000000
19999726.000000,2,0.000,0.000,0.000,0.000,0.000,0.000000
19999863.000000,2,0.000,0.000,0.000,0.000,0.000,0.000000
20000007.000000,2,0.000,0.000,0.000,0.000,0.000,0.000000
20000148.000000,2,0.000,0.000,0.000,0.000,0.000,0.000000
20000285.000000,2,0.000,0.000,0.000,0.000,0.000,0.000000
20000418.000000,2,0.000,0.000,0.000,0.000,0.000,0.000000
20000559.000000,2,0.000,0.000,0.000,0.000,0.000,0.000000
20000696.000000,2,0.000,0.000,0.000,0.000,0.000,0.000000
20000826.000000,2,0.000,0.000,0.000,0.000,0.000,0.000000
20000963.000000,2,0.000,0.000,0.000,0.000,0.000,0.000000
20001099.000000,2,0.000,0.000,0.000,0.000,0.000,0.000000
20001234.000000,2,0.000,0.000,0.000,0.000,0.000,0.000000
20001367.000000,2,0.000,0.000,0.000,0.000,0.000,0.000000
20001502.000000,2,0.000,0.000,0.000,0.000,0.000,0.000000
20001641.000000,2,0.000,0.000,0.000,0.000,0.000,0.000000
20001776.000000,2,0.000,0.000,0.000,0.000,0.000,0.000000
20001908.000000,2,0.000,0.000,0.000,0.000,0.000,0.000000
20002041.000000,2,0.000,0.000,0.000,0.000,0.000,0.000000
20002176.000000,2,0.000,0.000,0.000,0.000,0.000,0.000000
20002315.000000,2,0.000,0.000,0.000,0.000,0.000,0.000000
20002452.000000,2,0.000,0.000,0.000,0.000,0.000,0.000000
20002595.000000,2,0.000,0.000,0.000,0.000,0.000,0.000000
20002735.000000,2,0.000,0.000,0.000,0.000,0.000,0.000000
20002869.000000,2,0.000,0.000,0.000,0.000,0.000,0.000000
20003009.000000,2,7.000,0.000,0.000,0.000,0.000,7.000000
20003149.000000,2,9.000,0.000,0.000,0.000,0.000,9.000000
20003283.000000,2,0.000,0.000,0.000,0.000,0.000,0.000000
20003419.000000,2,0.000,0.000,0.000,0.000,0.000,0.000000
20003551.000000,2,0.000,0.000,0.000,0.000,0.000,0.000000
20003688.000000,2,0.000,0.000,0.000,0.000,0.000,0.000000
20003828.000000,2,0.000,0.000,0.000,0.000,0.000,0.000000
20003963.000000,2,0.000,0.000,0.000,0.000,0.000,0.000000
20004099.000000,2,0.000,0.000,0.000,0.000,0.000,0.000000
20004241.000000,2,0.000,0.000,0.000,0.000,0.000,0.000000
20004382.000000,2,0.000,0.000,0.000,0.000,0.000,0.000000
20004519.000000,2,0.000,0.000,0.000,0.000,0.000,0.000000
20004659.000000,2,0.000,0.000,0.000,0.000,0.000,0.000000
20004796.000000,2,0.000,0.000,0.000,0.000,0.000,0.000000
20004939.000000,2,0.000,0.000,0.000,0.000,0.000,0.000000
20005072.000000,2,0.000,0.000,0.000,0.000,0.000,0.000000
20005209.000000,2,0.000,0.000,0.000,0.000,0.000,0.000000
20005349.000000,2,0.000,0.000,0.000,0.000,0.000,0.000000
20005493.000000,2,0.000,0.000,0.000,0.000,0.000,0.000000
20005636.000000,2,0.000,0.000,0.000,0.000,0.000,0.000000
20005771.000000,2,0.000,0.000,0.000,0.000,0.000,0.000000
20005908.000000,2,0.000,0.000,0.000,0.000,0.000,0.000000
20006049.000000,2,0.000,0.000,0.000,0.000,0.000,0.000000
20006184.000000,2,0.000,0.000,0.000,0.000,0.000,0.000000
20006324.000000,2,0.000,0.000,0.000,0.000,0.000,0.000000
20006461.000000,2,0.000,0.000,0.000,0.000,0.000,0.000000
20006596.000000,2,0.000,0.000,0.000,0.000,0.000,0.000000
20006734.000000,2,0.000,0.000,0.000,0.000,0.000,0.000000
20006873.000000,2,0.000,0.000,0.000,0.000,0.000,0.000000
20007008.000000,2,0.000,0.000,0.000,0.000,0.000,0.000000
20007146.000000,2,0.000,0.000,0.000,0.000,0.000,0.000000
20007287.000000,2,0.000,0.000,0.000,0.000,0.000,0.000000
20007425.000000,2,8.000,0.000,0.000,0.000,0.000,8.000000
20007563.000000,2,11.000,0.000,0.000,0.000,0.000,11.000000
20007699.000000,2,11.000,0.000,0.000,0.000,0.000,11.000000
20007832.000000,2,9.000,0.000,0.000,0.000,0.000,9.000000
20007965.000000,2,10.000,0.000,0.000,0.000,0.000,10.000000
20008105.000000,2,10.000,2.000,0.000,0.000,0.000,12.000000
20008243.000000,2,11.000,2.000,0.000,0.000,0.000,13.000000
20008383.000000,2,10.000,0.000,0.000,0.000,0.000,10.000000
20008518.000000,2,11.000,0.000,0.000,0.000,0.000,11.000000
20008658.000000,2,10.000,0.000,0.000,0.000,0.000,10.000000
20008792.000000,2,10.000,0.000,0.000,0.000,0.000,10.000000
20008930.000000,2,4.000,0.000,0.000,0.000,0.000,4.000000
20009066.000000,2,0.000,0.000,0.000,0.000,0.000,0.000000
20009202.000000,2,0.000,0.000,0.000,0.000,0.000,0.000000
20009342.000000,2,0.000,0.000,0.000,0.000,0.000,0.000000
20009482.000000,2,0.000,0.000,0.000,0.000,0.000,0.000000
20009614.000000,2,0.000,0.000,0.000,0.000,0.000,0.000000
20009754.000000,2,0.000,0.000,0.000,0.000,0.000,0.000000
20009895.000000,2,0.000,0.000,0.000,0.000,0.000,0.000000
20010032.000000,2,0.000,0.000,0.000,0.000,0.000,0.000000
20010169.000000,2,0.000,0.000,0.000,0.000,0.000,0.000000
20010309.000000,2,9.000,0.000,0.000,0.000,0.000,9.000000
20010448.000000,2,9.000,0.000,0.000,0.000,0.000,9.000000
20010584.000000,2,10.000,0.000,0.000,0.000,0.000,10.000000
20010725.000000,2,6.000,0.000,0.000,0.000,0.000,6.000000
20010866.000000,2,0.000,0.000,0.000,0.000,0.000,0.000000
20011003.000000,2,0.000,0.000,0.000,0.000,0.000,0.000000
20011143.000000,2,4.000,0.000,0.000,0.000,0.000,4.000000
20011283.000000,2,10.000,0.000,0.000,0.000,0.000,10.000000
20011417.000000,2,11.000,0.000,0.000,0.000,0.000,11.000000
20011554.000000,2,10.000,0.000,0.000,0.000,0.000,10.000000
20011694.000000,2,10.000,0.000,0.000,0.000,0.000,10.000000
20011832.000000,2,10.000,0.000,0.000,0.000,0.000,10.000000
20011969.000000,2,10.000,0.000,0.000,0.000,0.000,10.000000
20012104.000000,2,9.000,0.000,0.000,0.000,0.000,9.000000
20012240.000000,2,11.000,0.000,0.000,0.000,0.000,11.000000
20012377.000000,2,10.000,0.000,0.000,0.000,0.000,10.000000
20012513.000000,2,11.000,0.000,0.000,0.000,0.000,11.000000
20012646.000000,2,9.000,0.000,0.000,0.000,0.000,9.000000
20012782.000000,2,10.000,0.000,0.000,0.000,0.000,10.000000
20012920.000000,2,0.000,0.000,0.000,0.000,0.000,0.000000
20013054.000000,2,0.000,0.000,0.000,0.000,0.000,0.000000
20013194.000000,2,0.000,0.000,0.000,0.000,0.000,0.000000
20013336.000000,2,9.000,0.000,0.000,0.000,0.000,9.000000
20013475.000000,2,10.000,3.000,0.000,0.000,0.000,13.000000
20013612.000000,2,10.000,0.000,0.000,0.000,0.000,10.000000
20013749.000000,2,10.000,0.000,0.000,0.000,0.000,10.000000
20013882.000000,2,10.000,0.000,0.000,0.000,0.000,10.000000
20014014.000000,2,11.000,0.000,0.000,0.000,0.000,11.000000
20014152.000000,2,10.000,0.000,0.000,0.000,0.000,10.000000
20014295.000000,2,10.000,0.000,0.000,0.000,0.000,10.000000
20014429.000000,2,5.000,0.000,0.000,0.000,0.000,5.000000
20014570.000000,2,0.000,0.000,0.000,0.000,0.000,0.000000
20014708.000000,2,0.000,0.000,0.000,0.000,0.000,0.000000
20014849.000000,2,0.000,0.000,0.000,0.000,0.000,0.000000
20014982.000000,2,0.000,0.000,0.000,0.000,0.000,0.000000
20015120.000000,2,0.000,0.000,0.000,0.000,0.000,0.000000
20015257.000000,2,0.000,0.000,0.000,0.000,0.000,0.000000
20015393.000000,2,0.000,0.000,0.000,0.000,0.000,0.000000
20015532.000000,2,0.000,0.000,0.000,0.000,0.000,0.000000
20015669.000000,2,0.000,0.000,0.000,0.000,0.000,0.000000
20015804.000000,2,0.000,0.000,0.000,0.000,0.000,0.000000
20015943.000000,2,6.000,0.000,0.000,0.000,0.000,6.000000
20016083.000000,2,11.000,0.000,0.000,0.000,0.000,11.000000
20016216.000000,2,12.000,0.000,0.000,0.000,0.000,12.000000
20016352.000000,2,11.000,0.000,0.000,0.000,0.000,11.000000
20016497.000000,2,12.000,0.000,0.000,0.000,0.000,12.000000
20016636.000000,2,12.000,0.000,0.000,0.000,0.000,12.000000
20016772.000000,2,13.000,0.000,0.000,0.000,0.000,13.000000
20016915.000000,2,12.000,0.000,0.000,0.000,0.000,12.000000
20017053.000000,2,10.000,9.000,0.000,0.000,0.000,19.000000
20017191.000000,2,11.000,0.000,0.000,0.000,0.000,11.000000
20017331.000000,2,11.000,0.000,0.000,0.000,0.000,11.000000
20017463.000000,2,11.000,0.000,0.000,0.000,0.000,11.000000
20017591.000000,2,13.000,0.000,0.000,0.000,0.000,13.000000
20017726.000000,2,2.000,0.000,0.000,0.000,0.000,2.000000
20017873.000000,2,0.000,0.000,0.000,0.000,0.000,0.000000
20018013.000000,2,0.000,0.000,0.000,0.000,0.000,0.000000
20018154.000000,2,0.000,0.000,0.000,0.000,0.000,0.000000
20018297.000000,2,0.000,0.000,0.000,0.000,0.000,0.000000
20018433.000000,2,0.000,0.000,0.000,0.000,0.000,0.000000
20018569.000000,2,0.000,0.000,0.000,0.000,0.000,0.000000
20018708.000000,2,0.000,0.000,0.000,0.000,0.000,0.000000
20018845.000000,2,0.000,0.000,0.000,0.000,0.000,0.000000
20018984.000000,2,0.000,0.000,0.000,0.000,0.000,0.000000
20019125.000000,2,0.000,0.000,0.000,0.000,0.000,0.000000
20019268.000000,2,0.000,0.000,0.000,0.000,0.000,0.000000
20019410.000000,2,0.000,0.000,0.000,0.000,0.000,0.000000
20019550.000000,2,4.000,0.000,0.000,0.000,0.000,4.000000
20019682.000000,2,10.000,0.000,0.000,0.000,0.000,10.000000
20019822.000000,2,11.000,0.000,0.000,0.000,0.000,11.000000
20019960.000000,2,10.000,0.000,0.000,0.000,0.000,10.000000
20020091.000000,2,9.000,0.000,0.000,0.000,0.000,9.000000
20020227.000000,2,10.000,0.000,0.000,0.000,0.000,10.000000
20020366.000000,2,0.000,0.000,0.000,0.000,0.000,0.000000
20020498.000000,2,0.000,0.000,0.000,0.000,0.000,0.000000
20020640.000000,2,10.000,0.000,0.000,0.000,0.000,10.000000
20020781.000000,2,10.000,0.000,0.000,0.000,0.000,10.000000
20020917.000000,2,11.000,0.000,0.000,0.000,0.000,11.000000
20021054.000000,2,11.000,0.000,0.000,0.000,0.000,11.000000
20021189.000000,2,10.000,0.000,0.000,0.000,0.000,10.000000
20021330.000000,2,11.000,0.000,0.000,0.000,0.000,11.000000
20021471.000000,2,10.000,0.000,0.000,0.000,0.000,10.000000
20021604.000000,2,10.000,0.000,0.000,0.000,0.000,10.000000
20021740.000000,2,11.000,0.000,0.000,0.000,0.000,11.000000
20021883.000000,2,10.000,0.000,0.000,0.000,0.000,10.000000
20022023.000000,2,11.000,0.000,0.000,0.000,0.000,11.000000
20022160.000000,2,10.000,0.000,0.000,0.000,0.000,10.000000
20022300.000000,2,11.000,0.000,0.000,0.000,0.000,11.000000
20022439.000000,2,10.000,0.000,0.000,0.000,0.000,10.000000
20022578.000000,2,10.000,0.000,0.000,0.000,0.000,10.000000
20022719.000000,2,10.000,0.000,0.000,0.000,0.000,10.000000
20022863.000000,2,10.000,0.000,0.000,0.000,0.000,10.000000
20023000.000000,2,10.000,0.000,0.000,0.000,0.000,10.000000
20023143.000000,2,10.000,0.000,0.000,0.000,0.000,10.000000
20023286.000000,2,10.000,0.000,0.000,0.000,0.000,10.000000
20023420.000000,2,11.000,0.000,0.000,0.000,0.000,11.000000
20023555.000000,2,10.000,0.000,0.000,0.000,0.000,10.000000
20023688.000000,2,10.000,0.000,0.000,0.000,0.000,10.000000
20023832.000000,2,11.000,0.000,0.000,0.000,0.000,11.000000
20023973.000000,2,10.000,0.000,0.000,0.000,0.000,10.000000
20024111.000000,2,11.000,0.000,0.000,0.000,0.000,11.000000
20024245.000000,2,10.000,0.000,0.000,0.000,0.000,10.000000
20024395.000000,2,11.000,0.000,0.000,0.000,0.000,11.000000
20024541.000000,2,10.000,0.000,0.000,0.000,0.000,10.000000
20024682.000000,2,9.000,0.000,0.000,0.000,0.000,9.000000
20024820.000000,2,9.000,0.000,0.000,0.000,0.000,9.000000
20024958.000000,2,10.000,0.000,0.000,0.000,0.000,10.000000
20025095.000000,2,10.000,0.000,0.000,0.000,0.000,10.000000
20025233.000000,2,9.000,0.000,0.000,0.000,0.000,9.000000
20025370.000000,2,10.000,0.000,0.000,0.000,0.000,10.000000
20025507.000000,2,11.000,0.000,0.000,0.000,0.000,11.000000
20025648.000000,2,10.000,5.000,0.000,0.000,0.000,15.000000
20025788.000000,2,9.000,9.000,0.000,0.000,0.000,18.000000
20025921.000000,2,11.000,0.000,0.000,0.000,0.000,11.000000
20026063.000000,2,10.000,0.000,0.000,0.000,0.000,10.000000
20026204.000000,2,9.000,0.000,0.000,0.000,0.000,9.000000
20026345.000000,2,2.000,0.000,0.000,0.000,0.000,2.000000
20026476.000000,2,0.000,0.000,0.000,0.000,0.000,0.000000
20026619.000000,2,0.000,0.000,0.000,0.000,0.000,0.000000
20026758.000000,2,0.000,0.000,0.000,0.000,0.000,0.000000
20026896.000000,2,0.000,0.000,0.000,0.000,0.000,0.000000
20027026.000000,2,0.000,0.000,0.000,0.000,0.000,0.000000
20027165.000000,2,0.000,0.000,0.000,0.000,0.000,0.000000
20027295.000000,2,0.000,0.000,0.000,0.000,0.000,0.000000
20027431.000000,2,0.000,0.000,0.000,0.000,0.000,0.000000
20027569.000000,2,0.000,0.000,0.000,0.000,0.000,0.000000
20027702.000000,2,0.000,0.000,0.000,0.000,0.000,0.000000
20027843.000000,2,0.000,0.000,0.000,0.000,0.000,0.000000
20027980.000000,2,0.000,0.000,0.000,0.000,0.000,0.000000
20028122.000000,2,0.000,0.000,0.000,0.000,0.000,0.000000
20028260.000000,2,0.000,0.000,0.000,0.000,0.000,0.000000
20028397.000000,2,0.000,0.000,0.000,0.000,0.000,0.000000
20028533.000000,2,10.000,0.000,0.000,0.000,0.000,10.000000
20028666.000000,2,2.000,0.000,0.000,0.000,0.000,2.000000
20028811.000000,2,0.000,0.000,0.000,0.000,0.000,0.000000
20028943.000000,2,0.000,0.000,0.000,0.000,0.000,0.000000
20029090.000000,2,5.000,0.000,0.000,0.000,0.000,5.000000
20029235.000000,2,10.000,0.000,0.000,0.000,0.000,10.000000
20029376.000000,2,2.000,0.000,0.000,0.000,0.000,2.000000
20029514.000000,2,0.000,0.000,0.000,0.000,0.000,0.000000
20029654.000000,2,0.000,0.000,0.000,0.000,0.000,0.000000
20029793.000000,2,0.000,0.000,0.000,0.000,0.000,0.000000
20029932.000000,2,3.000,0.000,0.000,0.000,0.000,3.000000
20030075.000000,2,11.000,0.000,0.000,0.000,0.000,11.000000
20030210.000000,2,12.000,0.000,0.000,0.000,0.000,12.000000
20030349.000000,2,11.000,0.000,0.000,0.000,0.000,11.000000
20030491.000000,2,10.000,0.000,0.000,0.000,0.000,10.000000
20030628.000000,2,10.000,0.000,0.000,0.000,0.000,10.000000
20030764.000000,2,9.000,0.000,0.000,0.000,0.000,9.000000
20030905.000000,2,8.000,0.000,0.000,0.000,0.000,8.000000
20031040.000000,2,0.000,0.000,0.000,0.000,0.000,0.000000
20031178.000000,2,0.000,0.000,0.000,0.000,0.000,0.000000
20031315.000000,2,0.000,0.000,0.000,0.000,0.000,0.000000
20031452.000000,2,0.000,0.000,0.000,0.000,0.000,0.000000
20031589.000000,2,0.000,0.000,0.000,0.000,0.000,0.000000
20031733.000000,2,0.000,0.000,0.000,0.000,0.000,0.000000
20031870.000000,2,0.000,0.000,0.000,0.000,0.000,0.000000
20032013.000000,2,0.000,0.000,0.000,0.000,0.000,0.000000
20032156.000000,2,0.000,0.000,0.000,0.000,0.000,0.000000
20032299.000000,2,0.000,0.000,0.000,0.000,0.000,0.000000
20032441.000000,2,0.000,0.000,0.000,0.000,0.000,0.000000
20032581.000000,2,11.000,0.000,0.000,0.000,0.000,11.000000
20032723.000000,2,11.000,0.000,0.000,0.000,0.000,11.000000
20032874.000000,2,10.000,0.000,0.000,0.000,0.000,10.000000
20033011.000000,2,10.000,0.000,0.000,0.000,0.000,10.000000
20033146.000000,2,10.000,2.000,0.000,0.000,0.000,12.000000
20033286.000000,2,10.000,4.000,0.000,0.000,0.000,14.000000
20033423.000000,2,10.000,0.000,0.000,0.000,0.000,10.000000
20033563.000000,2,10.000,0.000,0.000,0.000,0.000,10.000000
20033706.000000,2,2.000,0.000,0.000,0.000,0.000,2.000000
20033846.000000,2,5.000,0.000,0.000,0.000,0.000,5.000000
20033988.000000,2,8.000,0.000,0.000,0.000,0.000,8.000000
20034121.000000,2,9.000,0.000,0.000,0.000,0.000,9.000000
20034265.000000,2,8.000,0.000,0.000,0.000,0.000,8.000000
20034403.000000,2,9.000,0.000,0.000,0.000,0.000,9.000000
20034539.000000,2,9.000,0.000,0.000,0.000,0.000,9.000000
20034677.000000,2,0.000,0.000,0.000,0.000,0.000,0.000000
20034818.000000,2,0.000,0.000,0.000,0.000,0.000,0.000000
20034956.000000,2,0.000,0.000,0.000,0.000,0.000,0.000000
20035097.000000,2,4.000,0.000,0.000,0.000,0.000,4.000000
20035236.000000,2,10.000,0.000,0.000,0.000,0.000,10.000000
20035376.000000,2,10.000,0.000,0.000,0.000,0.000,10.000000
20035514.000000,2,9.000,0.000,0.000,0.000,0.000,9.000000
20035642.000000,2,1.000,0.000,0.000,0.000,0.000,1.000000
20035775.000000,2,3.000,0.000,0.000,0.000,0.000,3.000000
20035919.000000,2,10.000,0.000,0.000,0.000,0.000,10.000000
20036059.000000,2,0.000,0.000,0.000,0.000,0.000,0.000000
20036199.000000,2,9.000,0.000,0.000,0.000,0.000,9.000000
20036338.000000,2,11.000,0.000,0.000,0.000,0.000,11.000000
20036474.000000,2,11.000,0.000,0.000,0.000,0.000,11.000000
20036611.000000,2,11.000,0.000,0.000,0.000,0.000,11.000000
20036746.000000,2,11.000,0.000,0.000,0.000,0.000,11.000000
20036889.000000,2,13.000,0.000,0.000,0.000,0.000,13.000000
20037027.000000,2,11.000,0.000,0.000,0.000,0.000,11.000000
20037173.000000,2,12.000,0.000,0.000,0.000,0.000,12.000000
20037310.000000,2,12.000,0.000,0.000,0.000,0.000,12.000000
20037444.000000,2,12.000,0.000,0.000,0.000,0.000,12.000000
20037587.000000,2,10.000,0.000,0.000,0.000,0.000,10.000000
20037720.000000,2,11.000,0.000,0.000,0.000,0.000,11.000000
20037860.000000,2,10.000,0.000,0.000,0.000,0.000,10.000000
20038001.000000,2,0.000,0.000,0.000,0.000,0.000,0.000000
20038143.000000,2,0.000,0.000,0.000,0.000,0.000,0.000000
20038279.000000,2,0.000,0.000,0.000,0.000,0.000,0.000000
20038420.000000,2,0.000,0.000,0.000,0.000,0.000,0.000000
20038560.000000,2,0.000,0.000,0.000,0.000,0.000,0.000000
20038700.000000,2,0.000,0.000,0.000,0.000,0.000,0.000000
20038833.000000,2,0.000,0.000,0.000,0.000,0.000,0.000000
20038972.000000,2,0.000,0.000,0.000,0.000,0.000,0.000000
20039108.000000,2,0.000,0.000,0.000,0.000,0.000,0.000000
20039242.000000,2,0.000,0.000,0.000,0.000,0.000,0.000000
20039381.000000,2,0.000,0.000,0.000,0.000,0.000,0.000000
20039520.000000,2,0.000,0.000,0.000,0.000,0.000,0.000000
20039666.000000,2,0.000,0.000,0.000,0.000,0.000,0.000000
20039802.000000,2,0.000,0.000,0.000,0.000,0.000,0.000000
20039940.000000,2,0.000,0.000,0.000,0.000,0.000,0.000000
20040076.000000,2,0.000,0.000,0.000,0.000,0.000,0.000000
20040211.000000,2,0.000,0.000,0.000,0.000,0.000,0.000000
20040352.000000,2,0.000,0.000,0.000,0.000,0.000,0.000000
20040491.000000,2,0.000,0.000,0.000,0.000,0.000,0.000000
20040625.000000,2,0.000,0.000,0.000,0.000,0.000,0.000000
20040761.000000,2,0.000,0.000,0.000,0.000,0.000,0.000000
20040903.000000,2,0.000,0.000,0.000,0.000,0.000,0.000000
20041043.000000,2,0.000,0.000,0.000,0.000,0.000,0.000000
20041181.000000,2,4.000,0.000,0.000,0.000,0.000,4.000000
20041316.000000,2,10.000,0.000,0.000,0.000,0.000,10.000000
20041456.000000,2,7.000,0.000,0.000,0.000,0.000,7.000000
20041597.000000,2,0.000,0.000,0.000,0.000,0.000,0.000000
20041740.000000,2,0.000,0.000,0.000,0.000,0.000,0.000000
20041876.000000,2,2.000,0.000,0.000,0.000,0.000,2.000000
20042016.000000,2,10.000,0.000,0.000,0.000,0.000,10.000000
20042159.000000,2,11.000,0.000,0.000,0.000,0.000,11.000000
20042305.000000,2,11.000,0.000,0.000,0.000,0.000,11.000000
20042440.000000,2,12.000,0.000,0.000,0.000,0.000,12.000000
20042577.000000,2,13.000,0.000,0.000,0.000,0.000,13.000000
20042717.000000,2,4.000,0.000,0.000,0.000,0.000,4.000000
20042859.000000,2,0.000,0.000,0.000,0.000,0.000,0.000000
20042993.000000,2,0.000,0.000,0.000,0.000,0.000,0.000000
20043125.000000,2,0.000,0.000,0.000,0.000,0.000,0.000000
20043268.000000,2,0.000,0.000,0.000,0.000,0.000,0.000000
20043404.000000,2,0.000,0.000,0.000,0.000,0.000,0.000000
20043541.000000,2,0.000,0.000,0.000,0.000,0.000,0.000000
20043681.000000,2,0.000,0.000,0.000,0.000,0.000,0.000000
20043819.000000,2,0.000,0.000,0.000,0.000,0.000,0.000000
20043962.000000,2,0.000,0.000,0.000,0.000,0.000,0.000000
20044107.000000,2,0.000,0.000,0.000,0.000,0.000,0.000000
20044256.000000,2,1.000,0.000,0.000,0.000,0.000,1.000000
20044398.000000,2,11.000,0.000,0.000,0.000,0.000,11.000000
20044540.000000,2,10.000,10.000,0.000,0.000,0.000,20.000000
20044679.000000,2,11.000,7.000,0.000,0.000,0.000,18.000000
20044818.000000,2,10.000,0.000,0.000,0.000,0.000,10.000000
20044958.000000,2,10.000,0.000,0.000,0.000,0.000,10.000000
20045102.000000,2,11.000,0.000,0.000,0.000,0.000,11.000000
20045244.000000,2,10.000,0.000,0.000,0.000,0.000,10.000000
20045379.000000,2,10.000,0.000,0.000,0.000,0.000,10.000000
20045521.000000,2,10.000,0.000,0.000,0.000,0.000,10.000000
20045662.000000,2,10.000,0.000,0.000,0.000,0.000,10.000000
20045802.000000,2,9.000,0.000,0.000,0.000,0.000,9.000000
20045948.000000,2,10.000,0.000,0.000,0.000,0.000,10.000000
20046086.000000,2,11.000,0.000,0.000,0.000,0.000,11.000000
20046226.000000,2,10.000,0.000,0.000,0.000,0.000,10.000000
20046368.000000,2,11.000,0.000,0.000,0.000,0.000,11.000000
20046508.000000,2,10.000,0.000,0.000,0.000,0.000,10.000000
20046646.000000,2,10.000,0.000,0.000,0.000,0.000,10.000000
20046785.000000,2,10.000,0.000,0.000,0.000,0.000,10.000000
20046928.000000,2,11.000,0.000,0.000,0.000,0.000,11.000000
20047060.000000,2,10.000,0.000,0.000,0.000,0.000,10.000000
20047198.000000,2,10.000,0.000,0.000,0.000,0.000,10.000000
20047333.000000,2,10.000,0.000,0.000,0.000,0.000,10.000000
20047474.000000,2,10.000,0.000,0.000,0.000,0.000,10.000000
20047612.000000,2,10.000,0.000,0.000,0.000,0.000,10.000000
20047755.000000,2,10.000,0.000,0.000,0.000,0.000,10.000000
20047894.000000,2,10.000,0.000,0.000,0.000,0.000,10.000000
20048032.000000,2,10.000,0.000,0.000,0.000,0.000,10.000000
20048168.000000,2,10.000,0.000,0.000,0.000,0.000,10.000000
20048299.000000,2,9.000,0.000,0.000,0.000,0.000,9.000000
20048437.000000,2,11.000,0.000,0.000,0.000,0.000,11.000000
20048579.000000,2,10.000,0.000,0.000,0.000,0.000,10.000000
20048717.000000,2,10.000,0.000,0.000,0.000,0.000,10.000000
20048860.000000,2,10.000,0.000,0.000,0.000,0.000,10.000000
20048999.000000,2,11.000,0.000,0.000,0.000,0.000,11.000000
20049133.000000,2,10.000,0.000,0.000,0.000,0.000,10.000000
20049271.000000,2,5.000,0.000,0.000,0.000,0.000,5.000000
20049408.000000,2,0.000,0.000,0.000,0.000,0.000,0.000000
20049551.000000,2,0.000,0.000,0.000,0.000,0.000,0.000000
20049691.000000,2,0.000,0.000,0.000,0.000,0.000,0.000000
20049824.000000,2,0.000,0.000,0.000,0.000,0.000,0.000000
20049970.000000,2,0.000,0.000,0.000,0.000,0.000,0.000000
20050108.000000,2,0.000,0.000,0.000,0.000,0.000,0.000000
20050245.000000,2,0.000,0.000,0.000,0.000,0.000,0.000000
20050379.000000,2,3.000,0.000,0.000,0.000,0.000,3.000000
20050524.000000,2,9.000,0.000,0.000,0.000,0.000,9.000000
20050669.000000,2,9.000,0.000,0.000,0.000,0.000,9.000000
20050808.000000,2,3.000,0.000,0.000,0.000,0.000,3.000000
20050946.000000,2,0.000,0.000,0.000,0.000,0.000,0.000000
20051079.000000,2,0.000,0.000,0.000,0.000,0.000,0.000000
20051216.000000,2,10.000,0.000,0.000,0.000,0.000,10.000000
20051357.000000,2,10.000,0.000,0.000,0.000,0.000,10.000000
20051501.000000,2,10.000,0.000,0.000,0.000,0.000,10.000000
20051640.000000,2,7.000,0.000,0.000,0.000,0.000,7.000000
20051783.000000,2,0.000,0.000,0.000,0.000,0.000,0.000000
20051918.000000,2,0.000,0.000,0.000,0.000,0.000,0.000000
20052053.000000,2,0.000,0.000,0.000,0.000,0.000,0.000000
20052194.000000,2,0.000,0.000,0.000,0.000,0.000,0.000000
20052334.000000,2,0.000,0.000,0.000,0.000,0.000,0.000000
20052475.000000,2,5.000,0.000,0.000,0.000,0.000,5.000000
20052616.000000,2,7.000,0.000,0.000,0.000,0.000,7.000000
20052750.000000,2,6.000,0.000,0.000,0.000,0.000,6.000000
20052888.000000,2,7.000,1.000,0.000,0.000,0.000,8.000000
20053023.000000,2,10.000,7.000,0.000,0.000,0.000,17.000000
20053163.000000,2,9.000,7.000,0.000,0.000,0.000,16.000000
20053302.000000,2,9.000,7.000,0.000,0.000,0.000,16.000000
20053444.000000,2,8.000,3.000,0.000,0.000,0.000,11.000000
20053583.000000,2,7.000,0.000,0.000,0.000,0.000,7.000000
20053724.000000,2,6.000,0.000,0.000,0.000,0.000,6.000000
20053865.000000,2,7.000,0.000,0.000,0.000,0.000,7.000000
20054004.000000,2,8.000,0.000,0.000,0.000,0.000,8.000000
20054145.000000,2,7.000,0.000,0.000,0.000,0.000,7.000000
20054289.000000,2,7.000,0.000,0.000,0.000,0.000,7.000000
20054430.000000,2,7.000,0.000,0.000,0.000,0.000,7.000000
20054570.000000,2,9.000,5.000,0.000,0.000,0.000,14.000000
20054709.000000,2,8.000,3.000,0.000,0.000,0.000,11.000000
20054852.000000,2,8.000,0.000,0.000,0.000,0.000,8.000000
20054989.000000,2,7.000,0.000,0.000,0.000,0.000,7.000000
20055125.000000,2,8.000,0.000,0.000,0.000,0.000,8.000000
20055259.000000,2,8.000,0.000,0.000,0.000,0.000,8.000000
20055403.000000,2,8.000,3.000,0.000,0.000,0.000,11.000000
20055538.000000,2,8.000,8.000,0.000,0.000,0.000,16.000000
20055681.000000,2,7.000,0.000,0.000,0.000,0.000,7.000000
20055823.000000,2,7.000,0.000,0.000,0.000,0.000,7.000000
20055962.000000,2,7.000,0.000,0.000,0.000,0.000,7.000000
20056100.000000,2,6.000,0.000,0.000,0.000,0.000,6.000000
20056239.000000,2,7.000,0.000,0.000,0.000,0.000,7.000000
20056374.000000,2,7.000,0.000,0.000,0.000,0.000,7.000000
20056511.000000,2,7.000,0.000,0.000,0.000,0.000,7.000000
20056661.000000,2,6.000,0.000,0.000,0.000,0.000,6.000000
20056806.000000,2,8.000,2.000,0.000,0.000,0.000,10.000000
20056947.000000,2,10.000,7.000,0.000,0.000,0.000,17.000000
20057085.000000,2,10.000,6.000,0.000,0.000,0.000,16.000000
20057229.000000,2,10.000,6.000,0.000,0.000,0.000,16.000000
20057366.000000,2,10.000,7.000,0.000,0.000,0.000,17.000000
20057506.000000,2,7.000,1.000,0.000,0.000,0.000,8.000000
20057651.000000,2,7.000,0.000,0.000,0.000,0.000,7.000000
20057781.000000,2,7.000,0.000,0.000,0.000,0.000,7.000000
20057917.000000,2,7.000,0.000,0.000,0.000,0.000,7.000000
20058061.000000,2,8.000,0.000,0.000,0.000,0.000,8.000000
20058199.000000,2,7.000,0.000,0.000,0.000,0.000,7.000000
20058343.000000,2,7.000,0.000,0.000,0.000,0.000,7.000000
20058490.000000,2,7.000,0.000,0.000,0.000,0.000,7.000000
20058623.000000,2,8.000,0.000,0.000,0.000,0.000,8.000000
20058764.000000,2,7.000,0.000,0.000,0.000,0.000,7.000000
20058901.000000,2,5.000,0.000,0.000,0.000,0.000,5.000000
20059040.000000,2,0.000,0.000,0.000,0.000,0.000,0.000000
20059179.000000,2,0.000,0.000,0.000,0.000,0.000,0.000000
20059320.000000,2,0.000,0.000,0.000,0.000,0.000,0.000000
20059463.000000,2,0.000,0.000,0.000,0.000,0.000,0.000000
20059599.000000,2,0.000,0.000,0.000,0.000,0.000,0.000000
20059738.000000,2,0.000,0.000,0.000,0.000,0.000,0.000000
20059876.000000,2,0.000,0.000,0.000,0.000,0.000,0.000000
20060020.000000,2,0.000,0.000,0.000,0.000,0.000,0.000000
20060154.000000,2,0.000,0.000,0.000,0.000,0.000,0.000000
20060299.000000,2,0.000,0.000,0.000,0.000,0.000,0.000000
20060440.000000,2,0.000,0.000,0.000,0.000,0.000,0.000000
20060584.000000,2,0.000,0.000,0.000,0.000,0.000,0.000000
20060729.000000,2,0.000,0.000,0.000,0.000,0.000,0.000000
20060870.000000,2,0.000,0.000,0.000,0.000,0.000,0.000000
20061009.000000,2,0.000,0.000,0.000,0.000,0.000,0.000000
20061152.000000,2,0.000,0.000,0.000,0.000,0.000,0.000000
20061292.000000,2,0.000,0.000,0.000,0.000,0.000,0.000000
20061437.000000,2,0.000,0.000,0.000,0.000,0.000,0.000000
20061580.000000,2,0.000,0.000,0.000,0.000,0.000,0.000000
20061722.000000,2,0.000,0.000,0.000,0.000,0.000,0.000000
20061856.000000,2,0.000,0.000,0.000,0.000,0.000,0.000000
20061998.000000,2,0.000,0.000,0.000,0.000,0.000,0.000000
20062143.000000,2,0.000,0.000,0.000,0.000,0.000,0.000000
20062283.000000,2,3.000,0.000,0.000,0.000,0.000,3.000000
20062421.000000,2,0.000,0.000,0.000,0.000,0.000,0.000000
20062557.000000,2,0.000,0.000,0.000,0.000,0.000,0.000000
20062703.000000,2,0.000,0.000,0.000,0.000,0.000,0.000000
20062843.000000,2,0.000,0.000,0.000,0.000,0.000,0.000000
20062979.000000,2,0.000,0.000,0.000,0.000,0.000,0.000000
20063117.000000,2,0.000,0.000,0.000,0.000,0.000,0.000000
20063259.000000,2,10.000,0.000,0.000,0.000,0.000,10.000000
20063397.000000,2,0.000,0.000,0.000,0.000,0.000,0.000000
20063531.000000,2,0.000,0.000,0.000,0.000,0.000,0.000000
20063677.000000,2,0.000,0.000,0.000,0.000,0.000,0.000000
20063821.000000,2,0.000,0.000,0.000,0.000,0.000,0.000000
20063964.000000,2,0.000,0.000,0.000,0.000,0.000,0.000000
20064104.000000,2,1.000,0.000,0.000,0.000,0.000,1.000000
20064250.000000,2,7.000,0.000,0.000,0.000,0.000,7.000000
20064388.000000,2,0.000,0.000,0.000,0.000,0.000,0.000000
20064528.000000,2,0.000,0.000,0.000,0.000,0.000,0.000000
20064676.000000,2,0.000,0.000,0.000,0.000,0.000,0.000000
20064808.000000,2,0.000,0.000,0.000,0.000,0.000,0.000000
20064946.000000,2,0.000,0.000,0.000,0.000,0.000,0.000000
20065080.000000,2,0.000,0.000,0.000,0.000,0.000,0.000000
20065222.000000,2,0.000,0.000,0.000,0.000,0.000,0.000000
20065362.000000,2,6.000,0.000,0.000,0.000,0.000,6.000000
20065502.000000,2,5.000,0.000,0.000,0.000,0.000,5.000000
20065640.000000,2,0.000,0.000,0.000,0.000,0.000,0.000000
20065782.000000,2,0.000,0.000,0.000,0.000,0.000,0.000000
20065916.000000,2,0.000,0.000,0.000,0.000,0.000,0.000000
20066053.000000,2,7.000,0.000,0.000,0.000,0.000,7.000000
20066202.000000,2,7.000,0.000,0.000,0.000,0.000,7.000000
20066341.000000,2,6.000,0.000,0.000,0.000,0.000,6.000000
20066481.000000,2,7.000,0.000,0.000,0.000,0.000,7.000000
20066624.000000,2,7.000,0.000,0.000,0.000,0.000,7.000000
20066765.000000,2,7.000,0.000,0.000,0.000,0.000,7.000000
20066901.000000,2,7.000,0.000,0.000,0.000,0.000,7.000000
20067053.000000,2,7.000,0.000,0.000,0.000,0.000,7.000000
20067194.000000,2,8.000,0.000,0.000,0.000,0.000,8.000000
20067328.000000,2,7.000,0.000,0.000,0.000,0.000,7.000000
20067465.000000,2,7.000,0.000,0.000,0.000,0.000,7.000000
20067601.000000,2,7.000,0.000,0.000,0.000,0.000,7.000000
20067744.000000,2,8.000,0.000,0.000,0.000,0.000,8.000000
20067884.000000,2,7.000,0.000,0.000,0.000,0.000,7.000000
20068027.000000,2,7.000,0.000,0.000,0.000,0.000,7.000000
20068172.000000,2,7.000,0.000,0.000,0.000,0.000,7.000000
20068307.000000,2,7.000,0.000,0.000,0.000,0.000,7.000000
20068444.000000,2,2.000,0.000,0.000,0.000,0.000,2.000000
20068578.000000,2,7.000,0.000,0.000,0.000,0.000,7.000000
20068720.000000,2,6.000,0.000,0.000,0.000,0.000,6.000000
20068854.000000,2,7.000,0.000,0.000,0.000,0.000,7.000000
20068990.000000,2,7.000,0.000,0.000,0.000,0.000,7.000000
20069127.000000,2,9.000,6.000,0.000,0.000,0.000,15.000000
20069269.000000,2,8.000,0.000,0.000,0.000,0.000,8.000000
20069403.000000,2,8.000,0.000,0.000,0.000,0.000,8.000000
20069548.000000,2,8.000,0.000,0.000,0.000,0.000,8.000000
20069690.000000,2,8.000,0.000,0.000,0.000,0.000,8.000000
20069831.000000,2,7.000,0.000,0.000,0.000,0.000,7.000000
20069971.000000,2,8.000,0.000,0.000,0.000,0.000,8.000000
20070113.000000,2,7.000,0.000,0.000,0.000,0.000,7.000000
20070256.000000,2,7.000,0.000,0.000,0.000,0.000,7.000000
20070396.000000,2,7.000,0.000,0.000,0.000,0.000,7.000000
20070535.000000,2,7.000,0.000,0.000,0.000,0.000,7.000000
20070681.000000,2,7.000,0.000,0.000,0.000,0.000,7.000000
20070820.000000,2,7.000,2.000,0.000,0.000,0.000,9.000000
20070955.000000,2,11.000,7.000,0.000,0.000,0.000,18.000000
20071098.000000,2,11.000,6.000,0.000,0.000,0.000,17.000000
20071242.000000,2,10.000,7.000,0.000,0.000,0.000,17.000000
20071389.000000,2,11.000,6.000,0.000,0.000,0.000,17.000000
20071527.000000,2,9.000,7.000,0.000,0.000,0.000,16.000000
20071664.000000,2,7.000,0.000,0.000,0.000,0.000,7.000000
20071806.000000,2,6.000,0.000,0.000,0.000,0.000,6.000000
20071945.000000,2,7.000,0.000,0.000,0.000,0.000,7.000000
20072085.000000,2,7.000,0.000,0.000,0.000,0.000,7.000000
20072228.000000,2,7.000,0.000,0.000,0.000,0.000,7.000000
20072365.000000,2,7.000,0.000,0.000,0.000,0.000,7.000000
20072508.000000,2,7.000,0.000,0.000,0.000,0.000,7.000000
20072655.000000,2,7.000,0.000,0.000,0.000,0.000,7.000000
20072796.000000,2,8.000,4.000,0.000,0.000,0.000,12.000000
20072935.000000,2,10.000,6.000,0.000,0.000,0.000,16.000000
20073071.000000,2,9.000,7.000,0.000,0.000,0.000,16.000000
20073210.000000,2,10.000,8.000,0.000,0.000,0.000,18.000000
20073347.000000,2,9.000,8.000,0.000,0.000,0.000,17.000000
20073487.000000,2,10.000,7.000,0.000,0.000,0.000,17.000000
20073632.000000,2,9.000,5.000,0.000,0.000,0.000,14.000000
20073769.000000,2,7.000,0.000,0.000,0.000,0.000,7.000000
20073904.000000,2,6.000,0.000,0.000,0.000,0.000,6.000000
20074037.000000,2,7.000,0.000,0.000,0.000,0.000,7.000000
20074177.000000,2,7.000,0.000,0.000,0.000,0.000,7.000000
20074312.000000,2,7.000,0.000,0.000,0.000,0.000,7.000000
20074450.000000,2,7.000,0.000,0.000,0.000,0.000,7.000000
20074591.000000,2,9.000,8.000,0.000,0.000,0.000,17.000000
20074736.000000,2,9.000,9.000,4.000,0.000,0.000,22.000000
20074875.000000,2,8.000,7.000,0.000,0.000,0.000,15.000000
20075012.000000,2,9.000,0.000,0.000,0.000,0.000,9.000000
20075155.000000,2,8.000,0.000,0.000,0.000,0.000,8.000000
20075300.000000,2,8.000,0.000,0.000,0.000,0.000,8.000000
20075437.000000,2,7.000,0.000,0.000,0.000,0.000,7.000000
20075575.000000,2,8.000,3.000,0.000,0.000,0.000,11.000000
20075715.000000,2,7.000,0.000,0.000,0.000,0.000,7.000000
20075848.000000,2,7.000,0.000,0.000,0.000,0.000,7.000000
20075993.000000,2,8.000,3.000,0.000,0.000,0.000,11.000000
20076129.000000,2,8.000,3.000,0.000,0.000,0.000,11.000000
20076266.000000,2,6.000,0.000,0.000,0.000,0.000,6.000000
20076407.000000,2,7.000,0.000,0.000,0.000,0.000,7.000000
20076542.000000,2,6.000,0.000,0.000,0.000,0.000,6.000000
20076683.000000,2,7.000,0.000,0.000,0.000,0.000,7.000000
20076825.000000,2,6.000,0.000,0.000,0.000,0.000,6.000000
20076965.000000,2,10.000,0.000,0.000,0.000,0.000,10.000000
20077103.000000,2,10.000,0.000,0.000,0.000,0.000,10.000000
20077247.000000,2,8.000,0.000,0.000,0.000,0.000,8.000000
20077392.000000,2,6.000,0.000,0.000,0.000,0.000,6.000000
20077528.000000,2,7.000,0.000,0.000,0.000,0.000,7.000000
20077661.000000,2,0.000,0.000,0.000,0.000,0.000,0.000000
20077800.000000,2,0.000,0.000,0.000,0.000,0.000,0.000000
20077945.000000,2,0.000,0.000,0.000,0.000,0.000,0.000000
20078084.000000,2,2.000,0.000,0.000,0.000,0.000,2.000000
20078213.000000,2,9.000,4.000,0.000,0.000,0.000,13.000000
20078353.000000,2,6.000,0.000,0.000,0.000,0.000,6.000000
20078490.000000,2,6.000,0.000,0.000,0.000,0.000,6.000000
20078627.000000,2,8.000,0.000,0.000,0.000,0.000,8.000000
20078764.000000,2,8.000,0.000,0.000,0.000,0.000,8.000000
20078911.000000,2,8.000,0.000,0.000,0.000,0.000,8.000000
20079051.000000,2,9.000,0.000,0.000,0.000,0.000,9.000000
20079197.000000,2,10.000,0.000,0.000,0.000,0.000,10.000000
20079334.000000,2,0.000,0.000,0.000,0.000,0.000,0.000000
20079473.000000,2,0.000,0.000,0.000,0.000,0.000,0.000000
20079609.000000,2,0.000,0.000,0.000,0.000,0.000,0.000000
20079756.000000,2,0.000,0.000,0.000,0.000,0.000,0.000000
20079896.000000,2,0.000,0.000,0.000,0.000,0.000,0.000000
20080040.000000,2,0.000,0.000,0.000,0.000,0.000,0.000000
20080182.000000,2,0.000,0.000,0.000,0.000,0.000,0.000000
20080316.000000,2,0.000,0.000,0.000,0.000,0.000,0.000000
20080452.000000,2,0.000,0.000,0.000,0.000,0.000,0.000000
20080587.000000,2,0.000,0.000,0.000,0.000,0.000,0.000000
20080727.000000,2,0.000,0.000,0.000,0.000,0.000,0.000000
20080867.000000,2,0.000,0.000,0.000,0.000,0.000,0.000000
20081012.000000,2,0.000,0.000,0.000,0.000,0.000,0.000000
20081157.000000,2,0.000,0.000,0.000,0.000,0.000,0.000000
20081293.000000,2,0.000,0.000,0.000,0.000,0.000,0.000000
20081435.000000,2,0.000,0.000,0.000,0.000,0.000,0.000000
20081573.000000,2,0.000,0.000,0.000,0.000,0.000,0.000000
20081715.000000,2,0.000,0.000,0.000,0.000,0.000,0.000000
20081859.000000,2,0.000,0.000,0.000,0.000,0.000,0.000000
20082002.000000,2,0.000,0.000,0.000,0.000,0.000,0.000000
20082143.000000,2,0.000,0.000,0.000,0.000,0.000,0.000000
20082280.000000,2,0.000,0.000,0.000,0.000,0.000,0.000000
20082415.000000,2,0.000,0.000,0.000,0.000,0.000,0.000000
20082555.000000,2,2.000,0.000,0.000,0.000,0.000,2.000000
20082692.000000,2,9.000,0.000,0.000,0.000,0.000,9.000000
20082838.000000,2,2.000,0.000,0.000,0.000,0.000,2.000000
20082983.000000,2,0.000,0.000,0.000,0.000,0.000,0.000000
20083121.000000,2,0.000,0.000,0.000,0.000,0.000,0.000000
20083259.000000,2,0.000,0.000,0.000,0.000,0.000,0.000000
20083404.000000,2,0.000,0.000,0.000,0.000,0.000,0.000000
20083541.000000,2,0.000,0.000,0.000,0.000,0.000,0.000000
20083674.000000,2,0.000,0.000,0.000,0.000,0.000,0.000000
20083809.000000,2,6.000,0.000,0.000,0.000,0.000,6.000000
20083949.000000,2,0.000,0.000,0.000,0.000,0.000,0.000000
20084087.000000,2,0.000,0.000,0.000,0.000,0.000,0.000000
20084223.000000,2,0.000,0.000,0.000,0.000,0.000,0.000000
20084367.000000,2,0.000,0.000,0.000,0.000,0.000,0.000000
20084506.000000,2,0.000,0.000,0.000,0.000,0.000,0.000000
20084646.000000,2,0.000,0.000,0.000,0.000,0.000,0.000000
20084790.000000,2,0.000,0.000,0.000,0.000,0.000,0.000000
20084929.000000,2,0.000,0.000,0.000,0.000,0.000,0.000000
20085068.000000,3,13.000,0.000,0.000,0.000,0.000,13.000000
20085215.000000,3,14.000,0.000,0.000,0.000,0.000,14.000000
20085355.000000,3,14.000,0.000,0.000,0.000,0.000,14.000000
20085490.000000,3,15.000,0.000,0.000,0.000,0.000,15.000000
20085630.000000,3,14.000,0.000,0.000,0.000,0.000,14.000000
20085777.000000,3,14.000,0.000,0.000,0.000,0.000,14.000000
20085913.000000,3,11.000,11.000,0.000,0.000,0.000,22.000000
20086056.000000,3,10.000,14.000,0.000,0.000,0.000,24.000000
20086197.000000,3,12.000,5.000,0.000,0.000,0.000,17.000000
20086338.000000,3,12.000,7.000,0.000,0.000,0.000,19.000000
20086474.000000,3,11.000,12.000,0.000,0.000,0.000,23.000000
20086616.000000,3,11.000,14.000,0.000,0.000,0.000,25.000000
20086748.000000,3,9.000,14.000,0.000,0.000,0.000,23.000000
20086891.000000,3,12.000,12.000,0.000,0.000,0.000,24.000000
20087034.000000,3,11.000,14.000,0.000,0.000,0.000,25.000000
20087177.000000,3,10.000,14.000,0.000,0.000,0.000,24.000000
20087317.000000,3,10.000,15.000,0.000,0.000,0.000,25.000000
20087458.000000,3,10.000,14.000,0.000,0.000,0.000,24.000000
20087598.000000,3,10.000,14.000,0.000,0.000,0.000,24.000000
20087736.000000,3,10.000,15.000,0.000,0.000,0.000,25.000000
20087878.000000,3,10.000,14.000,0.000,0.000,0.000,24.000000
20088014.000000,3,11.000,14.000,0.000,0.000,0.000,25.000000
20088151.000000,3,10.000,14.000,0.000,0.000,0.000,24.000000
20088295.000000,3,11.000,10.000,0.000,0.000,0.000,21.000000
20088432.000000,3,14.000,0.000,0.000,0.000,0.000,14.000000
20088572.000000,3,15.000,0.000,0.000,0.000,0.000,15.000000
20088711.000000,3,14.000,0.000,0.000,0.000,0.000,14.000000
20088847.000000,3,14.000,0.000,0.000,0.000,0.000,14.000000
20088985.000000,3,15.000,0.000,0.000,0.000,0.000,15.000000
20089122.000000,3,14.000,0.000,0.000,0.000,0.000,14.000000
20089261.000000,3,14.000,0.000,0.000,0.000,0.000,14.000000
20089404.000000,3,14.000,0.000,0.000,0.000,0.000,14.000000
20089548.000000,3,15.000,0.000,0.000,0.000,0.000,15.000000
20089685.000000,3,14.000,0.000,0.000,0.000,0.000,14.000000
20089823.000000,3,14.000,0.000,0.000,0.000,0.000,14.000000
20089960.000000,3,15.000,0.000,0.000,0.000,0.000,15.000000
20090100.000000,3,14.000,0.000,0.000,0.000,0.000,14.000000
20090248.000000,3,14.000,0.000,0.000,0.000,0.000,14.000000
20090390.000000,3,14.000,0.000,0.000,0.000,0.000,14.000000
20090535.000000,3,15.000,0.000,0.000,0.000,0.000,15.000000
20090674.000000,3,14.000,0.000,0.000,0.000,0.000,14.000000
20090814.000000,3,14.000,0.000,0.000,0.000,0.000,14.000000
20090955.000000,3,15.000,0.000,0.000,0.000,0.000,15.000000
20091094.000000,3,14.000,0.000,0.000,0.000,0.000,14.000000
20091237.000000,3,14.000,0.000,0.000,0.000,0.000,14.000000
20091379.000000,3,14.000,0.000,0.000,0.000,0.000,14.000000
20091524.000000,3,15.000,0.000,0.000,0.000,0.000,15.000000
20091659.000000,3,14.000,0.000,0.000,0.000,0.000,14.000000
20091800.000000,3,14.000,0.000,0.000,0.000,0.000,14.000000
20091937.000000,3,15.000,0.000,0.000,0.000,0.000,15.000000
20092074.000000,3,14.000,0.000,0.000,0.000,0.000,14.000000
20092219.000000,3,14.000,0.000,0.000,0.000,0.000,14.000000
20092366.000000,3,14.000,0.000,0.000,0.000,0.000,14.000000
20092505.000000,3,14.000,0.000,0.000,0.000,0.000,14.000000
20092638.000000,3,11.000,0.000,0.000,0.000,0.000,11.000000
20092775.000000,3,12.000,0.000,0.000,0.000,0.000,12.000000
20092915.000000,3,12.000,0.000,0.000,0.000,0.000,12.000000
20093053.000000,3,12.000,0.000,0.000,0.000,0.000,12.000000
20093192.000000,3,12.000,0.000,0.000,0.000,0.000,12.000000
20093329.000000,3,0.000,0.000,0.000,0.000,0.000,0.000000
20093460.000000,3,0.000,0.000,0.000,0.000,0.000,0.000000
20093602.000000,3,5.000,0.000,0.000,0.000,0.000,5.000000
20093738.000000,3,10.000,0.000,0.000,0.000,0.000,10.000000
20093882.000000,3,10.000,0.000,0.000,0.000,0.000,10.000000
20094023.000000,3,9.000,7.000,0.000,0.000,0.000,16.000000
20094166.000000,3,11.000,12.000,0.000,0.000,0.000,23.000000
20094303.000000,3,10.000,12.000,0.000,0.000,0.000,22.000000
20094444.000000,3,10.000,11.000,0.000,0.000,0.000,21.000000
20094579.000000,3,10.000,12.000,0.000,0.000,0.000,22.000000
20094714.000000,3,11.000,12.000,0.000,0.000,0.000,23.000000
20094855.000000,3,10.000,12.000,0.000,0.000,0.000,22.000000
20094998.000000,3,10.000,12.000,0.000,0.000,0.000,22.000000
20095140.000000,3,10.000,13.000,0.000,0.000,0.000,23.000000
20095275.000000,3,9.000,12.000,0.000,0.000,0.000,21.000000
20095415.000000,3,10.000,12.000,0.000,0.000,0.000,22.000000
20095550.000000,3,12.000,1.000,0.000,0.000,0.000,13.000000
20095693.000000,3,11.000,6.000,0.000,0.000,0.000,17.000000
20095834.000000,3,12.000,0.000,0.000,0.000,0.000,12.000000
20095974.000000,3,12.000,0.000,0.000,0.000,0.000,12.000000
20096104.000000,3,12.000,0.000,0.000,0.000,0.000,12.000000
20096237.000000,3,12.000,0.000,0.000,0.000,0.000,12.000000
20096379.000000,3,12.000,0.000,0.000,0.000,0.000,12.000000
20096528.000000,3,12.000,0.000,0.000,0.000,0.000,12.000000
20096671.000000,3,12.000,0.000,0.000,0.000,0.000,12.000000
20096813.000000,3,12.000,0.000,0.000,0.000,0.000,12.000000
20096957.000000,3,12.000,0.000,0.000,0.000,0.000,12.000000
20097100.000000,3,12.000,0.000,0.000,0.000,0.000,12.000000
20097237.000000,3,12.000,0.000,0.000,0.000,0.000,12.000000
20097385.000000,3,15.000,0.000,0.000,0.000,0.000,15.000000
20097523.000000,3,14.000,0.000,0.000,0.000,0.000,14.000000
20097673.000000,3,14.000,0.000,0.000,0.000,0.000,14.000000
20097815.000000,3,15.000,0.000,0.000,0.000,0.000,15.000000
20097953.000000,3,14.000,0.000,0.000,0.000,0.000,14.000000
20098096.000000,3,14.000,0.000,0.000,0.000,0.000,14.000000
20098232.000000,3,14.000,0.000,0.000,0.000,0.000,14.000000
20098375.000000,3,15.000,0.000,0.000,0.000,0.000,15.000000
20098514.000000,3,14.000,0.000,0.000,0.000,0.000,14.000000
20098655.000000,3,14.000,0.000,0.000,0.000,0.000,14.000000
20098799.000000,3,15.000,0.000,0.000,0.000,0.000,15.000000
20098936.000000,3,14.000,0.000,0.000,0.000,0.000,14.000000
20099070.000000,3,14.000,0.000,0.000,0.000,0.000,14.000000
20099208.000000,3,14.000,0.000,0.000,0.000,0.000,14.000000
20099351.000000,3,15.000,0.000,0.000,0.000,0.000,15.000000
20099493.000000,3,14.000,0.000,0.000,0.000,0.000,14.000000
20099630.000000,3,14.000,0.000,0.000,0.000,0.000,14.000000
20099772.000000,3,15.000,0.000,0.000,0.000,0.000,15.000000
20099917.000000,3,14.000,0.000,0.000,0.000,0.000,14.000000
20100054.000000,3,14.000,0.000,0.000,0.000,0.000,14.000000
20100194.000000,3,14.000,0.000,0.000,0.000,0.000,14.000000
20100333.000000,3,15.000,0.000,0.000,0.000,0.000,15.000000
20100478.000000,3,14.000,0.000,0.000,0.000,0.000,14.000000
20100619.000000,3,14.000,10.000,0.000,0.000,0.000,24.000000
20100751.000000,3,13.000,0.000,0.000,0.000,0.000,13.000000
20100897.000000,3,14.000,0.000,0.000,0.000,0.000,14.000000
20101037.000000,3,14.000,0.000,0.000,0.000,0.000,14.000000
20101182.000000,3,15.000,0.000,0.000,0.000,0.000,15.000000
20101327.000000,3,14.000,0.000,0.000,0.000,0.000,14.000000
20101474.000000,3,14.000,0.000,0.000,0.000,0.000,14.000000
20101616.000000,3,14.000,0.000,0.000,0.000,0.000,14.000000
20101754.000000,3,15.000,0.000,0.000,0.000,0.000,15.000000
20101895.000000,3,14.000,0.000,0.000,0.000,0.000,14.000000
20102032.000000,3,14.000,0.000,0.000,0.000,0.000,14.000000
20102168.000000,3,15.000,0.000,0.000,0.000,0.000,15.000000
20102314.000000,3,14.000,0.000,0.000,0.000,0.000,14.000000
20102456.000000,3,13.000,3.000,0.000,0.000,0.000,16.000000
20102589.000000,3,11.000,7.000,0.000,0.000,0.000,18.000000
20102724.000000,3,8.000,15.000,0.000,0.000,0.000,23.000000
20102862.000000,3,9.000,14.000,0.000,0.000,0.000,23.000000
20102997.000000,3,13.000,1.000,0.000,0.000,0.000,14.000000
20103135.000000,3,14.000,0.000,0.000,0.000,0.000,14.000000
20103270.000000,3,14.000,0.000,0.000,0.000,0.000,14.000000
20103413.000000,3,15.000,0.000,0.000,0.000,0.000,15.000000
20103551.000000,3,14.000,0.000,0.000,0.000,0.000,14.000000
20103688.000000,3,13.000,3.000,0.000,0.000,0.000,16.000000
20103822.000000,3,10.000,12.000,0.000,0.000,0.000,22.000000
20103958.000000,3,11.000,12.000,0.000,0.000,0.000,23.000000
20104097.000000,3,10.000,12.000,0.000,0.000,0.000,22.000000
20104232.000000,3,10.000,12.000,0.000,0.000,0.000,22.000000
20104370.000000,3,10.000,12.000,0.000,0.000,0.000,22.000000
20104508.000000,3,9.000,14.000,0.000,0.000,0.000,23.000000
20104653.000000,3,9.000,15.000,0.000,0.000,0.000,24.000000
20104793.000000,3,10.000,14.000,0.000,0.000,0.000,24.000000
20104929.000000,3,11.000,14.000,0.000,0.000,0.000,25.000000
20105070.000000,3,10.000,12.000,7.000,0.000,0.000,29.000000
20105208.000000,3,10.000,11.000,5.000,0.000,0.000,26.000000
20105350.000000,3,11.000,9.000,0.000,0.000,0.000,20.000000
20105494.000000,3,11.000,0.000,0.000,0.000,0.000,11.000000
20105633.000000,3,13.000,0.000,0.000,0.000,0.000,13.000000
20105774.000000,3,12.000,0.000,0.000,0.000,0.000,12.000000
20105913.000000,3,12.000,0.000,0.000,0.000,0.000,12.000000
20106053.000000,3,12.000,0.000,0.000,0.000,0.000,12.000000
20106196.000000,3,14.000,0.000,0.000,0.000,0.000,14.000000
20106343.000000,3,14.000,0.000,0.000,0.000,0.000,14.000000
20106484.000000,3,15.000,0.000,0.000,0.000,0.000,15.000000
20106625.000000,3,14.000,0.000,0.000,0.000,0.000,14.000000
20106764.000000,3,14.000,0.000,0.000,0.000,0.000,14.000000
20106902.000000,3,14.000,0.000,0.000,0.000,0.000,14.000000
20107043.000000,3,15.000,0.000,0.000,0.000,0.000,15.000000
20107177.000000,3,14.000,0.000,0.000,0.000,0.000,14.000000
20107312.000000,3,14.000,0.000,0.000,0.000,0.000,14.000000
20107444.000000,3,15.000,0.000,0.000,0.000,0.000,15.000000
20107579.000000,3,14.000,0.000,0.000,0.000,0.000,14.000000
20107714.000000,3,14.000,0.000,0.000,0.000,0.000,14.000000
20107856.000000,3,14.000,0.000,0.000,0.000,0.000,14.000000
20108004.000000,3,7.000,0.000,0.000,0.000,0.000,7.000000
20108139.000000,3,0.000,0.000,0.000,0.000,0.000,0.000000
20108272.000000,3,0.000,0.000,0.000,0.000,0.000,0.000000
20108413.000000,3,0.000,0.000,0.000,0.000,0.000,0.000000
20108549.000000,3,0.000,0.000,0.000,0.000,0.000,0.000000
20108682.000000,3,0.000,0.000,0.000,0.000,0.000,0.000000
20108817.000000,3,0.000,0.000,0.000,0.000,0.000,0.000000
20108955.000000,3,0.000,0.000,0.000,0.000,0.000,0.000000
20109092.000000,3,0.000,0.000,0.000,0.000,0.000,0.000000
20109233.000000,3,0.000,0.000,0.000,0.000,0.000,0.000000
20109378.000000,3,0.000,0.000,0.000,0.000,0.000,0.000000
20109516.000000,3,4.000,0.000,0.000,0.000,0.000,4.000000
20109655.000000,3,10.000,13.000,0.000,0.000,0.000,23.000000
20109788.000000,3,10.000,13.000,0.000,0.000,0.000,23.000000
20109929.000000,3,11.000,14.000,0.000,0.000,0.000,25.000000
20110067.000000,3,10.000,14.000,0.000,0.000,0.000,24.000000
20110214.000000,3,11.000,8.000,0.000,0.000,0.000,19.000000
20110351.000000,3,12.000,0.000,0.000,0.000,0.000,12.000000
20110495.000000,3,12.000,0.000,0.000,0.000,0.000,12.000000
20110628.000000,3,12.000,0.000,0.000,0.000,0.000,12.000000
20110770.000000,3,12.000,0.000,0.000,0.000,0.000,12.000000
20110909.000000,3,12.000,0.000,0.000,0.000,0.000,12.000000
20111039.000000,3,11.000,4.000,0.000,0.000,0.000,15.000000
20111183.000000,3,11.000,7.000,0.000,0.000,0.000,18.000000
20111320.000000,3,12.000,1.000,0.000,0.000,0.000,13.000000
20111459.000000,3,11.000,7.000,0.000,0.000,0.000,18.000000
20111595.000000,3,12.000,0.000,0.000,0.000,0.000,12.000000
20111731.000000,3,12.000,0.000,0.000,0.000,0.000,12.000000
20111874.000000,3,12.000,0.000,0.000,0.000,0.000,12.000000
20112016.000000,3,12.000,0.000,0.000,0.000,0.000,12.000000
20112154.000000,3,12.000,0.000,0.000,0.000,0.000,12.000000
20112298.000000,3,13.000,0.000,0.000,0.000,0.000,13.000000
20112438.000000,3,12.000,0.000,0.000,0.000,0.000,12.000000
20112572.000000,3,11.000,0.000,0.000,0.000,0.000,11.000000
20112717.000000,3,12.000,0.000,0.000,0.000,0.000,12.000000
20112851.000000,3,14.000,0.000,0.000,0.000,0.000,14.000000
20112992.000000,3,14.000,0.000,0.000,0.000,0.000,14.000000
20113128.000000,3,14.000,0.000,0.000,0.000,0.000,14.000000
20113264.000000,3,15.000,0.000,0.000,0.000,0.000,15.000000
20113410.000000,3,14.000,0.000,0.000,0.000,0.000,14.000000
20113549.000000,3,14.000,0.000,0.000,0.000,0.000,14.000000
20113691.000000,3,14.000,0.000,0.000,0.000,0.000,14.000000
20113827.000000,3,15.000,0.000,0.000,0.000,0.000,15.000000
20113960.000000,3,14.000,0.000,0.000,0.000,0.000,14.000000
20114096.000000,3,14.000,0.000,0.000,0.000,0.000,14.000000
20114237.000000,3,15.000,0.000,0.000,0.000,0.000,15.000000
20114378.000000,3,14.000,0.000,0.000,0.000,0.000,14.000000
20114523.000000,3,14.000,0.000,0.000,0.000,0.000,14.000000
20114664.000000,3,14.000,0.000,0.000,0.000,0.000,14.000000
20114799.000000,3,15.000,0.000,0.000,0.000,0.000,15.000000
20114938.000000,3,14.000,0.000,0.000,0.000,0.000,14.000000
20115076.000000,3,14.000,0.000,0.000,0.000,0.000,14.000000
20115213.000000,3,15.000,0.000,0.000,0.000,0.000,15.000000
20115353.000000,3,14.000,0.000,0.000,0.000,0.000,14.000000
20115492.000000,3,14.000,0.000,0.000,0.000,0.000,14.000000
20115635.000000,3,14.000,0.000,0.000,0.000,0.000,14.000000
20115776.000000,3,15.000,0.000,0.000,0.000,0.000,15.000000
20115919.000000,3,14.000,0.000,0.000,0.000,0.000,14.000000
20116060.000000,3,14.000,0.000,0.000,0.000,0.000,14.000000
20116198.000000,3,15.000,0.000,0.000,0.000,0.000,15.000000
20116336.000000,3,14.000,0.000,0.000,0.000,0.000,14.000000
20116468.000000,3,14.000,0.000,0.000,0.000,0.000,14.000000
20116604.000000,3,14.000,0.000,0.000,0.000,0.000,14.000000
20116743.000000,3,13.000,0.000,0.000,0.000,0.000,13.000000
20116888.000000,3,12.000,0.000,0.000,0.000,0.000,12.000000
20117022.000000,3,12.000,0.000,0.000,0.000,0.000,12.000000
20117159.000000,3,11.000,0.000,0.000,0.000,0.000,11.000000
20117298.000000,3,12.000,0.000,0.000,0.000,0.000,12.000000
20117431.000000,3,11.000,0.000,0.000,0.000,0.000,11.000000
20117571.000000,3,11.000,0.000,0.000,0.000,0.000,11.000000
20117710.000000,3,11.000,0.000,0.000,0.000,0.000,11.000000
20117845.000000,3,11.000,8.000,0.000,0.000,0.000,19.000000
20117980.000000,3,11.000,13.000,0.000,0.000,0.000,24.000000
20118114.000000,3,10.000,12.000,0.000,0.000,0.000,22.000000
20118253.000000,3,10.000,13.000,0.000,0.000,0.000,23.000000
20118394.000000,3,14.000,0.000,0.000,0.000,0.000,14.000000
20118535.000000,3,15.000,0.000,0.000,0.000,0.000,15.000000
20118674.000000,3,14.000,0.000,0.000,0.000,0.000,14.000000
20118814.000000,3,14.000,0.000,0.000,0.000,0.000,14.000000
20118958.000000,3,15.000,0.000,0.000,0.000,0.000,15.000000
20119102.000000,3,14.000,0.000,0.000,0.000,0.000,14.000000
20119241.000000,3,14.000,0.000,0.000,0.000,0.000,14.000000
20119378.000000,3,14.000,0.000,0.000,0.000,0.000,14.000000
20119515.000000,3,15.000,0.000,0.000,0.000,0.000,15.000000
20119650.000000,3,14.000,0.000,0.000,0.000,0.000,14.000000
20119793.000000,3,14.000,0.000,0.000,0.000,0.000,14.000000
20119928.000000,3,15.000,0.000,0.000,0.000,0.000,15.000000
20120071.000000,3,14.000,0.000,0.000,0.000,0.000,14.000000
20120209.000000,3,14.000,0.000,0.000,0.000,0.000,14.000000
20120344.000000,3,14.000,0.000,0.000,0.000,0.000,14.000000
20120482.000000,3,15.000,0.000,0.000,0.000,0.000,15.000000
20120621.000000,3,14.000,0.000,0.000,0.000,0.000,14.000000
20120758.000000,3,14.000,0.000,0.000,0.000,0.000,14.000000
20120896.000000,3,15.000,0.000,0.000,0.000,0.000,15.000000
20121034.000000,3,14.000,0.000,0.000,0.000,0.000,14.000000
20121177.000000,3,14.000,0.000,0.000,0.000,0.000,14.000000
20121314.000000,3,14.000,0.000,0.000,0.000,0.000,14.000000
20121457.000000,3,15.000,0.000,0.000,0.000,0.000,15.000000
20121597.000000,3,14.000,0.000,0.000,0.000,0.000,14.000000
20121728.000000,3,14.000,0.000,0.000,0.000,0.000,14.000000
20121864.000000,3,15.000,0.000,0.000,0.000,0.000,15.000000
20122004.000000,3,14.000,0.000,0.000,0.000,0.000,14.000000
20122146.000000,3,14.000,0.000,0.000,0.000,0.000,14.000000
20122282.000000,3,14.000,0.000,0.000,0.000,0.000,14.000000
20122416.000000,3,15.000,0.000,0.000,0.000,0.000,15.000000
20122553.000000,3,14.000,0.000,0.000,0.000,0.000,14.000000
20122692.000000,3,14.000,0.000,0.000,0.000,0.000,14.000000
20122828.000000,3,13.000,0.000,0.000,0.000,0.000,13.000000
20122965.000000,3,12.000,0.000,0.000,0.000,0.000,12.000000
20123105.000000,3,12.000,0.000,0.000,0.000,0.000,12.000000
20123246.000000,3,12.000,0.000,0.000,0.000,0.000,12.000000
20123389.000000,3,13.000,0.000,0.000,0.000,0.000,13.000000
20123534.000000,3,14.000,0.000,0.000,0.000,0.000,14.000000
20123681.000000,3,14.000,0.000,0.000,0.000,0.000,14.000000
20123818.000000,3,12.000,0.000,0.000,0.000,0.000,12.000000
20123962.000000,3,12.000,0.000,0.000,0.000,0.000,12.000000
20124099.000000,3,12.000,0.000,0.000,0.000,0.000,12.000000
20124235.000000,3,12.000,0.000,0.000,0.000,0.000,12.000000
20124375.000000,3,12.000,0.000,0.000,0.000,0.000,12.000000
20124515.000000,3,13.000,0.000,0.000,0.000,0.000,13.000000
20124658.000000,3,12.000,0.000,0.000,0.000,0.000,12.000000
20124799.000000,3,11.000,0.000,0.000,0.000,0.000,11.000000
20124932.000000,3,13.000,0.000,0.000,0.000,0.000,13.000000
20125077.000000,3,12.000,0.000,0.000,0.000,0.000,12.000000
20125216.000000,3,12.000,0.000,0.000,0.000,0.000,12.000000
20125354.000000,3,11.000,0.000,0.000,0.000,0.000,11.000000
20125498.000000,3,12.000,0.000,0.000,0.000,0.000,12.000000
20125634.000000,3,12.000,0.000,0.000,0.000,0.000,12.000000
20125776.000000,3,12.000,0.000,0.000,0.000,0.000,12.000000
20125913.000000,3,13.000,0.000,0.000,0.000,0.000,13.000000
20126052.000000,3,14.000,0.000,0.000,0.000,0.000,14.000000
20126190.000000,3,15.000,0.000,0.000,0.000,0.000,15.000000
20126327.000000,3,14.000,0.000,0.000,0.000,0.000,14.000000
20126466.000000,3,14.000,0.000,0.000,0.000,0.000,14.000000
20126605.000000,3,14.000,0.000,0.000,0.000,0.000,14.000000
20126750.000000,3,15.000,0.000,0.000,0.000,0.000,15.000000
20126890.000000,3,14.000,0.000,0.000,0.000,0.000,14.000000
20127027.000000,3,14.000,0.000,0.000,0.000,0.000,14.000000
20127170.000000,3,14.000,0.000,0.000,0.000,0.000,14.000000
20127317.000000,3,15.000,0.000,0.000,0.000,0.000,15.000000
20127463.000000,3,14.000,0.000,0.000,0.000,0.000,14.000000
20127604.000000,3,14.000,0.000,0.000,0.000,0.000,14.000000
20127743.000000,3,14.000,0.000,0.000,0.000,0.000,14.000000
20127887.000000,3,15.000,0.000,0.000,0.000,0.000,15.000000
20128028.000000,3,14.000,0.000,0.000,0.000,0.000,14.000000
20128168.000000,3,14.000,0.000,0.000,0.000,0.000,14.000000
20128299.000000,3,15.000,0.000,0.000,0.000,0.000,15.000000
20128437.000000,3,14.000,0.000,0.000,0.000,0.000,14.000000
20128574.000000,3,14.000,0.000,0.000,0.000,0.000,14.000000
20128708.000000,3,14.000,0.000,0.000,0.000,0.000,14.000000
20128845.000000,3,15.000,0.000,0.000,0.000,0.000,15.000000
20128980.000000,3,14.000,0.000,0.000,0.000,0.000,14.000000
20129119.000000,3,14.000,0.000,0.000,0.000,0.000,14.000000
20129257.000000,3,15.000,0.000,0.000,0.000,0.000,15.000000
20129403.000000,3,14.000,0.000,0.000,0.000,0.000,14.000000
20129548.000000,3,14.000,0.000,0.000,0.000,0.000,14.000000
20129700.000000,3,14.000,0.000,0.000,0.000,0.000,14.000000
20129838.000000,3,15.000,0.000,0.000,0.000,0.000,15.000000
20129987.000000,3,14.000,0.000,0.000,0.000,0.000,14.000000
20130123.000000,3,14.000,0.000,0.000,0.000,0.000,14.000000
20130264.000000,3,15.000,0.000,0.000,0.000,0.000,15.000000
20130405.000000,3,14.000,0.000,0.000,0.000,0.000,14.000000
20130548.000000,3,14.000,0.000,0.000,0.000,0.000,14.000000
20130689.000000,3,14.000,0.000,0.000,0.000,0.000,14.000000
20130828.000000,3,15.000,0.000,0.000,0.000,0.000,15.000000
20130974.000000,3,14.000,0.000,0.000,0.000,0.000,14.000000
20131111.000000,3,14.000,0.000,0.000,0.000,0.000,14.000000
20131251.000000,3,15.000,0.000,0.000,0.000,0.000,15.000000
20131390.000000,3,14.000,0.000,0.000,0.000,0.000,14.000000
20131527.000000,3,14.000,0.000,0.000,0.000,0.000,14.000000
20131659.000000,3,14.000,0.000,0.000,0.000,0.000,14.000000
20131807.000000,3,15.000,0.000,0.000,0.000,0.000,15.000000
20131944.000000,3,14.000,0.000,0.000,0.000,0.000,14.000000
20132090.000000,3,14.000,0.000,0.000,0.000,0.000,14.000000
20132231.000000,3,15.000,0.000,0.000,0.000,0.000,15.000000
20132374.000000,3,14.000,0.000,0.000,0.000,0.000,14.000000
20132520.000000,3,14.000,0.000,0.000,0.000,0.000,14.000000
20132665.000000,3,14.000,0.000,0.000,0.000,0.000,14.000000
20132811.000000,3,15.000,0.000,0.000,0.000,0.000,15.000000
20132951.000000,3,14.000,0.000,0.000,0.000,0.000,14.000000
20133095.000000,3,14.000,0.000,0.000,0.000,0.000,14.000000
20133230.000000,3,15.000,0.000,0.000,0.000,0.000,15.000000
20133361.000000,3,14.000,0.000,0.000,0.000,0.000,14.000000
20133494.000000,3,14.000,0.000,0.000,0.000,0.000,14.000000
20133624.000000,3,14.000,0.000,0.000,0.000,0.000,14.000000
20133760.000000,3,15.000,0.000,0.000,0.000,0.000,15.000000
20133895.000000,3,14.000,0.000,0.000,0.000,0.000,14.000000
20134033.000000,3,14.000,0.000,0.000,0.000,0.000,14.000000
20134168.000000,3,15.000,0.000,0.000,0.000,0.000,15.000000
20134308.000000,3,2.000,0.000,0.000,0.000,0.000,2.000000
20134443.000000,3,8.000,0.000,0.000,0.000,0.000,8.000000
20134575.000000,3,11.000,0.000,0.000,0.000,0.000,11.000000
20134705.000000,3,6.000,0.000,0.000,0.000,0.000,6.000000
20134845.000000,3,0.000,0.000,0.000,0.000,0.000,0.000000
20134979.000000,3,0.000,0.000,0.000,0.000,0.000,0.000000
20135119.000000,3,0.000,0.000,0.000,0.000,0.000,0.000000
20135255.000000,3,3.000,0.000,0.000,0.000,0.000,3.000000
20135393.000000,3,15.000,0.000,0.000,0.000,0.000,15.000000
20135525.000000,3,14.000,0.000,0.000,0.000,0.000,14.000000
20135668.000000,3,10.000,14.000,0.000,0.000,0.000,24.000000
20135811.000000,3,14.000,2.000,0.000,0.000,0.000,16.000000
20135946.000000,3,15.000,0.000,0.000,0.000,0.000,15.000000
20136085.000000,3,14.000,0.000,0.000,0.000,0.000,14.000000
20136220.000000,3,14.000,0.000,0.000,0.000,0.000,14.000000
20136356.000000,3,14.000,0.000,0.000,0.000,0.000,14.000000
20136487.000000,3,15.000,0.000,0.000,0.000,0.000,15.000000
20136619.000000,3,14.000,0.000,0.000,0.000,0.000,14.000000
20136755.000000,3,14.000,0.000,0.000,0.000,0.000,14.000000
20136901.000000,3,15.000,0.000,0.000,0.000,0.000,15.000000
20137041.000000,3,14.000,0.000,0.000,0.000,0.000,14.000000
20137177.000000,3,14.000,0.000,0.000,0.000,0.000,14.000000
20137308.000000,3,14.000,0.000,0.000,0.000,0.000,14.000000
20137432.000000,3,15.000,0.000,0.000,0.000,0.000,15.000000
20137566.000000,3,14.000,0.000,0.000,0.000,0.000,14.000000
20137702.000000,3,14.000,0.000,0.000,0.000,0.000,14.000000
20137834.000000,3,15.000,0.000,0.000,0.000,0.000,15.000000
20137968.000000,3,14.000,0.000,0.000,0.000,0.000,14.000000
20138108.000000,3,14.000,0.000,0.000,0.000,0.000,14.000000
20138247.000000,3,14.000,0.000,0.000,0.000,0.000,14.000000
20138388.000000,3,15.000,0.000,0.000,0.000,0.000,15.000000
20138524.000000,3,14.000,0.000,0.000,0.000,0.000,14.000000
20138653.000000,3,14.000,0.000,0.000,0.000,0.000,14.000000
20138792.000000,3,15.000,0.000,0.000,0.000,0.000,15.000000
20138918.000000,3,14.000,0.000,0.000,0.000,0.000,14.000000
20139052.000000,3,14.000,0.000,0.000,0.000,0.000,14.000000
20139191.000000,3,14.000,0.000,0.000,0.000,0.000,14.000000
20139323.000000,3,15.000,0.000,0.000,0.000,0.000,15.000000
20139459.000000,3,14.000,0.000,0.000,0.000,0.000,14.000000
20139596.000000,3,13.000,5.000,0.000,0.000,0.000,18.000000
20139739.000000,3,13.000,2.000,0.000,0.000,0.000,15.000000
20139874.000000,3,13.000,4.000,0.000,0.000,0.000,17.000000
20140007.000000,3,14.000,0.000,0.000,0.000,0.000,14.000000
20140137.000000,3,14.000,0.000,0.000,0.000,0.000,14.000000
20140266.000000,3,15.000,0.000,0.000,0.000,0.000,15.000000
20140403.000000,3,14.000,0.000,0.000,0.000,0.000,14.000000
20140537.000000,3,14.000,0.000,0.000,0.000,0.000,14.000000
20140675.000000,3,15.000,0.000,0.000,0.000,0.000,15.000000
20140808.000000,3,14.000,0.000,0.000,0.000,0.000,14.000000
20140943.000000,3,14.000,0.000,0.000,0.000,0.000,14.000000
20141080.000000,3,14.000,0.000,0.000,0.000,0.000,14.000000
20141214.000000,3,15.000,0.000,0.000,0.000,0.000,15.000000
20141347.000000,3,14.000,0.000,0.000,0.000,0.000,14.000000
20141484.000000,3,14.000,0.000,0.000,0.000,0.000,14.000000
20141616.000000,3,15.000,0.000,0.000,0.000,0.000,15.000000
20141758.000000,3,14.000,0.000,0.000,0.000,0.000,14.000000
20141889.000000,3,14.000,0.000,0.000,0.000,0.000,14.000000
20142023.000000,3,14.000,0.000,0.000,0.000,0.000,14.000000
20142165.000000,3,11.000,11.000,0.000,0.000,0.000,22.000000
20142313.000000,3,9.000,14.000,0.000,0.000,0.000,23.000000
20142455.000000,3,10.000,15.000,0.000,0.000,0.000,25.000000
20142596.000000,3,12.000,11.000,0.000,0.000,0.000,23.000000
20142727.000000,3,14.000,10.000,0.000,0.000,0.000,24.000000
20142862.000000,3,14.000,9.000,0.000,0.000,0.000,23.000000
20142995.000000,3,11.000,13.000,0.000,0.000,0.000,24.000000
20143134.000000,3,9.000,14.000,0.000,0.000,0.000,23.000000
20143260.000000,3,10.000,14.000,0.000,0.000,0.000,24.000000
20143394.000000,3,11.000,11.000,0.000,0.000,0.000,22.000000
20143527.000000,3,14.000,0.000,0.000,0.000,0.000,14.000000
20143669.000000,3,14.000,0.000,0.000,0.000,0.000,14.000000
20143809.000000,3,14.000,0.000,0.000,0.000,0.000,14.000000
20143941.000000,3,15.000,0.000,0.000,0.000,0.000,15.000000
20144082.000000,3,14.000,0.000,0.000,0.000,0.000,14.000000
20144221.000000,3,14.000,0.000,0.000,0.000,0.000,14.000000
20144356.000000,3,15.000,0.000,0.000,0.000,0.000,15.000000
20144492.000000,3,14.000,0.000,0.000,0.000,0.000,14.000000
20144624.000000,3,14.000,0.000,0.000,0.000,0.000,14.000000
20144757.000000,3,14.000,0.000,0.000,0.000,0.000,14.000000
20144892.000000,3,15.000,0.000,0.000,0.000,0.000,15.000000
20145025.000000,3,14.000,0.000,0.000,0.000,0.000,14.000000
20145164.000000,3,14.000,0.000,0.000,0.000,0.000,14.000000
20145307.000000,3,15.000,0.000,0.000,0.000,0.000,15.000000
20145450.000000,3,14.000,0.000,0.000,0.000,0.000,14.000000
20145584.000000,3,14.000,0.000,0.000,0.000,0.000,14.000000
20145717.000000,3,14.000,0.000,0.000,0.000,0.000,14.000000
20145850.000000,3,15.000,0.000,0.000,0.000,0.000,15.000000
20145985.000000,3,14.000,0.000,0.000,0.000,0.000,14.000000
20146121.000000,3,14.000,0.000,0.000,0.000,0.000,14.000000
20146252.000000,3,15.000,0.000,0.000,0.000,0.000,15.000000
20146394.000000,3,14.000,0.000,0.000,0.000,0.000,14.000000
20146534.000000,3,14.000,0.000,0.000,0.000,0.000,14.000000
20146666.000000,3,14.000,0.000,0.000,0.000,0.000,14.000000
20146802.000000,3,15.000,0.000,0.000,0.000,0.000,15.000000
20146936.000000,3,14.000,0.000,0.000,0.000,0.000,14.000000
20147064.000000,3,14.000,0.000,0.000,0.000,0.000,14.000000
20147208.000000,3,15.000,0.000,0.000,0.000,0.000,15.000000
20147337.000000,3,6.000,0.000,0.000,0.000,0.000,6.000000
20147484.000000,3,2.000,0.000,0.000,0.000,0.000,2.000000
20147622.000000,3,0.000,0.000,0.000,0.000,0.000,0.000000
20147763.000000,3,0.000,0.000,0.000,0.000,0.000,0.000000
20147895.000000,3,0.000,0.000,0.000,0.000,0.000,0.000000
20148028.000000,3,0.000,0.000,0.000,0.000,0.000,0.000000
20148156.000000,3,0.000,0.000,0.000,0.000,0.000,0.000000
20148283.000000,3,0.000,0.000,0.000,0.000,0.000,0.000000
20148421.000000,3,0.000,0.000,0.000,0.000,0.000,0.000000
20148558.000000,3,13.000,0.000,0.000,0.000,0.000,13.000000
20148697.000000,3,13.000,2.000,0.000,0.000,0.000,15.000000
20148832.000000,3,10.000,14.000,0.000,0.000,0.000,24.000000
20148965.000000,3,10.000,15.000,0.000,0.000,0.000,25.000000
20149100.000000,3,11.000,14.000,0.000,0.000,0.000,25.000000
20149233.000000,3,14.000,1.000,0.000,0.000,0.000,15.000000
20149373.000000,3,14.000,0.000,0.000,0.000,0.000,14.000000
20149516.000000,3,14.000,0.000,0.000,0.000,0.000,14.000000
20149660.000000,3,15.000,0.000,0.000,0.000,0.000,15.000000
20149793.000000,3,14.000,0.000,0.000,0.000,0.000,14.000000
20149926.000000,3,14.000,0.000,0.000,0.000,0.000,14.000000
20150058.000000,3,14.000,0.000,0.000,0.000,0.000,14.000000
20150194.000000,3,15.000,0.000,0.000,0.000,0.000,15.000000
20150325.000000,3,14.000,0.000,0.000,0.000,0.000,14.000000
20150460.000000,3,14.000,0.000,0.000,0.000,0.000,14.000000
20150596.000000,3,15.000,0.000,0.000,0.000,0.000,15.000000
20150725.000000,3,14.000,0.000,0.000,0.000,0.000,14.000000
20150853.000000,3,14.000,0.000,0.000,0.000,0.000,14.000000
20150993.000000,3,14.000,0.000,0.000,0.000,0.000,14.000000
20151126.000000,3,15.000,0.000,0.000,0.000,0.000,15.000000
20151256.000000,3,14.000,0.000,0.000,0.000,0.000,14.000000
20151391.000000,3,14.000,0.000,0.000,0.000,0.000,14.000000
20151519.000000,3,15.000,0.000,0.000,0.000,0.000,15.000000
20151657.000000,3,14.000,0.000,0.000,0.000,0.000,14.000000
20151788.000000,3,14.000,0.000,0.000,0.000,0.000,14.000000
20151916.000000,3,14.000,0.000,0.000,0.000,0.000,14.000000
20152053.000000,3,15.000,0.000,0.000,0.000,0.000,15.000000
20152192.000000,3,14.000,0.000,0.000,0.000,0.000,14.000000
20152317.000000,3,14.000,0.000,0.000,0.000,0.000,14.000000
20152458.000000,3,15.000,0.000,0.000,0.000,0.000,15.000000
20152598.000000,3,14.000,0.000,0.000,0.000,0.000,14.000000
20152733.000000,3,14.000,0.000,0.000,0.000,0.000,14.000000
20152872.000000,3,14.000,0.000,0.000,0.000,0.000,14.000000
20153011.000000,3,15.000,0.000,0.000,0.000,0.000,15.000000
20153136.000000,3,14.000,0.000,0.000,0.000,0.000,14.000000
20153275.000000,3,14.000,0.000,0.000,0.000,0.000,14.000000
20153416.000000,3,15.000,0.000,0.000,0.000,0.000,15.000000
20153555.000000,3,14.000,0.000,0.000,0.000,0.000,14.000000
20153693.000000,3,14.000,0.000,0.000,0.000,0.000,14.000000
20153830.000000,3,14.000,0.000,0.000,0.000,0.000,14.000000
20153959.000000,3,15.000,0.000,0.000,0.000,0.000,15.000000
20154094.000000,3,14.000,0.000,0.000,0.000,0.000,14.000000
20154224.000000,3,14.000,0.000,0.000,0.000,0.000,14.000000
20154358.000000,3,15.000,0.000,0.000,0.000,0.000,15.000000
20154495.000000,3,14.000,0.000,0.000,0.000,0.000,14.000000
20154634.000000,3,14.000,0.000,0.000,0.000,0.000,14.000000
20154783.000000,3,14.000,0.000,0.000,0.000,0.000,14.000000
20154935.000000,3,15.000,0.000,0.000,0.000,0.000,15.000000
20155082.000000,3,14.000,0.000,0.000,0.000,0.000,14.000000
20155220.000000,3,14.000,0.000,0.000,0.000,0.000,14.000000
20155363.000000,3,15.000,0.000,0.000,0.000,0.000,15.000000
20155502.000000,3,14.000,0.000,0.000,0.000,0.000,14.000000
20155638.000000,3,14.000,0.000,0.000,0.000,0.000,14.000000
20155768.000000,3,14.000,0.000,0.000,0.000,0.000,14.000000
20155905.000000,3,15.000,0.000,0.000,0.000,0.000,15.000000
20156045.000000,3,14.000,0.000,0.000,0.000,0.000,14.000000
20156177.000000,3,14.000,0.000,0.000,0.000,0.000,14.000000
20156313.000000,3,15.000,0.000,0.000,0.000,0.000,15.000000
20156448.000000,3,14.000,0.000,0.000,0.000,0.000,14.000000
20156574.000000,3,14.000,0.000,0.000,0.000,0.000,14.000000
20156711.000000,3,14.000,0.000,0.000,0.000,0.000,14.000000
20156852.000000,3,15.000,0.000,0.000,0.000,0.000,15.000000
20156988.000000,3,14.000,0.000,0.000,0.000,0.000,14.000000
20157127.000000,3,14.000,0.000,0.000,0.000,0.000,14.000000
20157265.000000,3,15.000,0.000,0.000,0.000,0.000,15.000000
20157403.000000,3,14.000,0.000,0.000,0.000,0.000,14.000000
20157539.000000,3,14.000,0.000,0.000,0.000,0.000,14.000000
20157673.000000,3,14.000,0.000,0.000,0.000,0.000,14.000000
20157816.000000,3,12.000,9.000,0.000,0.000,0.000,21.000000
20157952.000000,3,14.000,0.000,0.000,0.000,0.000,14.000000
20158093.000000,3,14.000,0.000,0.000,0.000,0.000,14.000000
20158229.000000,3,15.000,0.000,0.000,0.000,0.000,15.000000
20158369.000000,3,14.000,0.000,0.000,0.000,0.000,14.000000
20158504.000000,3,14.000,0.000,0.000,0.000,0.000,14.000000
20158641.000000,3,15.000,0.000,0.000,0.000,0.000,15.000000
20158781.000000,3,14.000,0.000,0.000,0.000,0.000,14.000000
20158914.000000,3,14.000,0.000,0.000,0.000,0.000,14.000000
20159052.000000,3,14.000,0.000,0.000,0.000,0.000,14.000000
20159187.000000,3,15.000,0.000,0.000,0.000,0.000,15.000000
20159315.000000,3,14.000,0.000,0.000,0.000,0.000,14.000000
20159451.000000,3,14.000,0.000,0.000,0.000,0.000,14.000000
20159587.000000,3,15.000,0.000,0.000,0.000,0.000,15.000000
20159726.000000,3,14.000,0.000,0.000,0.000,0.000,14.000000
20159877.000000,3,14.000,0.000,0.000,0.000,0.000,14.000000
20160012.000000,3,14.000,0.000,0.000,0.000,0.000,14.000000
20160145.000000,3,15.000,0.000,0.000,0.000,0.000,15.000000
20160283.000000,3,14.000,0.000,0.000,0.000,0.000,14.000000
20160414.000000,3,14.000,0.000,0.000,0.000,0.000,14.000000
20160550.000000,3,15.000,0.000,0.000,0.000,0.000,15.000000
20160694.000000,3,14.000,0.000,0.000,0.000,0.000,14.000000
20160826.000000,3,14.000,0.000,0.000,0.000,0.000,14.000000
20160959.000000,3,14.000,0.000,0.000,0.000,0.000,14.000000
20161092.000000,3,15.000,0.000,0.000,0.000,0.000,15.000000
20161232.000000,3,14.000,0.000,0.000,0.000,0.000,14.000000
20161374.000000,3,14.000,0.000,0.000,0.000,0.000,14.000000
20161510.000000,3,15.000,0.000,0.000,0.000,0.000,15.000000
20161645.000000,3,14.000,0.000,0.000,0.000,0.000,14.000000
20161777.000000,3,14.000,0.000,0.000,0.000,0.000,14.000000
20161912.000000,3,14.000,0.000,0.000,0.000,0.000,14.000000
20162051.000000,3,15.000,0.000,0.000,0.000,0.000,15.000000
20162194.000000,3,14.000,0.000,0.000,0.000,0.000,14.000000
20162326.000000,3,14.000,0.000,0.000,0.000,0.000,14.000000
20162457.000000,3,15.000,0.000,0.000,0.000,0.000,15.000000
20162592.000000,3,14.000,0.000,0.000,0.000,0.000,14.000000
20162726.000000,3,14.000,0.000,0.000,0.000,0.000,14.000000
20162863.000000,3,14.000,0.000,0.000,0.000,0.000,14.000000
20162995.000000,3,15.000,0.000,0.000,0.000,0.000,15.000000
20163132.000000,3,14.000,0.000,0.000,0.000,0.000,14.000000
20163270.000000,3,14.000,0.000,0.000,0.000,0.000,14.000000
20163404.000000,3,15.000,0.000,0.000,0.000,0.000,15.000000
20163535.000000,3,14.000,0.000,0.000,0.000,0.000,14.000000
20163668.000000,3,14.000,0.000,0.000,0.000,0.000,14.000000
20163801.000000,3,14.000,0.000,0.000,0.000,0.000,14.000000
20163937.000000,3,15.000,0.000,0.000,0.000,0.000,15.000000
20164067.000000,3,14.000,0.000,0.000,0.000,0.000,14.000000
20164204.000000,3,14.000,0.000,0.000,0.000,0.000,14.000000
20164337.000000,3,15.000,0.000,0.000,0.000,0.000,15.000000
20164475.000000,3,14.000,0.000,0.000,0.000,0.000,14.000000
20164606.000000,3,14.000,0.000,0.000,0.000,0.000,14.000000
20164748.000000,3,14.000,0.000,0.000,0.000,0.000,14.000000
20164877.000000,3,15.000,0.000,0.000,0.000,0.000,15.000000
20165006.000000,3,14.000,0.000,0.000,0.000,0.000,14.000000
20165140.000000,3,14.000,0.000,0.000,0.000,0.000,14.000000
20165279.000000,3,15.000,0.000,0.000,0.000,0.000,15.000000
20165408.000000,3,14.000,0.000,0.000,0.000,0.000,14.000000
20165544.000000,3,14.000,0.000,0.000,0.000,0.000,14.000000
20165679.000000,3,14.000,0.000,0.000,0.000,0.000,14.000000
20165824.000000,3,15.000,0.000,0.000,0.000,0.000,15.000000
20165962.000000,3,14.000,0.000,0.000,0.000,0.000,14.000000
20166109.000000,3,14.000,0.000,0.000,0.000,0.000,14.000000
20166250.000000,3,15.000,0.000,0.000,0.000,0.000,15.000000
20166387.000000,3,14.000,0.000,0.000,0.000,0.000,14.000000
20166520.000000,3,13.000,4.000,0.000,0.000,0.000,17.000000
20166659.000000,3,14.000,0.000,0.000,0.000,0.000,14.000000
20166793.000000,3,14.000,0.000,0.000,0.000,0.000,14.000000
20166928.000000,3,14.000,0.000,0.000,0.000,0.000,14.000000
20167059.000000,3,15.000,0.000,0.000,0.000,0.000,15.000000
20167196.000000,3,14.000,0.000,0.000,0.000,0.000,14.000000
20167333.000000,3,14.000,0.000,0.000,0.000,0.000,14.000000
20167470.000000,3,15.000,0.000,0.000,0.000,0.000,15.000000
20167607.000000,3,14.000,0.000,0.000,0.000,0.000,14.000000
20167741.000000,3,14.000,0.000,0.000,0.000,0.000,14.000000
20167875.000000,3,14.000,0.000,0.000,0.000,0.000,14.000000
20168016.000000,3,15.000,0.000,0.000,0.000,0.000,15.000000
20168153.000000,3,14.000,0.000,0.000,0.000,0.000,14.000000
20168286.000000,3,14.000,0.000,0.000,0.000,0.000,14.000000
20168421.000000,3,15.000,0.000,0.000,0.000,0.000,15.000000
20168557.000000,3,14.000,0.000,0.000,0.000,0.000,14.000000
20168695.000000,3,14.000,0.000,0.000,0.000,0.000,14.000000
20168833.000000,3,14.000,0.000,0.000,0.000,0.000,14.000000
20168973.000000,3,15.000,0.000,0.000,0.000,0.000,15.000000
20169106.000000,3,14.000,0.000,0.000,0.000,0.000,14.000000
20169242.000000,3,14.000,0.000,0.000,0.000,0.000,14.000000
20169374.000000,3,15.000,0.000,0.000,0.000,0.000,15.000000
20169512.000000,3,14.000,7.000,0.000,0.000,0.000,21.000000
20169643.000000,3,13.000,9.000,0.000,0.000,0.000,22.000000
20169779.000000,3,9.000,14.000,0.000,0.000,0.000,23.000000
20169913.000000,3,8.000,14.000,0.000,0.000,0.000,22.000000
20170041.000000,3,9.000,14.000,0.000,0.000,0.000,23.000000
20170176.000000,3,9.000,15.000,0.000,0.000,0.000,24.000000
20170304.000000,3,8.000,14.000,0.000,0.000,0.000,22.000000
20170440.000000,3,14.000,9.000,0.000,0.000,0.000,23.000000
20170568.000000,3,14.000,9.000,0.000,0.000,0.000,23.000000
20170692.000000,3,14.000,2.000,0.000,0.000,0.000,16.000000
20170828.000000,3,14.000,0.000,0.000,0.000,0.000,14.000000
20170964.000000,3,15.000,0.000,0.000,0.000,0.000,15.000000
20171107.000000,3,14.000,0.000,0.000,0.000,0.000,14.000000
20171241.000000,3,14.000,0.000,0.000,0.000,0.000,14.000000
20171375.000000,3,15.000,0.000,0.000,0.000,0.000,15.000000
20171503.000000,3,14.000,0.000,0.000,0.000,0.000,14.000000
20171637.000000,3,14.000,0.000,0.000,0.000,0.000,14.000000
20171774.000000,3,14.000,0.000,0.000,0.000,0.000,14.000000
20171905.000000,3,15.000,0.000,0.000,0.000,0.000,15.000000
20172036.000000,3,14.000,0.000,0.000,0.000,0.000,14.000000
20172167.000000,3,13.000,6.000,0.000,0.000,0.000,19.000000
20172307.000000,3,14.000,0.000,0.000,0.000,0.000,14.000000
20172442.000000,3,14.000,0.000,0.000,0.000,0.000,14.000000
20172577.000000,3,15.000,0.000,0.000,0.000,0.000,15.000000
20172716.000000,3,14.000,0.000,0.000,0.000,0.000,14.000000
20172848.000000,3,14.000,0.000,0.000,0.000,0.000,14.000000
20172985.000000,3,15.000,0.000,0.000,0.000,0.000,15.000000
20173119.000000,3,14.000,0.000,0.000,0.000,0.000,14.000000
20173256.000000,3,14.000,0.000,0.000,0.000,0.000,14.000000
20173388.000000,3,14.000,0.000,0.000,0.000,0.000,14.000000
20173526.000000,3,15.000,0.000,0.000,0.000,0.000,15.000000
20173659.000000,3,14.000,0.000,0.000,0.000,0.000,14.000000
20173798.000000,3,14.000,0.000,0.000,0.000,0.000,14.000000
20173942.000000,3,15.000,0.000,0.000,0.000,0.000,15.000000
20174081.000000,3,14.000,0.000,0.000,0.000,0.000,14.000000
20174214.000000,3,14.000,0.000,0.000,0.000,0.000,14.000000
20174340.000000,3,14.000,0.000,0.000,0.000,0.000,14.000000
20174470.000000,3,15.000,0.000,0.000,0.000,0.000,15.000000
20174600.000000,3,14.000,0.000,0.000,0.000,0.000,14.000000
20174739.000000,3,14.000,0.000,0.000,0.000,0.000,14.000000
20174877.000000,3,15.000,0.000,0.000,0.000,0.000,15.000000
20175016.000000,3,14.000,0.000,0.000,0.000,0.000,14.000000
20175155.000000,3,14.000,0.000,0.000,0.000,0.000,14.000000
20175288.000000,3,14.000,0.000,0.000,0.000,0.000,14.000000
20175427.000000,3,12.000,0.000,0.000,0.000,0.000,12.000000
20175558.000000,3,12.000,0.000,0.000,0.000,0.000,12.000000
20175693.000000,3,12.000,0.000,0.000,0.000,0.000,12.000000
20175823.000000,3,12.000,0.000,0.000,0.000,0.000,12.000000
20175957.000000,3,11.000,5.000,0.000,0.000,0.000,16.000000
20176095.000000,3,10.000,11.000,0.000,0.000,0.000,21.000000
20176228.000000,3,11.000,8.000,0.000,0.000,0.000,19.000000
20176362.000000,3,13.000,0.000,0.000,0.000,0.000,13.000000
20176497.000000,3,15.000,0.000,0.000,0.000,0.000,15.000000
20176637.000000,3,14.000,0.000,0.000,0.000,0.000,14.000000
20176769.000000,3,14.000,0.000,0.000,0.000,0.000,14.000000
20176910.000000,3,15.000,0.000,0.000,0.000,0.000,15.000000
20177044.000000,3,14.000,0.000,0.000,0.000,0.000,14.000000
20177181.000000,3,14.000,0.000,0.000,0.000,0.000,14.000000
20177312.000000,3,14.000,0.000,0.000,0.000,0.000,14.000000
20177446.000000,3,15.000,0.000,0.000,0.000,0.000,15.000000
20177583.000000,3,14.000,0.000,0.000,0.000,0.000,14.000000
20177724.000000,3,14.000,0.000,0.000,0.000,0.000,14.000000
20177855.000000,3,15.000,0.000,0.000,0.000,0.000,15.000000
20177991.000000,3,14.000,0.000,0.000,0.000,0.000,14.000000
20178122.000000,3,14.000,0.000,0.000,0.000,0.000,14.000000
20178255.000000,3,14.000,0.000,0.000,0.000,0.000,14.000000
20178388.000000,3,15.000,0.000,0.000,0.000,0.000,15.000000
20178514.000000,3,14.000,0.000,0.000,0.000,0.000,14.000000
20178646.000000,3,14.000,0.000,0.000,0.000,0.000,14.000000
20178782.000000,3,15.000,0.000,0.000,0.000,0.000,15.000000
20178915.000000,3,14.000,0.000,0.000,0.000,0.000,14.000000
20179048.000000,3,14.000,0.000,0.000,0.000,0.000,14.000000
20179188.000000,3,14.000,0.000,0.000,0.000,0.000,14.000000
20179331.000000,3,15.000,0.000,0.000,0.000,0.000,15.000000
20179471.000000,3,14.000,0.000,0.000,0.000,0.000,14.000000
20179605.000000,3,14.000,0.000,0.000,0.000,0.000,14.000000
20179745.000000,3,15.000,0.000,0.000,0.000,0.000,15.000000
20179883.000000,3,14.000,0.000,0.000,0.000,0.000,14.000000
20180020.000000,3,14.000,0.000,0.000,0.000,0.000,14.000000
20180150.000000,3,14.000,0.000,0.000,0.000,0.000,14.000000
20180281.000000,3,15.000,0.000,0.000,0.000,0.000,15.000000
20180419.000000,3,14.000,0.000,0.000,0.000,0.000,14.000000
20180556.000000,3,14.000,0.000,0.000,0.000,0.000,14.000000
20180695.000000,3,15.000,0.000,0.000,0.000,0.000,15.000000
20180831.000000,3,14.000,0.000,0.000,0.000,0.000,14.000000
20180964.000000,3,14.000,0.000,0.000,0.000,0.000,14.000000
20181100.000000,3,14.000,0.000,0.000,0.000,0.000,14.000000
20181243.000000,3,15.000,0.000,0.000,0.000,0.000,15.000000
20181386.000000,3,14.000,0.000,0.000,0.000,0.000,14.000000
20181527.000000,3,14.000,0.000,0.000,0.000,0.000,14.000000
20181660.000000,3,15.000,0.000,0.000,0.000,0.000,15.000000
20181799.000000,3,14.000,0.000,0.000,0.000,0.000,14.000000
20181930.000000,3,14.000,0.000,0.000,0.000,0.000,14.000000
20182071.000000,3,14.000,0.000,0.000,0.000,0.000,14.000000
20182209.000000,3,15.000,0.000,0.000,0.000,0.000,15.000000
20182338.000000,3,14.000,0.000,0.000,0.000,0.000,14.000000
20182481.000000,3,14.000,0.000,0.000,0.000,0.000,14.000000
20182613.000000,3,15.000,0.000,0.000,0.000,0.000,15.000000
20182753.000000,3,14.000,0.000,0.000,0.000,0.000,14.000000
20182883.000000,3,14.000,0.000,0.000,0.000,0.000,14.000000
20183017.000000,3,14.000,0.000,0.000,0.000,0.000,14.000000
20183149.000000,3,15.000,0.000,0.000,0.000,0.000,15.000000
20183287.000000,3,14.000,0.000,0.000,0.000,0.000,14.000000
20183424.000000,3,14.000,0.000,0.000,0.000,0.000,14.000000
20183555.000000,3,15.000,4.000,0.000,0.000,0.000,19.000000
20183693.000000,3,14.000,9.000,0.000,0.000,0.000,23.000000
20183830.000000,3,14.000,9.000,0.000,0.000,0.000,23.000000
20183970.000000,3,14.000,9.000,0.000,0.000,0.000,23.000000
20184109.000000,3,15.000,9.000,0.000,0.000,0.000,24.000000
20184245.000000,3,10.000,13.000,0.000,0.000,0.000,23.000000
20184381.000000,3,9.000,15.000,0.000,0.000,0.000,24.000000
20184522.000000,3,10.000,14.000,0.000,0.000,0.000,24.000000
20184662.000000,3,9.000,14.000,0.000,0.000,0.000,23.000000
20184806.000000,3,9.000,14.000,0.000,0.000,0.000,23.000000
20184947.000000,3,11.000,13.000,0.000,0.000,0.000,24.000000
20185083.000000,3,14.000,9.000,0.000,0.000,0.000,23.000000
20185226.000000,3,14.000,10.000,0.000,0.000,0.000,24.000000
20185370.000000,3,14.000,9.000,0.000,0.000,0.000,23.000000
20185509.000000,3,14.000,9.000,0.000,0.000,0.000,23.000000
20185644.000000,3,15.000,10.000,0.000,0.000,0.000,25.000000
20185774.000000,3,14.000,10.000,0.000,0.000,0.000,24.000000
20185906.000000,3,14.000,9.000,0.000,0.000,0.000,23.000000
20186046.000000,3,15.000,9.000,0.000,0.000,0.000,24.000000
20186186.000000,3,14.000,10.000,0.000,0.000,0.000,24.000000
20186320.000000,3,14.000,9.000,0.000,0.000,0.000,23.000000
20186462.000000,3,14.000,9.000,0.000,0.000,0.000,23.000000
20186599.000000,3,15.000,10.000,0.000,0.000,0.000,25.000000
20186736.000000,3,14.000,9.000,0.000,0.000,0.000,23.000000
20186872.000000,3,13.000,10.000,0.000,0.000,0.000,23.000000
20187009.000000,3,9.000,15.000,0.000,0.000,0.000,24.000000
20187141.000000,3,9.000,14.000,0.000,0.000,0.000,23.000000
20187269.000000,3,9.000,14.000,0.000,0.000,0.000,23.000000
20187404.000000,3,9.000,15.000,0.000,0.000,0.000,24.000000
20187537.000000,3,9.000,14.000,0.000,0.000,0.000,23.000000
20187675.000000,3,9.000,14.000,0.000,0.000,0.000,23.000000
20187812.000000,3,15.000,8.000,0.000,0.000,0.000,23.000000
20187956.000000,3,14.000,9.000,0.000,0.000,0.000,23.000000
20188091.000000,3,14.000,9.000,0.000,0.000,0.000,23.000000
20188236.000000,3,15.000,9.000,0.000,0.000,0.000,24.000000
20188370.000000,3,14.000,9.000,0.000,0.000,0.000,23.000000
20188503.000000,3,14.000,9.000,0.000,0.000,0.000,23.000000
20188639.000000,3,15.000,9.000,0.000,0.000,0.000,24.000000
20188781.000000,3,14.000,9.000,0.000,0.000,0.000,23.000000
20188922.000000,3,14.000,10.000,0.000,0.000,0.000,24.000000
20189060.000000,3,14.000,9.000,0.000,0.000,0.000,23.000000
20189189.000000,3,15.000,9.000,0.000,0.000,0.000,24.000000
20189332.000000,3,14.000,9.000,0.000,0.000,0.000,23.000000
20189472.000000,3,14.000,9.000,0.000,0.000,0.000,23.000000
20189619.000000,3,15.000,9.000,0.000,0.000,0.000,24.000000
20189757.000000,3,12.000,12.000,0.000,0.000,0.000,24.000000
20189893.000000,3,9.000,14.000,0.000,0.000,0.000,23.000000
20190024.000000,3,9.000,14.000,0.000,0.000,0.000,23.000000
20190162.000000,3,9.000,2.000,0.000,0.000,0.000,11.000000
20190296.000000,3,9.000,8.000,0.000,0.000,0.000,17.000000
20190441.000000,3,10.000,14.000,0.000,0.000,0.000,24.000000
20190576.000000,3,9.000,14.000,0.000,0.000,0.000,23.000000
20190717.000000,3,9.000,15.000,0.000,0.000,0.000,24.000000
20190851.000000,3,10.000,14.000,0.000,0.000,0.000,24.000000
20190984.000000,3,9.000,14.000,0.000,0.000,0.000,23.000000
20191118.000000,3,9.000,14.000,0.000,0.000,0.000,23.000000
20191252.000000,3,15.000,9.000,0.000,0.000,0.000,24.000000
20191388.000000,3,14.000,9.000,0.000,0.000,0.000,23.000000
20191525.000000,3,14.000,10.000,0.000,0.000,0.000,24.000000
20191662.000000,3,15.000,8.000,0.000,0.000,0.000,23.000000
20191801.000000,3,14.000,10.000,0.000,0.000,0.000,24.000000
20191940.000000,3,14.000,9.000,0.000,0.000,0.000,23.000000
20192073.000000,3,14.000,9.000,0.000,0.000,0.000,23.000000
20192209.000000,3,15.000,9.000,0.000,0.000,0.000,24.000000
20192348.000000,3,14.000,10.000,0.000,0.000,0.000,24.000000
20192486.000000,3,14.000,2.000,0.000,0.000,0.000,16.000000
20192623.000000,3,15.000,0.000,0.000,0.000,0.000,15.000000
20192769.000000,3,14.000,0.000,0.000,0.000,0.000,14.000000
20192904.000000,3,14.000,0.000,0.000,0.000,0.000,14.000000
20193043.000000,3,14.000,0.000,0.000,0.000,0.000,14.000000
20193194.000000,3,15.000,0.000,0.000,0.000,0.000,15.000000
20193327.000000,3,14.000,0.000,0.000,0.000,0.000,14.000000
20193460.000000,3,14.000,0.000,0.000,0.000,0.000,14.000000
20193595.000000,3,15.000,0.000,0.000,0.000,0.000,15.000000
20193730.000000,3,14.000,0.000,0.000,0.000,0.000,14.000000
20193869.000000,3,14.000,0.000,0.000,0.000,0.000,14.000000
20194004.000000,3,14.000,0.000,0.000,0.000,0.000,14.000000
20194141.000000,3,15.000,0.000,0.000,0.000,0.000,15.000000
20194269.000000,3,14.000,0.000,0.000,0.000,0.000,14.000000
20194398.000000,3,14.000,0.000,0.000,0.000,0.000,14.000000
20194529.000000,3,15.000,0.000,0.000,0.000,0.000,15.000000
20194666.000000,3,14.000,0.000,0.000,0.000,0.000,14.000000
20194804.000000,3,14.000,0.000,0.000,0.000,0.000,14.000000
20194935.000000,3,14.000,0.000,0.000,0.000,0.000,14.000000
20195069.000000,3,14.000,0.000,0.000,0.000,0.000,14.000000
20195204.000000,3,7.000,0.000,0.000,0.000,0.000,7.000000
20195339.000000,3,15.000,0.000,0.000,0.000,0.000,15.000000
20195476.000000,3,14.000,0.000,0.000,0.000,0.000,14.000000
20195614.000000,3,14.000,0.000,0.000,0.000,0.000,14.000000
20195756.000000,3,14.000,0.000,0.000,0.000,0.000,14.000000
20195892.000000,3,15.000,0.000,0.000,0.000,0.000,15.000000
20196029.000000,3,14.000,0.000,0.000,0.000,0.000,14.000000
20196170.000000,3,14.000,0.000,0.000,0.000,0.000,14.000000
20196302.000000,3,15.000,0.000,0.000,0.000,0.000,15.000000
20196435.000000,3,14.000,0.000,0.000,0.000,0.000,14.000000
20196567.000000,3,14.000,0.000,0.000,0.000,0.000,14.000000
20196696.000000,3,14.000,0.000,0.000,0.000,0.000,14.000000
20196835.000000,3,15.000,0.000,0.000,0.000,0.000,15.000000
20196963.000000,3,14.000,0.000,0.000,0.000,0.000,14.000000
20197097.000000,3,14.000,0.000,0.000,0.000,0.000,14.000000
20197228.000000,3,15.000,0.000,0.000,0.000,0.000,15.000000
20197361.000000,3,14.000,0.000,0.000,0.000,0.000,14.000000
20197490.000000,3,14.000,0.000,0.000,0.000,0.000,14.000000
20197624.000000,3,14.000,0.000,0.000,0.000,0.000,14.000000
20197751.000000,3,15.000,0.000,0.000,0.000,0.000,15.000000
20197881.000000,3,14.000,0.000,0.000,0.000,0.000,14.000000
20198021.000000,3,14.000,0.000,0.000,0.000,0.000,14.000000
20198164.000000,3,15.000,0.000,0.000,0.000,0.000,15.000000
20198301.000000,3,14.000,0.000,0.000,0.000,0.000,14.000000
20198429.000000,3,14.000,0.000,0.000,0.000,0.000,14.000000
20198572.000000,3,14.000,0.000,0.000,0.000,0.000,14.000000
20198709.000000,3,15.000,0.000,0.000,0.000,0.000,15.000000
20198850.000000,3,14.000,0.000,0.000,0.000,0.000,14.000000
20198986.000000,3,14.000,0.000,0.000,0.000,0.000,14.000000
20199119.000000,3,15.000,0.000,0.000,0.000,0.000,15.000000
20199252.000000,3,14.000,0.000,0.000,0.000,0.000,14.000000
20199394.000000,3,14.000,0.000,0.000,0.000,0.000,14.000000
20199529.000000,3,14.000,0.000,0.000,0.000,0.000,14.000000
20199673.000000,3,15.000,0.000,0.000,0.000,0.000,15.000000
20199808.000000,3,14.000,0.000,0.000,0.000,0.000,14.000000
20199946.000000,3,14.000,0.000,0.000,0.000,0.000,14.000000
20200082.000000,3,15.000,0.000,0.000,0.000,0.000,15.000000
20200220.000000,3,14.000,0.000,0.000,0.000,0.000,14.000000
20200355.000000,3,14.000,0.000,0.000,0.000,0.000,14.000000
20200483.000000,3,14.000,0.000,0.000,0.000,0.000,14.000000
20200617.000000,3,15.000,0.000,0.000,0.000,0.000,15.000000
20200759.000000,3,14.000,0.000,0.000,0.000,0.000,14.000000
20200894.000000,3,14.000,0.000,0.000,0.000,0.000,14.000000
20201031.000000,3,15.000,0.000,0.000,0.000,0.000,15.000000
20201167.000000,3,14.000,0.000,0.000,0.000,0.000,14.000000
20201305.000000,3,14.000,0.000,0.000,0.000,0.000,14.000000
20201436.000000,3,14.000,0.000,0.000,0.000,0.000,14.000000
20201576.000000,3,15.000,0.000,0.000,0.000,0.000,15.000000
20201717.000000,3,14.000,0.000,0.000,0.000,0.000,14.000000
20201848.000000,3,14.000,0.000,0.000,0.000,0.000,14.000000
20201979.000000,3,15.000,0.000,0.000,0.000,0.000,15.000000
20202111.000000,3,14.000,0.000,0.000,0.000,0.000,14.000000
20202252.000000,3,14.000,0.000,0.000,0.000,0.000,14.000000
20202388.000000,3,14.000,0.000,0.000,0.000,0.000,14.000000
20202524.000000,3,15.000,0.000,0.000,0.000,0.000,15.000000
20202663.000000,3,14.000,0.000,0.000,0.000,0.000,14.000000
20202799.000000,3,14.000,0.000,0.000,0.000,0.000,14.000000
20202934.000000,3,15.000,0.000,0.000,0.000,0.000,15.000000
20203072.000000,3,14.000,0.000,0.000,0.000,0.000,14.000000
20203211.000000,3,14.000,0.000,0.000,0.000,0.000,14.000000
20203344.000000,3,14.000,0.000,0.000,0.000,0.000,14.000000
20203469.000000,3,15.000,0.000,0.000,0.000,0.000,15.000000
20203597.000000,3,14.000,0.000,0.000,0.000,0.000,14.000000
20203738.000000,3,14.000,0.000,0.000,0.000,0.000,14.000000
20203873.000000,3,15.000,0.000,0.000,0.000,0.000,15.000000
20204004.000000,3,14.000,0.000,0.000,0.000,0.000,14.000000
20204139.000000,3,14.000,0.000,0.000,0.000,0.000,14.000000
20204274.000000,3,14.000,0.000,0.000,0.000,0.000,14.000000
20204409.000000,3,15.000,0.000,0.000,0.000,0.000,15.000000
20204541.000000,3,14.000,0.000,0.000,0.000,0.000,14.000000
20204683.000000,3,14.000,0.000,0.000,0.000,0.000,14.000000
20204817.000000,3,15.000,0.000,0.000,0.000,0.000,15.000000
20204955.000000,3,14.000,0.000,0.000,0.000,0.000,14.000000
20205104.000000,3,14.000,0.000,0.000,0.000,0.000,14.000000
20205244.000000,3,14.000,0.000,0.000,0.000,0.000,14.000000
20205377.000000,3,15.000,0.000,0.000,0.000,0.000,15.000000
20205520.000000,3,14.000,0.000,0.000,0.000,0.000,14.000000
20205668.000000,3,14.000,0.000,0.000,0.000,0.000,14.000000
20205809.000000,3,15.000,0.000,0.000,0.000,0.000,15.000000
20205941.000000,3,14.000,0.000,0.000,0.000,0.000,14.000000
20206086.000000,3,14.000,0.000,0.000,0.000,0.000,14.000000
20206224.000000,3,14.000,0.000,0.000,0.000,0.000,14.000000
20206350.000000,3,15.000,0.000,0.000,0.000,0.000,15.000000
20206480.000000,3,14.000,0.000,0.000,0.000,0.000,14.000000
20206615.000000,3,14.000,0.000,0.000,0.000,0.000,14.000000
20206744.000000,3,15.000,0.000,0.000,0.000,0.000,15.000000
20206875.000000,3,14.000,0.000,0.000,0.000,0.000,14.000000
20207007.000000,3,14.000,0.000,0.000,0.000,0.000,14.000000
20207144.000000,3,14.000,0.000,0.000,0.000,0.000,14.000000
20207273.000000,3,15.000,0.000,0.000,0.000,0.000,15.000000
20207402.000000,3,14.000,0.000,0.000,0.000,0.000,14.000000
20207539.000000,3,14.000,0.000,0.000,0.000,0.000,14.000000
20207667.000000,3,15.000,0.000,0.000,0.000,0.000,15.000000
20207802.000000,3,14.000,0.000,0.000,0.000,0.000,14.000000
20207937.000000,3,14.000,0.000,0.000,0.000,0.000,14.000000
20208073.000000,3,14.000,0.000,0.000,0.000,0.000,14.000000
20208202.000000,3,15.000,0.000,0.000,0.000,0.000,15.000000
20208339.000000,3,14.000,0.000,0.000,0.000,0.000,14.000000
20208468.000000,3,14.000,0.000,0.000,0.000,0.000,14.000000
20208609.000000,3,15.000,0.000,0.000,0.000,0.000,15.000000
20208746.000000,3,14.000,0.000,0.000,0.000,0.000,14.000000
20208887.000000,3,14.000,0.000,0.000,0.000,0.000,14.000000
20209021.000000,3,14.000,0.000,0.000,0.000,0.000,14.000000
20209160.000000,4,15.000,1.000,0.000,0.000,0.000,16.000000
20209302.000000,4,14.000,8.000,0.000,0.000,0.000,22.000000
20209434.000000,4,14.000,9.000,0.000,0.000,0.000,23.000000
20209566.000000,4,15.000,8.000,0.000,0.000,0.000,23.000000
20209699.000000,4,14.000,8.000,0.000,0.000,0.000,22.000000
20209830.000000,4,14.000,9.000,0.000,0.000,0.000,23.000000
20209967.000000,4,14.000,8.000,0.000,0.000,0.000,22.000000
20210093.000000,4,15.000,9.000,0.000,0.000,0.000,24.000000
20210229.000000,4,14.000,8.000,0.000,0.000,0.000,22.000000
20210368.000000,4,14.000,8.000,0.000,0.000,0.000,22.000000
20210508.000000,4,15.000,8.000,0.000,0.000,0.000,23.000000
20210646.000000,4,14.000,9.000,0.000,0.000,0.000,23.000000
20210778.000000,4,14.000,8.000,0.000,0.000,0.000,22.000000
20210919.000000,4,14.000,8.000,0.000,0.000,0.000,22.000000
20211055.000000,4,15.000,8.000,0.000,0.000,0.000,23.000000
20211189.000000,4,14.000,8.000,0.000,0.000,0.000,22.000000
20211327.000000,4,14.000,8.000,0.000,0.000,0.000,22.000000
20211467.000000,4,15.000,9.000,0.000,0.000,0.000,24.000000
20211595.000000,4,14.000,8.000,0.000,0.000,0.000,22.000000
20211728.000000,4,14.000,8.000,0.000,0.000,0.000,22.000000
20211860.000000,4,14.000,3.000,0.000,0.000,0.000,17.000000
20211990.000000,4,15.000,0.000,0.000,0.000,0.000,15.000000
20212122.000000,4,14.000,0.000,0.000,0.000,0.000,14.000000
20212251.000000,4,14.000,0.000,0.000,0.000,0.000,14.000000
20212381.000000,4,15.000,0.000,0.000,0.000,0.000,15.000000
20212508.000000,4,14.000,0.000,0.000,0.000,0.000,14.000000
20212637.000000,4,14.000,0.000,0.000,0.000,0.000,14.000000
20212762.000000,4,14.000,0.000,0.000,0.000,0.000,14.000000
20212897.000000,4,15.000,0.000,0.000,0.000,0.000,15.000000
20213021.000000,4,14.000,0.000,0.000,0.000,0.000,14.000000
20213151.000000,4,14.000,0.000,0.000,0.000,0.000,14.000000
20213280.000000,4,15.000,0.000,0.000,0.000,0.000,15.000000
20213408.000000,4,14.000,0.000,0.000,0.000,0.000,14.000000
20213539.000000,4,14.000,0.000,0.000,0.000,0.000,14.000000
20213671.000000,4,14.000,0.000,0.000,0.000,0.000,14.000000
20213807.000000,4,15.000,0.000,0.000,0.000,0.000,15.000000
20213935.000000,4,14.000,0.000,0.000,0.000,0.000,14.000000
20214065.000000,4,14.000,0.000,0.000,0.000,0.000,14.000000
20214199.000000,4,15.000,0.000,0.000,0.000,0.000,15.000000
20214336.000000,4,14.000,0.000,0.000,0.000,0.000,14.000000
20214465.000000,4,14.000,0.000,0.000,0.000,0.000,14.000000
20214599.000000,4,14.000,0.000,0.000,0.000,0.000,14.000000
20214727.000000,4,15.000,0.000,0.000,0.000,0.000,15.000000
20214866.000000,4,14.000,0.000,0.000,0.000,0.000,14.000000
20214991.000000,4,14.000,0.000,0.000,0.000,0.000,14.000000
20215128.000000,4,15.000,0.000,0.000,0.000,0.000,15.000000
20215258.000000,4,14.000,0.000,0.000,0.000,0.000,14.000000
20215397.000000,4,14.000,5.000,0.000,0.000,0.000,19.000000
20215533.000000,4,14.000,9.000,0.000,0.000,0.000,23.000000
20215658.000000,4,15.000,9.000,0.000,0.000,0.000,24.000000
20215786.000000,4,14.000,9.000,0.000,0.000,0.000,23.000000
20215916.000000,4,14.000,8.000,0.000,0.000,0.000,22.000000
20216050.000000,4,15.000,8.000,0.000,0.000,0.000,23.000000
20216181.000000,4,14.000,9.000,0.000,0.000,0.000,23.000000
20216313.000000,4,14.000,9.000,0.000,0.000,0.000,23.000000
20216452.000000,4,14.000,9.000,0.000,0.000,0.000,23.000000
20216592.000000,4,15.000,8.000,0.000,0.000,0.000,23.000000
20216726.000000,4,14.000,9.000,0.000,0.000,0.000,23.000000
20216859.000000,4,14.000,9.000,0.000,0.000,0.000,23.000000
20217000.000000,4,15.000,8.000,0.000,0.000,0.000,23.000000
20217141.000000,4,14.000,9.000,0.000,0.000,0.000,23.000000
20217277.000000,4,14.000,8.000,0.000,0.000,0.000,22.000000
20217414.000000,4,14.000,9.000,0.000,0.000,0.000,23.000000
20217557.000000,4,15.000,9.000,0.000,0.000,0.000,24.000000
20217696.000000,4,14.000,8.000,0.000,0.000,0.000,22.000000
20217838.000000,4,14.000,9.000,0.000,0.000,0.000,23.000000
20217975.000000,4,15.000,4.000,0.000,0.000,0.000,19.000000
20218107.000000,4,14.000,0.000,0.000,0.000,0.000,14.000000
20218243.000000,4,14.000,0.000,0.000,0.000,0.000,14.000000
20218383.000000,4,14.000,0.000,0.000,0.000,0.000,14.000000
20218519.000000,4,15.000,0.000,0.000,0.000,0.000,15.000000
20218657.000000,4,14.000,0.000,0.000,0.000,0.000,14.000000
20218794.000000,4,14.000,0.000,0.000,0.000,0.000,14.000000
20218929.000000,4,15.000,0.000,0.000,0.000,0.000,15.000000
20219066.000000,4,14.000,0.000,0.000,0.000,0.000,14.000000
20219203.000000,4,14.000,0.000,0.000,0.000,0.000,14.000000
20219344.000000,4,14.000,0.000,0.000,0.000,0.000,14.000000
20219486.000000,4,15.000,0.000,0.000,0.000,0.000,15.000000
20219628.000000,4,14.000,0.000,0.000,0.000,0.000,14.000000
20219762.000000,4,14.000,0.000,0.000,0.000,0.000,14.000000
20219901.000000,4,15.000,0.000,0.000,0.000,0.000,15.000000
20220044.000000,4,14.000,0.000,0.000,0.000,0.000,14.000000
20220175.000000,4,14.000,0.000,0.000,0.000,0.000,14.000000
20220314.000000,4,14.000,0.000,0.000,0.000,0.000,14.000000
20220454.000000,4,15.000,0.000,0.000,0.000,0.000,15.000000
20220595.000000,4,14.000,0.000,0.000,0.000,0.000,14.000000
20220728.000000,4,14.000,0.000,0.000,0.000,0.000,14.000000
20220864.000000,4,15.000,0.000,0.000,0.000,0.000,15.000000
20221004.000000,4,14.000,0.000,0.000,0.000,0.000,14.000000
20221142.000000,4,14.000,0.000,0.000,0.000,0.000,14.000000
20221279.000000,4,14.000,0.000,0.000,0.000,0.000,14.000000
20221424.000000,4,15.000,0.000,0.000,0.000,0.000,15.000000
20221566.000000,4,14.000,0.000,0.000,0.000,0.000,14.000000
20221698.000000,4,14.000,0.000,0.000,0.000,0.000,14.000000
20221839.000000,4,15.000,0.000,0.000,0.000,0.000,15.000000
20221971.000000,4,14.000,0.000,0.000,0.000,0.000,14.000000
20222108.000000,4,14.000,0.000,0.000,0.000,0.000,14.000000
20222243.000000,4,14.000,0.000,0.000,0.000,0.000,14.000000
20222395.000000,4,15.000,0.000,0.000,0.000,0.000,15.000000
20222537.000000,4,14.000,0.000,0.000,0.000,0.000,14.000000
20222669.000000,4,14.000,0.000,0.000,0.000,0.000,14.000000
20222812.000000,4,15.000,1.000,0.000,0.000,0.000,16.000000
20222949.000000,4,14.000,8.000,0.000,0.000,0.000,22.000000
20223093.000000,4,14.000,9.000,6.000,0.000,0.000,29.000000
20223226.000000,4,14.000,8.000,8.000,0.000,0.000,30.000000
20223362.000000,4,15.000,9.000,10.000,0.000,0.000,34.000000
20223500.000000,4,14.000,9.000,9.000,0.000,0.000,32.000000
20223640.000000,4,14.000,9.000,9.000,0.000,0.000,32.000000
20223776.000000,4,15.000,8.000,10.000,0.000,0.000,33.000000
20223918.000000,4,14.000,8.000,8.000,0.000,0.000,30.000000
20224060.000000,4,14.000,9.000,9.000,0.000,0.000,32.000000
20224198.000000,4,14.000,8.000,9.000,0.000,0.000,31.000000
20224336.000000,4,15.000,9.000,3.000,0.000,0.000,27.000000
20224473.000000,4,14.000,8.000,0.000,0.000,0.000,22.000000
20224610.000000,4,14.000,9.000,0.000,0.000,0.000,23.000000
20224758.000000,4,15.000,8.000,0.000,0.000,0.000,23.000000
20224909.000000,4,14.000,3.000,0.000,0.000,0.000,17.000000
20225050.000000,4,14.000,0.000,0.000,0.000,0.000,14.000000
20225187.000000,4,14.000,2.000,0.000,0.000,0.000,16.000000
20225320.000000,4,15.000,8.000,0.000,0.000,0.000,23.000000
20225462.000000,4,14.000,5.000,0.000,0.000,0.000,19.000000
20225600.000000,4,14.000,0.000,0.000,0.000,0.000,14.000000
20225744.000000,4,15.000,8.000,0.000,0.000,0.000,23.000000
20225887.000000,4,14.000,8.000,0.000,0.000,0.000,22.000000
20226025.000000,4,14.000,8.000,0.000,0.000,0.000,22.000000
20226165.000000,4,14.000,9.000,0.000,0.000,0.000,23.000000
20226307.000000,4,15.000,8.000,0.000,0.000,0.000,23.000000
20226442.000000,4,14.000,8.000,0.000,0.000,0.000,22.000000
20226584.000000,4,14.000,9.000,0.000,0.000,0.000,23.000000
20226728.000000,4,15.000,9.000,0.000,0.000,0.000,24.000000
20226865.000000,4,14.000,8.000,0.000,0.000,0.000,22.000000
20227000.000000,4,14.000,8.000,0.000,0.000,0.000,22.000000
20227138.000000,4,14.000,7.000,0.000,0.000,0.000,21.000000
20227284.000000,4,15.000,0.000,0.000,0.000,0.000,15.000000
20227423.000000,4,14.000,0.000,0.000,0.000,0.000,14.000000
20227566.000000,4,14.000,0.000,0.000,0.000,0.000,14.000000
20227709.000000,4,15.000,0.000,0.000,0.000,0.000,15.000000
20227843.000000,4,14.000,0.000,0.000,0.000,0.000,14.000000
20227976.000000,4,14.000,0.000,0.000,0.000,0.000,14.000000
20228116.000000,4,14.000,0.000,0.000,0.000,0.000,14.000000
20228246.000000,4,15.000,0.000,0.000,0.000,0.000,15.000000
20228377.000000,4,14.000,0.000,0.000,0.000,0.000,14.000000
20228509.000000,4,14.000,0.000,0.000,0.000,0.000,14.000000
20228640.000000,4,15.000,0.000,0.000,0.000,0.000,15.000000
20228776.000000,4,14.000,0.000,0.000,0.000,0.000,14.000000
20228918.000000,4,14.000,0.000,0.000,0.000,0.000,14.000000
20229067.000000,4,14.000,0.000,0.000,0.000,0.000,14.000000
20229221.000000,4,15.000,0.000,0.000,0.000,0.000,15.000000
20229363.000000,4,14.000,0.000,0.000,0.000,0.000,14.000000
20229510.000000,4,14.000,0.000,0.000,0.000,0.000,14.000000
20229657.000000,4,15.000,0.000,0.000,0.000,0.000,15.000000
20229802.000000,4,14.000,0.000,0.000,0.000,0.000,14.000000
20229951.000000,4,14.000,0.000,0.000,0.000,0.000,14.000000
20230096.000000,4,14.000,0.000,0.000,0.000,0.000,14.000000
20230235.000000,4,15.000,0.000,0.000,0.000,0.000,15.000000
20230375.000000,4,14.000,0.000,0.000,0.000,0.000,14.000000
20230516.000000,4,14.000,0.000,0.000,0.000,0.000,14.000000
20230668.000000,4,15.000,0.000,0.000,0.000,0.000,15.000000
20230800.000000,4,14.000,0.000,0.000,0.000,0.000,14.000000
20230935.000000,4,14.000,0.000,0.000,0.000,0.000,14.000000
20231074.000000,4,14.000,0.000,0.000,0.000,0.000,14.000000
20231207.000000,4,15.000,0.000,0.000,0.000,0.000,15.000000
20231345.000000,4,14.000,0.000,0.000,0.000,0.000,14.000000
20231471.000000,4,14.000,0.000,0.000,0.000,0.000,14.000000
20231605.000000,4,15.000,0.000,0.000,0.000,0.000,15.000000
20231736.000000,4,14.000,6.000,0.000,0.000,0.000,20.000000
20231865.000000,4,14.000,8.000,0.000,0.000,0.000,22.000000
20232001.000000,4,12.000,5.000,0.000,0.000,0.000,17.000000
20232133.000000,4,13.000,7.000,0.000,0.000,0.000,20.000000
20232268.000000,4,14.000,9.000,0.000,0.000,0.000,23.000000
20232401.000000,4,15.000,9.000,0.000,0.000,0.000,24.000000
20232539.000000,4,14.000,8.000,2.000,0.000,0.000,24.000000
20232677.000000,4,14.000,9.000,8.000,0.000,0.000,31.000000
20232815.000000,4,15.000,8.000,9.000,0.000,0.000,32.000000
20232952.000000,4,14.000,8.000,8.000,0.000,0.000,30.000000
20233088.000000,4,14.000,2.000,2.000,0.000,0.000,18.000000
20233223.000000,4,14.000,0.000,0.000,0.000,0.000,14.000000
20233357.000000,4,15.000,0.000,0.000,0.000,0.000,15.000000
20233494.000000,4,14.000,0.000,0.000,0.000,0.000,14.000000
20233629.000000,4,14.000,0.000,0.000,0.000,0.000,14.000000
20233773.000000,4,15.000,4.000,0.000,0.000,0.000,19.000000
20233910.000000,4,14.000,8.000,0.000,0.000,0.000,22.000000
20234042.000000,4,14.000,9.000,0.000,0.000,0.000,23.000000
20234180.000000,4,14.000,8.000,0.000,0.000,0.000,22.000000
20234313.000000,4,15.000,9.000,0.000,0.000,0.000,24.000000
20234448.000000,4,14.000,8.000,0.000,0.000,0.000,22.000000
20234587.000000,4,14.000,7.000,0.000,0.000,0.000,21.000000
20234720.000000,4,15.000,0.000,0.000,0.000,0.000,15.000000
20234855.000000,4,14.000,0.000,0.000,0.000,0.000,14.000000
20234986.000000,4,14.000,0.000,0.000,0.000,0.000,14.000000
20235127.000000,4,14.000,0.000,0.000,0.000,0.000,14.000000
20235255.000000,4,15.000,0.000,0.000,0.000,0.000,15.000000
20235393.000000,4,14.000,0.000,0.000,0.000,0.000,14.000000
20235528.000000,4,14.000,0.000,0.000,0.000,0.000,14.000000
20235656.000000,4,15.000,0.000,0.000,0.000,0.000,15.000000
20235784.000000,4,14.000,0.000,0.000,0.000,0.000,14.000000
20235924.000000,4,14.000,0.000,0.000,0.000,0.000,14.000000
20236056.000000,4,14.000,0.000,0.000,0.000,0.000,14.000000
20236190.000000,4,15.000,0.000,0.000,0.000,0.000,15.000000
20236329.000000,4,14.000,0.000,0.000,0.000,0.000,14.000000
20236469.000000,4,14.000,0.000,0.000,0.000,0.000,14.000000
20236600.000000,4,15.000,0.000,0.000,0.000,0.000,15.000000
20236743.000000,4,14.000,0.000,0.000,0.000,0.000,14.000000
20236878.000000,4,14.000,0.000,0.000,0.000,0.000,14.000000
20237012.000000,4,14.000,0.000,0.000,0.000,0.000,14.000000
20237151.000000,4,15.000,0.000,0.000,0.000,0.000,15.000000
20237285.000000,4,14.000,0.000,0.000,0.000,0.000,14.000000
20237422.000000,4,14.000,0.000,0.000,0.000,0.000,14.000000
20237565.000000,4,15.000,0.000,0.000,0.000,0.000,15.000000
20237704.000000,4,14.000,7.000,0.000,0.000,0.000,21.000000
20237845.000000,4,14.000,9.000,7.000,0.000,0.000,30.000000
20237980.000000,4,14.000,9.000,0.000,0.000,0.000,23.000000
20238116.000000,4,15.000,9.000,0.000,0.000,0.000,24.000000
20238246.000000,4,14.000,9.000,0.000,0.000,0.000,23.000000
20238374.000000,4,14.000,9.000,0.000,0.000,0.000,23.000000
20238511.000000,4,15.000,8.000,9.000,0.000,0.000,32.000000
20238644.000000,4,14.000,9.000,9.000,0.000,0.000,32.000000
20238780.000000,4,14.000,9.000,10.000,0.000,0.000,33.000000
20238913.000000,4,14.000,9.000,9.000,0.000,0.000,32.000000
20239051.000000,4,15.000,9.000,9.000,0.000,0.000,33.000000
20239177.000000,4,14.000,9.000,9.000,0.000,0.000,32.000000
20239309.000000,4,14.000,9.000,9.000,0.000,0.000,32.000000
20239441.000000,4,15.000,9.000,9.000,0.000,0.000,33.000000
20239580.000000,4,14.000,8.000,10.000,0.000,0.000,32.000000
20239714.000000,4,14.000,9.000,8.000,0.000,0.000,31.000000
20239858.000000,4,14.000,6.000,4.000,0.000,0.000,24.000000
20240000.000000,4,15.000,0.000,0.000,0.000,0.000,15.000000
20240136.000000,4,14.000,0.000,0.000,0.000,0.000,14.000000
20240269.000000,4,14.000,0.000,0.000,0.000,0.000,14.000000
20240404.000000,4,15.000,0.000,0.000,0.000,0.000,15.000000
20240543.000000,4,14.000,0.000,0.000,0.000,0.000,14.000000
20240670.000000,4,14.000,0.000,0.000,0.000,0.000,14.000000
20240806.000000,4,14.000,0.000,0.000,0.000,0.000,14.000000
20240947.000000,4,15.000,0.000,0.000,0.000,0.000,15.000000
20241087.000000,4,14.000,0.000,0.000,0.000,0.000,14.000000
20241216.000000,4,14.000,0.000,0.000,0.000,0.000,14.000000
20241351.000000,4,15.000,0.000,0.000,0.000,0.000,15.000000
20241485.000000,4,14.000,0.000,0.000,0.000,0.000,14.000000
20241618.000000,4,14.000,0.000,0.000,0.000,0.000,14.000000
20241758.000000,4,14.000,0.000,0.000,0.000,0.000,14.000000
20241895.000000,4,15.000,0.000,0.000,0.000,0.000,15.000000
20242028.000000,4,14.000,0.000,0.000,0.000,0.000,14.000000
20242167.000000,4,14.000,0.000,0.000,0.000,0.000,14.000000
20242301.000000,4,15.000,0.000,0.000,0.000,0.000,15.000000
20242441.000000,4,14.000,0.000,0.000,0.000,0.000,14.000000
20242581.000000,4,14.000,0.000,0.000,0.000,0.000,14.000000
20242719.000000,4,14.000,0.000,0.000,0.000,0.000,14.000000
20242864.000000,4,15.000,0.000,0.000,0.000,0.000,15.000000
20242996.000000,4,14.000,4.000,0.000,0.000,0.000,18.000000
20243126.000000,4,14.000,0.000,0.000,0.000,0.000,14.000000
20243259.000000,4,15.000,5.000,0.000,0.000,0.000,20.000000
20243392.000000,4,14.000,0.000,0.000,0.000,0.000,14.000000
20243524.000000,4,14.000,5.000,0.000,0.000,0.000,19.000000
20243660.000000,4,14.000,8.000,0.000,0.000,0.000,22.000000
20243795.000000,4,15.000,9.000,0.000,0.000,0.000,24.000000
20243935.000000,4,14.000,8.000,0.000,0.000,0.000,22.000000
20244067.000000,4,14.000,9.000,0.000,0.000,0.000,23.000000
20244198.000000,4,15.000,8.000,0.000,0.000,0.000,23.000000
20244338.000000,4,14.000,8.000,0.000,0.000,0.000,22.000000
20244478.000000,4,14.000,9.000,0.000,0.000,0.000,23.000000
20244614.000000,4,14.000,9.000,0.000,0.000,0.000,23.000000
20244752.000000,4,15.000,2.000,0.000,0.000,0.000,17.000000
20244884.000000,4,14.000,0.000,0.000,0.000,0.000,14.000000
20245017.000000,4,14.000,0.000,0.000,0.000,0.000,14.000000
20245149.000000,4,15.000,8.000,0.000,0.000,0.000,23.000000
20245286.000000,4,14.000,9.000,0.000,0.000,0.000,23.000000
20245425.000000,4,14.000,8.000,0.000,0.000,0.000,22.000000
20245562.000000,4,14.000,9.000,0.000,0.000,0.000,23.000000
20245701.000000,4,15.000,8.000,0.000,0.000,0.000,23.000000
20245837.000000,4,14.000,8.000,0.000,0.000,0.000,22.000000
20245976.000000,4,14.000,4.000,0.000,0.000,0.000,18.000000
20246116.000000,4,15.000,9.000,0.000,0.000,0.000,24.000000
20246256.000000,4,14.000,8.000,0.000,0.000,0.000,22.000000
20246395.000000,4,14.000,8.000,0.000,0.000,0.000,22.000000
20246533.000000,4,14.000,0.000,0.000,0.000,0.000,14.000000
20246671.000000,4,15.000,0.000,0.000,0.000,0.000,15.000000
20246802.000000,4,14.000,0.000,0.000,0.000,0.000,14.000000
20246937.000000,4,14.000,0.000,0.000,0.000,0.000,14.000000
20247069.000000,4,15.000,0.000,0.000,0.000,0.000,15.000000
20247205.000000,4,14.000,0.000,0.000,0.000,0.000,14.000000
20247347.000000,4,14.000,0.000,0.000,0.000,0.000,14.000000
20247482.000000,4,14.000,0.000,0.000,0.000,0.000,14.000000
20247620.000000,4,15.000,0.000,0.000,0.000,0.000,15.000000
20247768.000000,4,14.000,0.000,0.000,0.000,0.000,14.000000
20247901.000000,4,14.000,0.000,0.000,0.000,0.000,14.000000
20248031.000000,4,15.000,0.000,0.000,0.000,0.000,15.000000
20248173.000000,4,14.000,0.000,0.000,0.000,0.000,14.000000
20248318.000000,4,14.000,0.000,0.000,0.000,0.000,14.000000
20248451.000000,4,14.000,0.000,0.000,0.000,0.000,14.000000
20248585.000000,4,15.000,0.000,0.000,0.000,0.000,15.000000
20248724.000000,4,14.000,0.000,0.000,0.000,0.000,14.000000
20248861.000000,4,14.000,6.000,0.000,0.000,0.000,20.000000
20248999.000000,4,15.000,8.000,0.000,0.000,0.000,23.000000
20249137.000000,4,14.000,7.000,0.000,0.000,0.000,21.000000
20249276.000000,4,14.000,8.000,0.000,0.000,0.000,22.000000
20249415.000000,4,14.000,9.000,0.000,0.000,0.000,23.000000
20249563.000000,4,15.000,9.000,0.000,0.000,0.000,24.000000
20249706.000000,4,14.000,9.000,0.000,0.000,0.000,23.000000
20249847.000000,4,14.000,9.000,0.000,0.000,0.000,23.000000
20249993.000000,4,15.000,9.000,0.000,0.000,0.000,24.000000
20250133.000000,4,14.000,10.000,0.000,0.000,0.000,24.000000
20250272.000000,4,14.000,9.000,0.000,0.000,0.000,23.000000
20250415.000000,4,14.000,9.000,0.000,0.000,0.000,23.000000
20250553.000000,4,15.000,9.000,0.000,0.000,0.000,24.000000
20250689.000000,4,14.000,10.000,0.000,0.000,0.000,24.000000
20250828.000000,4,14.000,9.000,0.000,0.000,0.000,23.000000
20250968.000000,4,15.000,10.000,0.000,0.000,0.000,25.000000
20251104.000000,4,14.000,9.000,0.000,0.000,0.000,23.000000
20251235.000000,4,14.000,9.000,0.000,0.000,0.000,23.000000
20251376.000000,4,14.000,7.000,9.000,0.000,0.000,30.000000
20251514.000000,4,15.000,8.000,9.000,0.000,0.000,32.000000
20251653.000000,4,14.000,7.000,8.000,3.000,0.000,32.000000
20251796.000000,4,14.000,10.000,7.000,4.000,0.000,35.000000
20251935.000000,4,15.000,9.000,7.000,0.000,0.000,31.000000
20252077.000000,4,14.000,8.000,7.000,0.000,0.000,29.000000
20252219.000000,4,14.000,9.000,8.000,0.000,0.000,31.000000
20252357.000000,4,14.000,9.000,8.000,8.000,0.000,39.000000
20252494.000000,4,15.000,9.000,8.000,8.000,0.000,40.000000
20252623.000000,4,14.000,9.000,9.000,6.000,0.000,38.000000
20252763.000000,4,14.000,11.000,8.000,2.000,0.000,35.000000
20252898.000000,4,15.000,10.000,9.000,8.000,0.000,42.000000
20253036.000000,4,14.000,10.000,8.000,6.000,0.000,38.000000
20253175.000000,4,14.000,9.000,9.000,0.000,0.000,32.000000
20253316.000000,4,14.000,9.000,9.000,0.000,0.000,32.000000
20253454.000000,4,15.000,10.000,8.000,0.000,0.000,33.000000
20253590.000000,4,14.000,9.000,9.000,0.000,0.000,32.000000
20253723.000000,4,14.000,9.000,8.000,0.000,0.000,31.000000
20253852.000000,4,15.000,9.000,9.000,0.000,0.000,33.000000
20253985.000000,4,14.000,10.000,8.000,0.000,0.000,32.000000
20254116.000000,4,14.000,9.000,8.000,0.000,0.000,31.000000
20254249.000000,4,14.000,9.000,9.000,0.000,0.000,32.000000
20254386.000000,4,15.000,9.000,8.000,0.000,0.000,32.000000
20254524.000000,4,14.000,9.000,8.000,0.000,0.000,31.000000
20254652.000000,4,14.000,9.000,9.000,0.000,0.000,32.000000
20254788.000000,4,15.000,10.000,2.000,0.000,0.000,27.000000
20254921.000000,4,14.000,0.000,0.000,0.000,0.000,14.000000
20255053.000000,4,14.000,0.000,0.000,0.000,0.000,14.000000
20255185.000000,4,14.000,0.000,0.000,0.000,0.000,14.000000
20255318.000000,4,15.000,0.000,0.000,0.000,0.000,15.000000
20255449.000000,4,14.000,0.000,0.000,0.000,0.000,14.000000
20255585.000000,4,14.000,0.000,0.000,0.000,0.000,14.000000
20255715.000000,4,15.000,0.000,0.000,0.000,0.000,15.000000
20255845.000000,4,14.000,0.000,0.000,0.000,0.000,14.000000
20255976.000000,4,14.000,4.000,0.000,0.000,0.000,18.000000
20256110.000000,4,14.000,8.000,0.000,0.000,0.000,22.000000
20256246.000000,4,15.000,9.000,0.000,0.000,0.000,24.000000
20256379.000000,4,14.000,9.000,0.000,0.000,0.000,23.000000
20256512.000000,4,14.000,9.000,0.000,0.000,0.000,23.000000
20256646.000000,4,15.000,2.000,0.000,0.000,0.000,17.000000
20256789.000000,4,14.000,0.000,0.000,0.000,0.000,14.000000
20256923.000000,4,14.000,0.000,0.000,0.000,0.000,14.000000
20257061.000000,4,14.000,0.000,0.000,0.000,0.000,14.000000
20257306.000000,4,15.000,0.000,0.000,0.000,0.000,15.000000
20257444.000000,4,14.000,0.000,0.000,0.000,0.000,14.000000
20257574.000000,4,14.000,0.000,0.000,0.000,0.000,14.000000
20257714.000000,4,15.000,0.000,0.000,0.000,0.000,15.000000
20257853.000000,4,14.000,0.000,0.000,0.000,0.000,14.000000
20257993.000000,4,14.000,0.000,0.000,0.000,0.000,14.000000
20258130.000000,4,14.000,0.000,0.000,0.000,0.000,14.000000
20258266.000000,4,15.000,0.000,0.000,0.000,0.000,15.000000
20258399.000000,4,14.000,0.000,0.000,0.000,0.000,14.000000
20258530.000000,4,14.000,0.000,0.000,0.000,0.000,14.000000
20258674.000000,4,15.000,0.000,0.000,0.000,0.000,15.000000
20258812.000000,4,14.000,0.000,0.000,0.000,0.000,14.000000
20258944.000000,4,14.000,0.000,0.000,0.000,0.000,14.000000
20259074.000000,4,14.000,0.000,0.000,0.000,0.000,14.000000
20259209.000000,4,15.000,0.000,0.000,0.000,0.000,15.000000
20259352.000000,4,14.000,0.000,0.000,0.000,0.000,14.000000
20259486.000000,4,14.000,0.000,0.000,0.000,0.000,14.000000
20259622.000000,4,15.000,0.000,0.000,0.000,0.000,15.000000
20259765.000000,4,14.000,1.000,0.000,0.000,0.000,15.000000
20259894.000000,4,14.000,7.000,0.000,0.000,0.000,21.000000
20260034.000000,4,14.000,8.000,0.000,0.000,0.000,22.000000
20260176.000000,4,15.000,8.000,0.000,0.000,0.000,23.000000
20260309.000000,4,14.000,7.000,0.000,0.000,0.000,21.000000
20260445.000000,4,14.000,0.000,0.000,0.000,0.000,14.000000
20260579.000000,4,15.000,0.000,0.000,0.000,0.000,15.000000
20260712.000000,4,14.000,0.000,0.000,0.000,0.000,14.000000
20260850.000000,4,14.000,2.000,0.000,0.000,0.000,16.000000
20260987.000000,4,14.000,8.000,0.000,0.000,0.000,22.000000
20261123.000000,4,15.000,8.000,0.000,0.000,0.000,23.000000
20261266.000000,4,14.000,9.000,0.000,0.000,0.000,23.000000
20261403.000000,4,14.000,9.000,0.000,0.000,0.000,23.000000
20261542.000000,4,15.000,8.000,0.000,0.000,0.000,23.000000
20261670.000000,4,14.000,8.000,0.000,0.000,0.000,22.000000
20261796.000000,4,14.000,8.000,0.000,0.000,0.000,22.000000
20261933.000000,4,14.000,9.000,0.000,0.000,0.000,23.000000
20262069.000000,4,15.000,3.000,0.000,0.000,0.000,18.000000
20262211.000000,4,14.000,0.000,0.000,0.000,0.000,14.000000
20262346.000000,4,14.000,9.000,0.000,0.000,0.000,23.000000
20262483.000000,4,15.000,8.000,0.000,0.000,0.000,23.000000
20262620.000000,4,14.000,7.000,0.000,0.000,0.000,21.000000
20262751.000000,4,14.000,8.000,0.000,0.000,0.000,22.000000
20262882.000000,4,14.000,8.000,0.000,0.000,0.000,22.000000
20263015.000000,4,15.000,8.000,0.000,0.000,0.000,23.000000
20263155.000000,4,14.000,5.000,0.000,0.000,0.000,19.000000
20263285.000000,4,14.000,0.000,0.000,0.000,0.000,14.000000
20263421.000000,4,15.000,0.000,0.000,0.000,0.000,15.000000
20263564.000000,4,14.000,0.000,0.000,0.000,0.000,14.000000
20263705.000000,4,14.000,0.000,0.000,0.000,0.000,14.000000
20263842.000000,4,14.000,0.000,0.000,0.000,0.000,14.000000
20263975.000000,4,15.000,0.000,0.000,0.000,0.000,15.000000
20264109.000000,4,14.000,0.000,0.000,0.000,0.000,14.000000
20264239.000000,4,14.000,0.000,0.000,0.000,0.000,14.000000
20264367.000000,4,15.000,2.000,0.000,0.000,0.000,17.000000
20264503.000000,4,14.000,8.000,0.000,0.000,0.000,22.000000
20264643.000000,4,14.000,8.000,0.000,0.000,0.000,22.000000
20264779.000000,4,14.000,8.000,0.000,0.000,0.000,22.000000
20264916.000000,4,15.000,0.000,0.000,0.000,0.000,15.000000
20265057.000000,4,14.000,0.000,0.000,0.000,0.000,14.000000
20265193.000000,4,14.000,0.000,0.000,0.000,0.000,14.000000
20265327.000000,4,15.000,0.000,0.000,0.000,0.000,15.000000
20265463.000000,4,14.000,0.000,0.000,0.000,0.000,14.000000
20265599.000000,4,14.000,0.000,0.000,0.000,0.000,14.000000
20265733.000000,4,14.000,0.000,0.000,0.000,0.000,14.000000
20265869.000000,4,15.000,0.000,0.000,0.000,0.000,15.000000
20266010.000000,4,14.000,0.000,0.000,0.000,0.000,14.000000
20266148.000000,4,14.000,1.000,0.000,0.000,0.000,15.000000
20266292.000000,4,15.000,8.000,0.000,0.000,0.000,23.000000
20266427.000000,4,14.000,9.000,0.000,0.000,0.000,23.000000
20266559.000000,4,14.000,9.000,0.000,0.000,0.000,23.000000
20266697.000000,4,14.000,9.000,0.000,0.000,0.000,23.000000
20266830.000000,4,15.000,9.000,0.000,0.000,0.000,24.000000
20266968.000000,4,14.000,9.000,0.000,0.000,0.000,23.000000
20267101.000000,4,14.000,10.000,0.000,0.000,0.000,24.000000
20267239.000000,4,15.000,9.000,0.000,0.000,0.000,24.000000
20267380.000000,4,14.000,4.000,0.000,0.000,0.000,18.000000
20267515.000000,4,14.000,0.000,0.000,0.000,0.000,14.000000
20267649.000000,4,14.000,0.000,0.000,0.000,0.000,14.000000
20267784.000000,4,15.000,0.000,0.000,0.000,0.000,15.000000
20267915.000000,4,14.000,0.000,0.000,0.000,0.000,14.000000
20268050.000000,4,14.000,0.000,0.000,0.000,0.000,14.000000
20268187.000000,4,15.000,0.000,0.000,0.000,0.000,15.000000
20268326.000000,4,14.000,0.000,0.000,0.000,0.000,14.000000
20268459.000000,4,14.000,0.000,0.000,0.000,0.000,14.000000
20268597.000000,4,14.000,0.000,0.000,0.000,0.000,14.000000
20268738.000000,4,15.000,6.000,0.000,0.000,0.000,21.000000
20268873.000000,4,14.000,8.000,0.000,0.000,0.000,22.000000
20269016.000000,4,14.000,8.000,0.000,0.000,0.000,22.000000
20269150.000000,4,15.000,0.000,0.000,0.000,0.000,15.000000
20269286.000000,4,14.000,0.000,0.000,0.000,0.000,14.000000
20269435.000000,4,14.000,0.000,0.000,0.000,0.000,14.000000
20269570.000000,4,14.000,0.000,0.000,0.000,0.000,14.000000
20269710.000000,4,15.000,0.000,0.000,0.000,0.000,15.000000
20269847.000000,4,14.000,0.000,0.000,0.000,0.000,14.000000
20269977.000000,4,14.000,0.000,0.000,0.000,0.000,14.000000
20270112.000000,4,15.000,0.000,0.000,0.000,0.000,15.000000
20270256.000000,4,14.000,0.000,0.000,0.000,0.000,14.000000
20270390.000000,4,14.000,0.000,0.000,0.000,0.000,14.000000
20270528.000000,4,14.000,0.000,0.000,0.000,0.000,14.000000
20270664.000000,4,15.000,0.000,0.000,0.000,0.000,15.000000
20270798.000000,4,14.000,0.000,0.000,0.000,0.000,14.000000
20270939.000000,4,14.000,0.000,0.000,0.000,0.000,14.000000
20271073.000000,4,15.000,2.000,0.000,0.000,0.000,17.000000
20271207.000000,4,14.000,8.000,0.000,0.000,0.000,22.000000
20271338.000000,4,14.000,8.000,0.000,0.000,0.000,22.000000
20271471.000000,4,14.000,9.000,0.000,0.000,0.000,23.000000
20271602.000000,4,15.000,8.000,0.000,0.000,0.000,23.000000
20271734.000000,4,14.000,9.000,0.000,0.000,0.000,23.000000
20271872.000000,4,14.000,8.000,0.000,0.000,0.000,22.000000
20272003.000000,4,15.000,9.000,0.000,0.000,0.000,24.000000
20272138.000000,4,14.000,8.000,0.000,0.000,0.000,22.000000
20272280.000000,4,14.000,9.000,0.000,0.000,0.000,23.000000
20272413.000000,4,14.000,8.000,0.000,0.000,0.000,22.000000
20272554.000000,4,15.000,8.000,0.000,0.000,0.000,23.000000
20272692.000000,4,14.000,8.000,0.000,0.000,0.000,22.000000
20272830.000000,4,14.000,8.000,0.000,0.000,0.000,22.000000
20272967.000000,4,15.000,8.000,0.000,0.000,0.000,23.000000
20273101.000000,4,14.000,8.000,0.000,0.000,0.000,22.000000
20273238.000000,4,14.000,9.000,0.000,0.000,0.000,23.000000
20273379.000000,4,14.000,7.000,0.000,0.000,0.000,21.000000
20273515.000000,4,15.000,8.000,0.000,0.000,0.000,23.000000
20273648.000000,4,14.000,8.000,0.000,0.000,0.000,22.000000
20273777.000000,4,14.000,8.000,0.000,0.000,0.000,22.000000
20273913.000000,4,15.000,7.000,0.000,0.000,0.000,22.000000
20274049.000000,4,14.000,8.000,0.000,0.000,0.000,22.000000
20274193.000000,4,14.000,7.000,0.000,0.000,0.000,21.000000
20274332.000000,4,14.000,8.000,0.000,0.000,0.000,22.000000
20274465.000000,4,15.000,8.000,0.000,0.000,0.000,23.000000
20274594.000000,4,14.000,7.000,0.000,0.000,0.000,21.000000
20274737.000000,4,14.000,8.000,0.000,0.000,0.000,22.000000
20274865.000000,4,15.000,8.000,0.000,0.000,0.000,23.000000
20275005.000000,4,14.000,4.000,0.000,0.000,0.000,18.000000
20275141.000000,4,14.000,0.000,0.000,0.000,0.000,14.000000
20275279.000000,4,14.000,0.000,0.000,0.000,0.000,14.000000
20275420.000000,4,15.000,0.000,0.000,0.000,0.000,15.000000
20275552.000000,4,14.000,0.000,0.000,0.000,0.000,14.000000
20275689.000000,4,14.000,0.000,0.000,0.000,0.000,14.000000
20275826.000000,4,15.000,0.000,0.000,0.000,0.000,15.000000
20275960.000000,4,14.000,0.000,0.000,0.000,0.000,14.000000
20276097.000000,4,14.000,7.000,0.000,0.000,0.000,21.000000
20276230.000000,4,14.000,0.000,0.000,0.000,0.000,14.000000
20276362.000000,4,15.000,0.000,0.000,0.000,0.000,15.000000
20276502.000000,4,14.000,7.000,0.000,0.000,0.000,21.000000
20276640.000000,4,14.000,8.000,0.000,0.000,0.000,22.000000
20276773.000000,4,15.000,7.000,0.000,0.000,0.000,22.000000
20276912.000000,4,14.000,8.000,0.000,0.000,0.000,22.000000
20277051.000000,4,14.000,8.000,0.000,0.000,0.000,22.000000
20277191.000000,4,14.000,7.000,0.000,0.000,0.000,21.000000
20277330.000000,4,15.000,8.000,0.000,0.000,0.000,23.000000
20277470.000000,4,14.000,8.000,0.000,0.000,0.000,22.000000
20277613.000000,4,14.000,8.000,0.000,0.000,0.000,22.000000
20277750.000000,4,15.000,8.000,0.000,0.000,0.000,23.000000
20277884.000000,4,14.000,7.000,0.000,0.000,0.000,21.000000
20278020.000000,4,14.000,8.000,0.000,0.000,0.000,22.000000
20278152.000000,4,14.000,0.000,0.000,0.000,0.000,14.000000
20278289.000000,4,15.000,0.000,0.000,0.000,0.000,15.000000
20278423.000000,4,14.000,5.000,0.000,0.000,0.000,19.000000
20278557.000000,4,14.000,7.000,0.000,0.000,0.000,21.000000
20278702.000000,4,15.000,8.000,0.000,0.000,0.000,23.000000
20278836.000000,4,14.000,8.000,0.000,0.000,0.000,22.000000
20278969.000000,4,14.000,2.000,0.000,0.000,0.000,16.000000
20279103.000000,4,14.000,0.000,0.000,0.000,0.000,14.000000
20279234.000000,4,15.000,0.000,0.000,0.000,0.000,15.000000
20279361.000000,4,14.000,0.000,0.000,0.000,0.000,14.000000
20279499.000000,4,14.000,2.000,0.000,0.000,0.000,16.000000
20279630.000000,4,15.000,8.000,0.000,0.000,0.000,23.000000
20279762.000000,4,14.000,9.000,0.000,0.000,0.000,23.000000
20279904.000000,4,14.000,8.000,0.000,0.000,0.000,22.000000
20280034.000000,4,14.000,8.000,0.000,0.000,0.000,22.000000
20280171.000000,4,15.000,9.000,0.000,0.000,0.000,24.000000
20280304.000000,4,14.000,8.000,0.000,0.000,0.000,22.000000
20280444.000000,4,14.000,9.000,0.000,0.000,0.000,23.000000
20280583.000000,4,15.000,8.000,0.000,0.000,0.000,23.000000
20280715.000000,4,14.000,9.000,0.000,0.000,0.000,23.000000
20280853.000000,4,14.000,9.000,0.000,0.000,0.000,23.000000
20280979.000000,4,14.000,9.000,0.000,0.000,0.000,23.000000
20281122.000000,4,15.000,10.000,0.000,0.000,0.000,25.000000
20281250.000000,4,14.000,9.000,0.000,0.000,0.000,23.000000
20281382.000000,4,14.000,9.000,0.000,0.000,0.000,23.000000
20281515.000000,4,15.000,9.000,0.000,0.000,0.000,24.000000
20281649.000000,4,14.000,9.000,0.000,0.000,0.000,23.000000
20281789.000000,4,14.000,8.000,4.000,0.000,0.000,26.000000
20281924.000000,4,14.000,8.000,9.000,0.000,0.000,31.000000
20282049.000000,4,15.000,8.000,7.000,0.000,0.000,30.000000
20282181.000000,4,14.000,9.000,9.000,0.000,0.000,32.000000
20282312.000000,4,14.000,8.000,7.000,0.000,0.000,29.000000
20282450.000000,4,15.000,9.000,9.000,0.000,0.000,33.000000
20282585.000000,4,14.000,9.000,8.000,0.000,0.000,31.000000
20282718.000000,4,14.000,9.000,8.000,0.000,0.000,31.000000
20282852.000000,4,14.000,9.000,8.000,0.000,0.000,31.000000
20282990.000000,4,15.000,9.000,9.000,0.000,0.000,33.000000
20283122.000000,4,14.000,9.000,8.000,0.000,0.000,31.000000
20283265.000000,4,14.000,9.000,8.000,0.000,0.000,31.000000
20283401.000000,4,15.000,9.000,8.000,0.000,0.000,32.000000
20283536.000000,4,14.000,9.000,8.000,0.000,0.000,31.000000
20283675.000000,4,14.000,9.000,8.000,0.000,0.000,31.000000
20283813.000000,4,14.000,9.000,8.000,0.000,0.000,31.000000
20283946.000000,4,15.000,8.000,8.000,0.000,0.000,31.000000
20284088.000000,4,14.000,8.000,8.000,0.000,0.000,30.000000
20284225.000000,4,14.000,10.000,8.000,0.000,0.000,32.000000
20284361.000000,4,15.000,8.000,8.000,0.000,0.000,31.000000
20284493.000000,4,14.000,9.000,8.000,0.000,0.000,31.000000
20284628.000000,4,14.000,9.000,8.000,0.000,0.000,31.000000
20284767.000000,4,14.000,9.000,9.000,0.000,0.000,32.000000
20284899.000000,4,15.000,9.000,8.000,0.000,0.000,32.000000
20285039.000000,4,14.000,9.000,7.000,0.000,0.000,30.000000
20285175.000000,4,14.000,9.000,0.000,0.000,0.000,23.000000
20285315.000000,4,15.000,10.000,0.000,0.000,0.000,25.000000
20285454.000000,4,14.000,9.000,0.000,0.000,0.000,23.000000
20285596.000000,4,14.000,9.000,0.000,0.000,0.000,23.000000
20285735.000000,4,14.000,9.000,8.000,0.000,0.000,31.000000
20285881.000000,4,15.000,9.000,8.000,0.000,0.000,32.000000
20286028.000000,4,14.000,9.000,8.000,0.000,0.000,31.000000
20286161.000000,4,14.000,9.000,8.000,0.000,0.000,31.000000
20286291.000000,4,15.000,9.000,8.000,0.000,0.000,32.000000
20286428.000000,4,14.000,9.000,7.000,0.000,0.000,30.000000
20286562.000000,4,14.000,9.000,8.000,0.000,0.000,31.000000
20286701.000000,4,14.000,9.000,8.000,0.000,0.000,31.000000
20286830.000000,4,15.000,9.000,8.000,0.000,0.000,32.000000
20286971.000000,4,14.000,9.000,8.000,0.000,0.000,31.000000
20287100.000000,4,14.000,9.000,8.000,0.000,0.000,31.000000
20287237.000000,4,15.000,9.000,7.000,0.000,0.000,31.000000
20287376.000000,4,14.000,9.000,8.000,0.000,0.000,31.000000
20287521.000000,4,14.000,9.000,8.000,0.000,0.000,31.000000
20287655.000000,4,14.000,9.000,8.000,0.000,0.000,31.000000
20287799.000000,4,15.000,9.000,8.000,0.000,0.000,32.000000
20287936.000000,4,14.000,9.000,8.000,0.000,0.000,31.000000
20288077.000000,4,14.000,9.000,7.000,0.000,0.000,30.000000
20288213.000000,4,15.000,9.000,9.000,0.000,0.000,33.000000
20288351.000000,4,14.000,9.000,8.000,0.000,0.000,31.000000
20288491.000000,4,14.000,9.000,8.000,0.000,0.000,31.000000
20288626.000000,4,14.000,9.000,8.000,0.000,0.000,31.000000
20288761.000000,4,15.000,9.000,8.000,0.000,0.000,32.000000
20288892.000000,4,14.000,9.000,8.000,0.000,0.000,31.000000
20289028.000000,4,14.000,9.000,8.000,0.000,0.000,31.000000
20289160.000000,4,15.000,9.000,8.000,0.000,0.000,32.000000
20289297.000000,4,14.000,9.000,8.000,0.000,0.000,31.000000
20289432.000000,4,14.000,9.000,9.000,0.000,0.000,32.000000
20289567.000000,4,14.000,9.000,8.000,0.000,0.000,31.000000
20289704.000000,4,15.000,9.000,8.000,0.000,0.000,32.000000
20289837.000000,4,14.000,9.000,0.000,0.000,0.000,23.000000
20289972.000000,4,14.000,9.000,0.000,0.000,0.000,23.000000
20290108.000000,4,15.000,10.000,1.000,0.000,0.000,26.000000
20290241.000000,4,14.000,9.000,8.000,0.000,0.000,31.000000
20290378.000000,4,14.000,9.000,8.000,0.000,0.000,31.000000
20290516.000000,4,14.000,9.000,8.000,0.000,0.000,31.000000
20290646.000000,4,15.000,8.000,7.000,0.000,0.000,30.000000
20290782.000000,4,14.000,9.000,8.000,0.000,0.000,31.000000
20290915.000000,4,14.000,2.000,3.000,0.000,0.000,19.000000
20291048.000000,4,15.000,0.000,0.000,0.000,0.000,15.000000
20291182.000000,4,14.000,0.000,0.000,0.000,0.000,14.000000
20291317.000000,4,14.000,0.000,0.000,0.000,0.000,14.000000
20291448.000000,4,14.000,0.000,0.000,0.000,0.000,14.000000
20291586.000000,4,15.000,0.000,0.000,0.000,0.000,15.000000
20291721.000000,4,14.000,0.000,0.000,0.000,0.000,14.000000
20291857.000000,4,14.000,0.000,0.000,0.000,0.000,14.000000
20291996.000000,4,15.000,0.000,0.000,0.000,0.000,15.000000
20292146.000000,4,14.000,0.000,0.000,0.000,0.000,14.000000
20292286.000000,4,14.000,0.000,0.000,0.000,0.000,14.000000
20292420.000000,4,14.000,0.000,0.000,0.000,0.000,14.000000
20292557.000000,4,15.000,0.000,0.000,0.000,0.000,15.000000
20292698.000000,4,14.000,0.000,0.000,0.000,0.000,14.000000
20292837.000000,4,14.000,0.000,0.000,0.000,0.000,14.000000
20292973.000000,4,15.000,1.000,0.000,0.000,0.000,16.000000
20293116.000000,4,14.000,8.000,0.000,0.000,0.000,22.000000
20293253.000000,4,14.000,0.000,0.000,0.000,0.000,14.000000
20293392.000000,4,14.000,0.000,0.000,0.000,0.000,14.000000
20293531.000000,4,15.000,3.000,0.000,0.000,0.000,18.000000
20293670.000000,4,14.000,1.000,0.000,0.000,0.000,15.000000
20293805.000000,4,14.000,0.000,0.000,0.000,0.000,14.000000
20293937.000000,4,15.000,0.000,0.000,0.000,0.000,15.000000
20294067.000000,4,14.000,0.000,0.000,0.000,0.000,14.000000
20294188.000000,4,14.000,0.000,0.000,0.000,0.000,14.000000
20294319.000000,4,14.000,0.000,0.000,0.000,0.000,14.000000
20294456.000000,4,15.000,0.000,0.000,0.000,0.000,15.000000
20294594.000000,4,14.000,0.000,0.000,0.000,0.000,14.000000
20294735.000000,4,14.000,0.000,0.000,0.000,0.000,14.000000
20294870.000000,4,15.000,0.000,0.000,0.000,0.000,15.000000
20295013.000000,4,14.000,0.000,0.000,0.000,0.000,14.000000
20295156.000000,4,14.000,0.000,0.000,0.000,0.000,14.000000
20295294.000000,4,14.000,0.000,0.000,0.000,0.000,14.000000
20295431.000000,4,15.000,0.000,0.000,0.000,0.000,15.000000
20295566.000000,4,14.000,0.000,0.000,0.000,0.000,14.000000
20295699.000000,4,14.000,0.000,0.000,0.000,0.000,14.000000
20295839.000000,4,15.000,0.000,0.000,0.000,0.000,15.000000
20295967.000000,4,14.000,0.000,0.000,0.000,0.000,14.000000
20296101.000000,4,14.000,0.000,0.000,0.000,0.000,14.000000
20296242.000000,4,14.000,0.000,0.000,0.000,0.000,14.000000
20296386.000000,4,15.000,0.000,0.000,0.000,0.000,15.000000
20296526.000000,4,14.000,0.000,0.000,0.000,0.000,14.000000
20296666.000000,4,14.000,0.000,0.000,0.000,0.000,14.000000
20296806.000000,4,15.000,0.000,0.000,0.000,0.000,15.000000
20296946.000000,4,14.000,0.000,0.000,0.000,0.000,14.000000
20297070.000000,4,14.000,0.000,0.000,0.000,0.000,14.000000
20297204.000000,4,14.000,0.000,0.000,0.000,0.000,14.000000
20297339.000000,4,15.000,0.000,0.000,0.000,0.000,15.000000
20297479.000000,4,14.000,0.000,0.000,0.000,0.000,14.000000
20297619.000000,4,14.000,0.000,0.000,0.000,0.000,14.000000
20297758.000000,4,15.000,0.000,0.000,0.000,0.000,15.000000
20297897.000000,4,14.000,0.000,0.000,0.000,0.000,14.000000
20298040.000000,4,14.000,0.000,0.000,0.000,0.000,14.000000
20298183.000000,4,14.000,0.000,0.000,0.000,0.000,14.000000
20298325.000000,4,15.000,0.000,0.000,0.000,0.000,15.000000
20298467.000000,4,14.000,0.000,0.000,0.000,0.000,14.000000
20298609.000000,4,14.000,0.000,0.000,0.000,0.000,14.000000
20298749.000000,4,15.000,0.000,0.000,0.000,0.000,15.000000
20298885.000000,4,14.000,0.000,0.000,0.000,0.000,14.000000
20299022.000000,4,14.000,0.000,0.000,0.000,0.000,14.000000
20299160.000000,4,14.000,0.000,0.000,0.000,0.000,14.000000
20299301.000000,4,15.000,0.000,0.000,0.000,0.000,15.000000
20299443.000000,4,14.000,0.000,0.000,0.000,0.000,14.000000
20299577.000000,4,14.000,0.000,0.000,0.000,0.000,14.000000
20299709.000000,4,15.000,0.000,0.000,0.000,0.000,15.000000
20299853.000000,4,14.000,0.000,0.000,0.000,0.000,14.000000
20299991.000000,4,14.000,0.000,0.000,0.000,0.000,14.000000
20300128.000000,4,14.000,0.000,0.000,0.000,0.000,14.000000
20300268.000000,4,15.000,0.000,0.000,0.000,0.000,15.000000
20300405.000000,4,14.000,0.000,0.000,0.000,0.000,14.000000
20300547.000000,4,14.000,0.000,0.000,0.000,0.000,14.000000
20300689.000000,4,13.000,0.000,0.000,0.000,0.000,13.000000
20300821.000000,4,11.000,0.000,0.000,0.000,0.000,11.000000
20300962.000000,4,10.000,0.000,0.000,0.000,0.000,10.000000
20301100.000000,4,10.000,0.000,0.000,0.000,0.000,10.000000
20301242.000000,4,9.000,0.000,0.000,0.000,0.000,9.000000
20301381.000000,4,10.000,0.000,0.000,0.000,0.000,10.000000
20301518.000000,4,9.000,0.000,0.000,0.000,0.000,9.000000
20301657.000000,4,10.000,0.000,0.000,0.000,0.000,10.000000
20301799.000000,4,11.000,0.000,0.000,0.000,0.000,11.000000
20301937.000000,4,13.000,0.000,0.000,0.000,0.000,13.000000
20302070.000000,4,12.000,0.000,0.000,0.000,0.000,12.000000
20302206.000000,4,13.000,0.000,0.000,0.000,0.000,13.000000
20302346.000000,4,14.000,0.000,0.000,0.000,0.000,14.000000
20302486.000000,4,14.000,0.000,0.000,0.000,0.000,14.000000
20302625.000000,4,15.000,0.000,0.000,0.000,0.000,15.000000
20302765.000000,4,14.000,0.000,0.000,0.000,0.000,14.000000
20302906.000000,4,14.000,7.000,0.000,0.000,0.000,21.000000
20303032.000000,4,15.000,9.000,0.000,0.000,0.000,24.000000
20303168.000000,4,14.000,8.000,0.000,0.000,0.000,22.000000
20303306.000000,4,14.000,0.000,0.000,0.000,0.000,14.000000
20303441.000000,4,14.000,0.000,0.000,0.000,0.000,14.000000
20303576.000000,4,15.000,0.000,0.000,0.000,0.000,15.000000
20303714.000000,4,14.000,0.000,0.000,0.000,0.000,14.000000
20303849.000000,4,14.000,0.000,0.000,0.000,0.000,14.000000
20303990.000000,4,15.000,0.000,0.000,0.000,0.000,15.000000
20304133.000000,4,14.000,0.000,0.000,0.000,0.000,14.000000
20304269.000000,4,14.000,0.000,0.000,0.000,0.000,14.000000
20304400.000000,4,14.000,0.000,0.000,0.000,0.000,14.000000
20304545.000000,4,15.000,0.000,0.000,0.000,0.000,15.000000
20304683.000000,4,14.000,0.000,0.000,0.000,0.000,14.000000
20304820.000000,4,14.000,0.000,0.000,0.000,0.000,14.000000
20304952.000000,4,15.000,0.000,0.000,0.000,0.000,15.000000
20305085.000000,4,14.000,0.000,0.000,0.000,0.000,14.000000
20305221.000000,4,14.000,0.000,0.000,0.000,0.000,14.000000
20305366.000000,4,14.000,0.000,0.000,0.000,0.000,14.000000
20305500.000000,4,15.000,0.000,0.000,0.000,0.000,15.000000
20305640.000000,4,14.000,0.000,0.000,0.000,0.000,14.000000
20305775.000000,4,14.000,0.000,0.000,0.000,0.000,14.000000
20305910.000000,4,15.000,0.000,0.000,0.000,0.000,15.000000
20306047.000000,4,14.000,0.000,0.000,0.000,0.000,14.000000
20306181.000000,4,14.000,0.000,0.000,0.000,0.000,14.000000
20306313.000000,4,14.000,0.000,0.000,0.000,0.000,14.000000
20306455.000000,4,15.000,0.000,0.000,0.000,0.000,15.000000
20306589.000000,4,14.000,0.000,0.000,0.000,0.000,14.000000
20306728.000000,4,14.000,0.000,0.000,0.000,0.000,14.000000
20306865.000000,4,15.000,0.000,0.000,0.000,0.000,15.000000
20307003.000000,4,14.000,0.000,0.000,0.000,0.000,14.000000
20307134.000000,4,14.000,0.000,0.000,0.000,0.000,14.000000
20307268.000000,4,14.000,0.000,0.000,0.000,0.000,14.000000
20307408.000000,4,15.000,0.000,0.000,0.000,0.000,15.000000
20307538.000000,4,14.000,0.000,0.000,0.000,0.000,14.000000
20307670.000000,4,13.000,0.000,0.000,0.000,0.000,13.000000
20307814.000000,4,12.000,0.000,0.000,0.000,0.000,12.000000
20307950.000000,4,11.000,5.000,0.000,0.000,0.000,16.000000
20308088.000000,4,12.000,7.000,0.000,0.000,0.000,19.000000
20308232.000000,4,12.000,0.000,0.000,0.000,0.000,12.000000
20308370.000000,4,12.000,0.000,0.000,0.000,0.000,12.000000
20308508.000000,4,12.000,0.000,0.000,0.000,0.000,12.000000
20308642.000000,4,12.000,0.000,0.000,0.000,0.000,12.000000
20308776.000000,4,12.000,0.000,0.000,0.000,0.000,12.000000
20308914.000000,4,13.000,0.000,0.000,0.000,0.000,13.000000
20309053.000000,4,14.000,0.000,0.000,0.000,0.000,14.000000
20309195.000000,4,14.000,0.000,0.000,0.000,0.000,14.000000
20309331.000000,4,15.000,0.000,0.000,0.000,0.000,15.000000
20309466.000000,4,14.000,0.000,0.000,0.000,0.000,14.000000
20309605.000000,4,14.000,0.000,0.000,0.000,0.000,14.000000
20309750.000000,4,15.000,0.000,0.000,0.000,0.000,15.000000
20309884.000000,4,14.000,0.000,0.000,0.000,0.000,14.000000
20310021.000000,4,14.000,0.000,0.000,0.000,0.000,14.000000
20310157.000000,4,14.000,0.000,0.000,0.000,0.000,14.000000
20310293.000000,4,15.000,0.000,0.000,0.000,0.000,15.000000
20310427.000000,4,14.000,0.000,0.000,0.000,0.000,14.000000
20310563.000000,4,14.000,0.000,0.000,0.000,0.000,14.000000
20310693.000000,4,15.000,0.000,0.000,0.000,0.000,15.000000
20310829.000000,4,14.000,0.000,0.000,0.000,0.000,14.000000
20310966.000000,4,14.000,0.000,0.000,0.000,0.000,14.000000
20311100.000000,4,14.000,0.000,0.000,0.000,0.000,14.000000
20311232.000000,4,12.000,0.000,0.000,0.000,0.000,12.000000
20311365.000000,4,12.000,0.000,0.000,0.000,0.000,12.000000
20311510.000000,4,12.000,0.000,0.000,0.000,0.000,12.000000
20311642.000000,4,12.000,0.000,0.000,0.000,0.000,12.000000
20311777.000000,4,12.000,0.000,0.000,0.000,0.000,12.000000
20311913.000000,4,13.000,0.000,0.000,0.000,0.000,13.000000
20312052.000000,4,14.000,0.000,0.000,0.000,0.000,14.000000
20312190.000000,4,15.000,0.000,0.000,0.000,0.000,15.000000
20312327.000000,4,14.000,0.000,0.000,0.000,0.000,14.000000
20312465.000000,4,14.000,0.000,0.000,0.000,0.000,14.000000
20312597.000000,4,14.000,0.000,0.000,0.000,0.000,14.000000
20312730.000000,4,15.000,0.000,0.000,0.000,0.000,15.000000
20312870.000000,4,14.000,0.000,0.000,0.000,0.000,14.000000
20313004.000000,4,14.000,0.000,0.000,0.000,0.000,14.000000
20313141.000000,4,15.000,0.000,0.000,0.000,0.000,15.000000
20313276.000000,4,14.000,0.000,0.000,0.000,0.000,14.000000
20313413.000000,4,14.000,0.000,0.000,0.000,0.000,14.000000
20313546.000000,4,14.000,0.000,0.000,0.000,0.000,14.000000
20313689.000000,4,15.000,0.000,0.000,0.000,0.000,15.000000
20313831.000000,4,14.000,0.000,0.000,0.000,0.000,14.000000
20313969.000000,4,14.000,0.000,0.000,0.000,0.000,14.000000
20314105.000000,4,15.000,0.000,0.000,0.000,0.000,15.000000
20314237.000000,4,14.000,0.000,0.000,0.000,0.000,14.000000
20314372.000000,4,14.000,0.000,0.000,0.000,0.000,14.000000
20314509.000000,4,14.000,0.000,0.000,0.000,0.000,14.000000
20314652.000000,4,15.000,0.000,0.000,0.000,0.000,15.000000
20314779.000000,4,14.000,0.000,0.000,0.000,0.000,14.000000
20314912.000000,4,14.000,0.000,0.000,0.000,0.000,14.000000
20315053.000000,4,15.000,0.000,0.000,0.000,0.000,15.000000
20315193.000000,4,14.000,0.000,0.000,0.000,0.000,14.000000
20315329.000000,4,14.000,0.000,0.000,0.000,0.000,14.000000
20315465.000000,4,14.000,0.000,0.000,0.000,0.000,14.000000
20315599.000000,4,15.000,0.000,0.000,0.000,0.000,15.000000
20315737.000000,4,14.000,0.000,0.000,0.000,0.000,14.000000
20315870.000000,4,14.000,0.000,0.000,0.000,0.000,14.000000
20316006.000000,4,15.000,0.000,0.000,0.000,0.000,15.000000
20316145.000000,4,14.000,0.000,0.000,0.000,0.000,14.000000
20316279.000000,4,14.000,0.000,0.000,0.000,0.000,14.000000
20316410.000000,4,14.000,0.000,0.000,0.000,0.000,14.000000
20316541.000000,4,15.000,0.000,0.000,0.000,0.000,15.000000
20316686.000000,4,14.000,0.000,0.000,0.000,0.000,14.000000
20316818.000000,4,14.000,0.000,0.000,0.000,0.000,14.000000
20316957.000000,4,15.000,0.000,0.000,0.000,0.000,15.000000
20317098.000000,4,14.000,0.000,0.000,0.000,0.000,14.000000
20317236.000000,4,14.000,0.000,0.000,0.000,0.000,14.000000
20317371.000000,4,14.000,0.000,0.000,0.000,0.000,14.000000
20317513.000000,4,15.000,0.000,0.000,0.000,0.000,15.000000
20317653.000000,4,14.000,0.000,0.000,0.000,0.000,14.000000
20317792.000000,4,14.000,0.000,0.000,0.000,0.000,14.000000
20317926.000000,4,15.000,0.000,0.000,0.000,0.000,15.000000
20318062.000000,4,14.000,0.000,0.000,0.000,0.000,14.000000
20318203.000000,4,14.000,0.000,0.000,0.000,0.000,14.000000
20318331.000000,4,14.000,0.000,0.000,0.000,0.000,14.000000
20318471.000000,4,15.000,0.000,0.000,0.000,0.000,15.000000
20318610.000000,4,14.000,0.000,0.000,0.000,0.000,14.000000
20318745.000000,4,14.000,0.000,0.000,0.000,0.000,14.000000
20318883.000000,4,15.000,0.000,0.000,0.000,0.000,15.000000
20319012.000000,4,14.000,0.000,0.000,0.000,0.000,14.000000
20319143.000000,4,14.000,0.000,0.000,0.000,0.000,14.000000
20319273.000000,4,14.000,0.000,0.000,0.000,0.000,14.000000
20319404.000000,4,15.000,0.000,0.000,0.000,0.000,15.000000
20319538.000000,4,14.000,0.000,0.000,0.000,0.000,14.000000
20319678.000000,4,14.000,0.000,0.000,0.000,0.000,14.000000
20319814.000000,4,15.000,0.000,0.000,0.000,0.000,15.000000
20319944.000000,4,14.000,0.000,0.000,0.000,0.000,14.000000
20320071.000000,4,14.000,0.000,0.000,0.000,0.000,14.000000
20320204.000000,4,14.000,0.000,0.000,0.000,0.000,14.000000
20320340.000000,4,15.000,0.000,0.000,0.000,0.000,15.000000
20320473.000000,4,14.000,0.000,0.000,0.000,0.000,14.000000
20320612.000000,4,14.000,0.000,0.000,0.000,0.000,14.000000
20320748.000000,4,15.000,0.000,0.000,0.000,0.000,15.000000
20320890.000000,4,14.000,0.000,0.000,0.000,0.000,14.000000
20321029.000000,4,14.000,0.000,0.000,0.000,0.000,14.000000
20321167.000000,4,14.000,0.000,0.000,0.000,0.000,14.000000
20321295.000000,4,15.000,0.000,0.000,0.000,0.000,15.000000
20321431.000000,4,14.000,0.000,0.000,0.000,0.000,14.000000
20321568.000000,4,12.000,0.000,0.000,0.000,0.000,12.000000
20321704.000000,4,12.000,2.000,0.000,0.000,0.000,14.000000
20321836.000000,4,12.000,8.000,0.000,0.000,0.000,20.000000
20321974.000000,4,12.000,7.000,0.000,0.000,0.000,19.000000
20322113.000000,4,11.000,1.000,0.000,0.000,0.000,12.000000
20322247.000000,4,13.000,0.000,0.000,0.000,0.000,13.000000
20322379.000000,4,13.000,0.000,0.000,0.000,0.000,13.000000
20322515.000000,4,14.000,0.000,0.000,0.000,0.000,14.000000
20322653.000000,4,14.000,0.000,0.000,0.000,0.000,14.000000
20322793.000000,4,15.000,0.000,0.000,0.000,0.000,15.000000
20322925.000000,4,14.000,0.000,0.000,0.000,0.000,14.000000
20323059.000000,4,14.000,0.000,0.000,0.000,0.000,14.000000
20323204.000000,4,15.000,0.000,0.000,0.000,0.000,15.000000
20323336.000000,4,14.000,0.000,0.000,0.000,0.000,14.000000
20323475.000000,4,14.000,0.000,0.000,0.000,0.000,14.000000
20323615.000000,4,14.000,0.000,0.000,0.000,0.000,14.000000
20323755.000000,4,15.000,0.000,0.000,0.000,0.000,15.000000
20323894.000000,4,14.000,0.000,0.000,0.000,0.000,14.000000
20324036.000000,4,14.000,0.000,0.000,0.000,0.000,14.000000
20324174.000000,4,15.000,0.000,0.000,0.000,0.000,15.000000
20324312.000000,4,14.000,0.000,0.000,0.000,0.000,14.000000
20324449.000000,4,14.000,0.000,0.000,0.000,0.000,14.000000
20324592.000000,4,14.000,0.000,0.000,0.000,0.000,14.000000
20324731.000000,4,15.000,0.000,0.000,0.000,0.000,15.000000
20324868.000000,4,14.000,0.000,0.000,0.000,0.000,14.000000
20325010.000000,4,14.000,0.000,0.000,0.000,0.000,14.000000
20325150.000000,4,15.000,0.000,0.000,0.000,0.000,15.000000
20325283.000000,4,14.000,0.000,0.000,0.000,0.000,14.000000
20325416.000000,4,14.000,0.000,0.000,0.000,0.000,14.000000
20325560.000000,4,14.000,0.000,0.000,0.000,0.000,14.000000
20325696.000000,4,15.000,0.000,0.000,0.000,0.000,15.000000
20325833.000000,4,14.000,0.000,0.000,0.000,0.000,14.000000
20325967.000000,4,14.000,0.000,0.000,0.000,0.000,14.000000
20326098.000000,4,15.000,0.000,0.000,0.000,0.000,15.000000
20326235.000000,4,14.000,0.000,0.000,0.000,0.000,14.000000
20326372.000000,4,14.000,0.000,0.000,0.000,0.000,14.000000
20326507.000000,4,14.000,0.000,0.000,0.000,0.000,14.000000
20326646.000000,4,15.000,0.000,0.000,0.000,0.000,15.000000
20326784.000000,4,14.000,0.000,0.000,0.000,0.000,14.000000
20326918.000000,4,14.000,0.000,0.000,0.000,0.000,14.000000
20327048.000000,4,15.000,0.000,0.000,0.000,0.000,15.000000
20327183.000000,4,14.000,0.000,0.000,0.000,0.000,14.000000
20327324.000000,4,13.000,0.000,0.000,0.000,0.000,13.000000
20327459.000000,4,11.000,0.000,0.000,0.000,0.000,11.000000
20327596.000000,4,12.000,0.000,0.000,0.000,0.000,12.000000
20327730.000000,4,12.000,0.000,0.000,0.000,0.000,12.000000
20327866.000000,4,12.000,0.000,0.000,0.000,0.000,12.000000
20327998.000000,4,12.000,7.000,0.000,0.000,0.000,19.000000
20328139.000000,4,8.000,11.000,0.000,0.000,0.000,19.000000
20328277.000000,4,12.000,0.000,0.000,0.000,0.000,12.000000
20328412.000000,4,13.000,0.000,0.000,0.000,0.000,13.000000
20328550.000000,4,12.000,0.000,0.000,0.000,0.000,12.000000
20328686.000000,4,11.000,0.000,0.000,0.000,0.000,11.000000
20328814.000000,4,12.000,0.000,0.000,0.000,0.000,12.000000
20328956.000000,4,12.000,0.000,0.000,0.000,0.000,12.000000
20329095.000000,4,12.000,0.000,0.000,0.000,0.000,12.000000
20329233.000000,4,12.000,0.000,0.000,0.000,0.000,12.000000
20329363.000000,4,12.000,0.000,0.000,0.000,0.000,12.000000
20329502.000000,4,13.000,0.000,0.000,0.000,0.000,13.000000
20329638.000000,4,12.000,0.000,0.000,0.000,0.000,12.000000
20329776.000000,4,12.000,0.000,0.000,0.000,0.000,12.000000
20329917.000000,4,12.000,0.000,0.000,0.000,0.000,12.000000
20330066.000000,4,15.000,0.000,0.000,0.000,0.000,15.000000
20330205.000000,4,14.000,0.000,0.000,0.000,0.000,14.000000
20330341.000000,4,14.000,0.000,0.000,0.000,0.000,14.000000
20330477.000000,4,15.000,0.000,0.000,0.000,0.000,15.000000
20330611.000000,4,14.000,0.000,0.000,0.000,0.000,14.000000
20330747.000000,4,14.000,0.000,0.000,0.000,0.000,14.000000
20330888.000000,4,14.000,0.000,0.000,0.000,0.000,14.000000
20331028.000000,4,15.000,0.000,0.000,0.000,0.000,15.000000
20331173.000000,4,14.000,0.000,0.000,0.000,0.000,14.000000
20331314.000000,4,14.000,0.000,0.000,0.000,0.000,14.000000
20331452.000000,4,15.000,0.000,0.000,0.000,0.000,15.000000
20331586.000000,4,14.000,0.000,0.000,0.000,0.000,14.000000
20331723.000000,4,14.000,0.000,0.000,0.000,0.000,14.000000
20331854.000000,4,14.000,0.000,0.000,0.000,0.000,14.000000
20331998.000000,4,15.000,0.000,0.000,0.000,0.000,15.000000
20332134.000000,4,14.000,0.000,0.000,0.000,0.000,14.000000
20332269.000000,4,14.000,0.000,0.000,0.000,0.000,14.000000
20332406.000000,4,15.000,0.000,0.000,0.000,0.000,15.000000
20332545.000000,4,14.000,0.000,0.000,0.000,0.000,14.000000
20332681.000000,4,14.000,0.000,0.000,0.000,0.000,14.000000
20332816.000000,4,14.000,0.000,0.000,0.000,0.000,14.000000
20332956.000000,4,15.000,0.000,0.000,0.000,0.000,15.000000
20333095.000000,4,14.000,0.000,0.000,0.000,0.000,14.000000
20333239.000000,4,14.000,0.000,0.000,0.000,0.000,14.000000
20333385.000000,4,15.000,0.000,0.000,0.000,0.000,15.000000
20333527.000000,4,14.000,0.000,0.000,0.000,0.000,14.000000
20333668.000000,4,14.000,0.000,0.000,0.000,0.000,14.000000
20333809.000000,4,14.000,0.000,0.000,0.000,0.000,14.000000
20333948.000000,4,15.000,0.000,0.000,0.000,0.000,15.000000
20334087.000000,4,14.000,0.000,0.000,0.000,0.000,14.000000
20334224.000000,4,14.000,0.000,0.000,0.000,0.000,14.000000
20334361.000000,4,15.000,0.000,0.000,0.000,0.000,15.000000
20334502.000000,4,14.000,0.000,0.000,0.000,0.000,14.000000
20334639.000000,4,14.000,0.000,0.000,0.000,0.000,14.000000
20334777.000000,4,14.000,0.000,0.000,0.000,0.000,14.000000
20334917.000000,4,15.000,0.000,0.000,0.000,0.000,15.000000
20335059.000000,4,14.000,0.000,0.000,0.000,0.000,14.000000
20335192.000000,4,14.000,0.000,0.000,0.000,0.000,14.000000
20335333.000000,4,15.000,0.000,0.000,0.000,0.000,15.000000
20335475.000000,4,14.000,0.000,0.000,0.000,0.000,14.000000
20335613.000000,4,14.000,0.000,0.000,0.000,0.000,14.000000
20335759.000000,4,14.000,0.000,0.000,0.000,0.000,14.000000
20335894.000000,4,15.000,0.000,0.000,0.000,0.000,15.000000
20336033.000000,4,14.000,0.000,0.000,0.000,0.000,14.000000
20336171.000000,4,14.000,0.000,0.000,0.000,0.000,14.000000
20336309.000000,5,15.000,1.000,1.000,0.000,0.000,17.000000
20336444.000000,5,14.000,14.000,12.000,0.000,0.000,40.000000
20336582.000000,5,14.000,15.000,11.000,0.000,0.000,40.000000
20336725.000000,5,14.000,14.000,12.000,0.000,0.000,40.000000
20336865.000000,5,15.000,14.000,13.000,0.000,0.000,42.000000
20336999.000000,5,14.000,15.000,11.000,0.000,0.000,40.000000
20337142.000000,5,14.000,14.000,12.000,0.000,0.000,40.000000
20337282.000000,5,15.000,14.000,12.000,0.000,0.000,41.000000
20337416.000000,5,14.000,14.000,11.000,0.000,0.000,39.000000
20337551.000000,5,14.000,15.000,12.000,0.000,0.000,41.000000
20337688.000000,5,14.000,14.000,12.000,0.000,0.000,40.000000
20337828.000000,5,15.000,14.000,13.000,0.000,0.000,42.000000
20337971.000000,5,14.000,15.000,12.000,0.000,0.000,41.000000
20338111.000000,5,14.000,14.000,13.000,0.000,0.000,41.000000
20338246.000000,5,15.000,14.000,12.000,0.000,0.000,41.000000
20338388.000000,5,14.000,14.000,13.000,0.000,0.000,41.000000
20338528.000000,5,14.000,15.000,12.000,0.000,0.000,41.000000
20338667.000000,5,14.000,14.000,13.000,0.000,0.000,41.000000
20338805.000000,5,15.000,14.000,12.000,0.000,0.000,41.000000
20338950.000000,5,14.000,15.000,13.000,0.000,0.000,42.000000
20339086.000000,5,14.000,14.000,12.000,0.000,0.000,40.000000
20339226.000000,5,15.000,14.000,13.000,0.000,0.000,42.000000
20339365.000000,5,14.000,14.000,12.000,0.000,0.000,40.000000
20339505.000000,5,14.000,15.000,13.000,0.000,0.000,42.000000
20339645.000000,5,14.000,14.000,12.000,0.000,0.000,40.000000
20339781.000000,5,16.000,14.000,13.000,0.000,0.000,43.000000
20339918.000000,5,17.000,15.000,12.000,0.000,0.000,44.000000
20340059.000000,5,17.000,14.000,13.000,0.000,0.000,44.000000
20340201.000000,5,16.000,14.000,12.000,0.000,0.000,42.000000
20340341.000000,5,17.000,14.000,13.000,0.000,0.000,44.000000
20340480.000000,5,15.000,17.000,12.000,0.000,0.000,44.000000
20340618.000000,5,14.000,17.000,13.000,0.000,0.000,44.000000
20340756.000000,5,14.000,16.000,12.000,0.000,0.000,42.000000
20340897.000000,5,14.000,17.000,12.000,0.000,0.000,43.000000
20341040.000000,5,15.000,17.000,12.000,0.000,0.000,44.000000
20341182.000000,5,14.000,16.000,13.000,0.000,0.000,43.000000
20341325.000000,5,14.000,17.000,12.000,0.000,0.000,43.000000
20341459.000000,5,15.000,17.000,13.000,0.000,0.000,45.000000
20341595.000000,5,14.000,16.000,11.000,0.000,0.000,41.000000
20341739.000000,5,14.000,17.000,13.000,0.000,0.000,44.000000
20341879.000000,5,14.000,17.000,12.000,0.000,0.000,43.000000
20342017.000000,5,15.000,16.000,12.000,3.000,0.000,46.000000
20342163.000000,5,16.000,17.000,9.000,12.000,0.000,54.000000
20342297.000000,5,17.000,17.000,8.000,13.000,0.000,55.000000
20342433.000000,5,17.000,15.000,9.000,12.000,0.000,53.000000
20342566.000000,5,16.000,14.000,10.000,5.000,0.000,45.000000
20342705.000000,5,14.000,15.000,12.000,0.000,0.000,41.000000
20342846.000000,5,14.000,14.000,12.000,0.000,0.000,40.000000
20342984.000000,5,15.000,14.000,12.000,0.000,0.000,41.000000
20343116.000000,5,14.000,14.000,11.000,0.000,0.000,39.000000
20343253.000000,5,14.000,15.000,13.000,0.000,0.000,42.000000
20343391.000000,5,14.000,14.000,12.000,0.000,0.000,40.000000
20343533.000000,5,15.000,14.000,12.000,0.000,0.000,41.000000
20343679.000000,5,14.000,15.000,12.000,0.000,0.000,41.000000
20343820.000000,5,14.000,14.000,12.000,0.000,0.000,40.000000
20343957.000000,5,15.000,14.000,11.000,0.000,0.000,40.000000
20344097.000000,5,14.000,14.000,12.000,0.000,0.000,40.000000
20344235.000000,5,14.000,15.000,11.000,0.000,0.000,40.000000
20344369.000000,5,14.000,14.000,11.000,0.000,0.000,39.000000
20344505.000000,5,15.000,14.000,11.000,0.000,0.000,40.000000
20344642.000000,5,14.000,15.000,11.000,0.000,0.000,40.000000
20344783.000000,5,14.000,14.000,12.000,0.000,0.000,40.000000
20344921.000000,5,15.000,14.000,12.000,0.000,0.000,41.000000
20345062.000000,5,14.000,14.000,12.000,0.000,0.000,40.000000
20345198.000000,5,14.000,15.000,12.000,0.000,0.000,41.000000
20345327.000000,5,14.000,14.000,12.000,0.000,0.000,40.000000
20345467.000000,5,15.000,14.000,13.000,0.000,0.000,42.000000
20345602.000000,5,14.000,15.000,14.000,0.000,0.000,43.000000
20345739.000000,5,14.000,14.000,14.000,0.000,0.000,42.000000
20345879.000000,5,15.000,14.000,12.000,0.000,0.000,41.000000
20346020.000000,5,14.000,14.000,12.000,0.000,0.000,40.000000
20346159.000000,5,14.000,15.000,12.000,0.000,0.000,41.000000
20346296.000000,5,14.000,14.000,11.000,0.000,0.000,39.000000
20346436.000000,5,15.000,14.000,12.000,0.000,0.000,41.000000
20346569.000000,5,14.000,15.000,11.000,0.000,0.000,40.000000
20346714.000000,5,14.000,14.000,11.000,0.000,0.000,39.000000
20346859.000000,5,15.000,14.000,13.000,0.000,0.000,42.000000
20347003.000000,5,14.000,14.000,12.000,0.000,0.000,40.000000
20347149.000000,5,14.000,15.000,11.000,0.000,0.000,40.000000
20347295.000000,5,14.000,14.000,13.000,0.000,0.000,41.000000
20347432.000000,5,15.000,14.000,12.000,0.000,0.000,41.000000
20347575.000000,5,14.000,15.000,12.000,0.000,0.000,41.000000
20347715.000000,5,14.000,14.000,13.000,0.000,0.000,41.000000
20347857.000000,5,15.000,14.000,11.000,0.000,0.000,40.000000
20348000.000000,5,14.000,14.000,11.000,0.000,0.000,39.000000
20348145.000000,5,14.000,15.000,13.000,0.000,0.000,42.000000
20348288.000000,5,14.000,14.000,12.000,0.000,0.000,40.000000
20348427.000000,5,15.000,14.000,13.000,0.000,0.000,42.000000
20348569.000000,5,14.000,15.000,12.000,0.000,0.000,41.000000
20348701.000000,5,14.000,14.000,13.000,0.000,0.000,41.000000
20348840.000000,5,15.000,14.000,11.000,0.000,0.000,40.000000
20348976.000000,5,14.000,14.000,12.000,0.000,0.000,40.000000
20349113.000000,5,14.000,15.000,12.000,0.000,0.000,41.000000
20349254.000000,5,14.000,14.000,12.000,0.000,0.000,40.000000
20349395.000000,5,15.000,14.000,12.000,0.000,0.000,41.000000
20349533.000000,5,14.000,14.000,12.000,0.000,0.000,40.000000
20349676.000000,5,14.000,15.000,12.000,0.000,0.000,41.000000
20349814.000000,5,14.000,14.000,12.000,0.000,0.000,40.000000
20349959.000000,5,14.000,14.000,12.000,0.000,0.000,40.000000
20350104.000000,5,15.000,14.000,11.000,0.000,0.000,40.000000
20350243.000000,5,14.000,15.000,12.000,0.000,0.000,41.000000
20350382.000000,5,14.000,14.000,11.000,0.000,0.000,39.000000
20350520.000000,5,15.000,14.000,12.000,0.000,0.000,41.000000
20350656.000000,5,14.000,15.000,12.000,0.000,0.000,41.000000
20350795.000000,5,14.000,14.000,13.000,0.000,0.000,41.000000
20350934.000000,5,14.000,14.000,12.000,0.000,0.000,40.000000
20351074.000000,5,15.000,14.000,12.000,0.000,0.000,41.000000
20351220.000000,5,14.000,15.000,11.000,3.000,0.000,43.000000
20351357.000000,5,14.000,14.000,13.000,0.000,0.000,41.000000
20351499.000000,5,15.000,14.000,12.000,0.000,0.000,41.000000
20351639.000000,5,14.000,15.000,13.000,0.000,0.000,42.000000
20351780.000000,5,14.000,14.000,11.000,0.000,0.000,39.000000
20351920.000000,5,14.000,14.000,11.000,0.000,0.000,39.000000
20352058.000000,5,15.000,14.000,12.000,0.000,0.000,41.000000
20352195.000000,5,14.000,15.000,12.000,0.000,0.000,41.000000
20352337.000000,5,14.000,14.000,11.000,0.000,0.000,39.000000
20352481.000000,5,15.000,14.000,13.000,0.000,0.000,42.000000
20352619.000000,5,14.000,15.000,12.000,0.000,0.000,41.000000
20352761.000000,5,14.000,14.000,12.000,0.000,0.000,40.000000
20352901.000000,5,14.000,14.000,12.000,0.000,0.000,40.000000
20353039.000000,5,15.000,14.000,12.000,0.000,0.000,41.000000
20353179.000000,5,14.000,15.000,12.000,0.000,0.000,41.000000
20353315.000000,5,14.000,14.000,12.000,0.000,0.000,40.000000
20353459.000000,5,15.000,14.000,13.000,0.000,0.000,42.000000
20353600.000000,5,14.000,15.000,12.000,0.000,0.000,41.000000
20353739.000000,5,14.000,14.000,12.000,0.000,0.000,40.000000
20353885.000000,5,14.000,14.000,11.000,0.000,0.000,39.000000
20354024.000000,5,15.000,14.000,13.000,0.000,0.000,42.000000
20354164.000000,5,14.000,15.000,11.000,0.000,0.000,40.000000
20354305.000000,5,14.000,14.000,11.000,0.000,0.000,39.000000
20354447.000000,5,15.000,14.000,12.000,0.000,0.000,41.000000
20354590.000000,5,14.000,15.000,11.000,0.000,0.000,40.000000
20354725.000000,5,14.000,14.000,13.000,0.000,0.000,41.000000
20354866.000000,5,14.000,14.000,12.000,0.000,0.000,40.000000
20355012.000000,5,15.000,14.000,11.000,0.000,0.000,40.000000
20355156.000000,5,14.000,15.000,13.000,0.000,0.000,42.000000
20355301.000000,5,14.000,14.000,11.000,0.000,0.000,39.000000
20355438.000000,5,15.000,14.000,12.000,0.000,0.000,41.000000
20355582.000000,5,14.000,15.000,11.000,0.000,0.000,40.000000
20355722.000000,5,14.000,14.000,12.000,0.000,0.000,40.000000
20355864.000000,5,14.000,14.000,12.000,0.000,0.000,40.000000
20356004.000000,5,15.000,14.000,13.000,0.000,0.000,42.000000
20356151.000000,5,14.000,15.000,12.000,0.000,0.000,41.000000
20356293.000000,5,14.000,14.000,13.000,0.000,0.000,41.000000
20356432.000000,5,15.000,14.000,12.000,0.000,0.000,41.000000
20356570.000000,5,14.000,15.000,13.000,0.000,0.000,42.000000
20356714.000000,5,14.000,14.000,12.000,0.000,0.000,40.000000
20356852.000000,5,14.000,14.000,13.000,0.000,0.000,41.000000
20356994.000000,5,15.000,14.000,12.000,0.000,0.000,41.000000
20357134.000000,5,14.000,15.000,13.000,0.000,0.000,42.000000
20357280.000000,5,14.000,14.000,12.000,0.000,0.000,40.000000
20357424.000000,5,15.000,14.000,13.000,0.000,0.000,42.000000
20357562.000000,5,14.000,15.000,12.000,0.000,0.000,41.000000
20357699.000000,5,14.000,14.000,13.000,0.000,0.000,41.000000
20357844.000000,5,14.000,14.000,12.000,0.000,0.000,40.000000
20357981.000000,5,15.000,14.000,13.000,0.000,0.000,42.000000
20358132.000000,5,14.000,15.000,12.000,0.000,0.000,41.000000
20358276.000000,5,14.000,14.000,13.000,0.000,0.000,41.000000
20358419.000000,5,15.000,14.000,12.000,0.000,0.000,41.000000
20358559.000000,5,14.000,15.000,13.000,0.000,0.000,42.000000
20358700.000000,5,14.000,14.000,12.000,0.000,0.000,40.000000
20358839.000000,5,14.000,14.000,13.000,0.000,0.000,41.000000
20358978.000000,5,15.000,14.000,12.000,0.000,0.000,41.000000
20359120.000000,5,14.000,15.000,13.000,0.000,0.000,42.000000
20359257.000000,5,14.000,14.000,12.000,0.000,0.000,40.000000
20359388.000000,5,15.000,14.000,12.000,0.000,0.000,41.000000
20359526.000000,5,14.000,15.000,11.000,0.000,0.000,40.000000
20359667.000000,5,14.000,14.000,12.000,0.000,0.000,40.000000
20359809.000000,5,14.000,14.000,13.000,0.000,0.000,41.000000
20359948.000000,5,15.000,14.000,12.000,0.000,0.000,41.000000
20360089.000000,5,14.000,15.000,11.000,0.000,0.000,40.000000
20360232.000000,5,14.000,14.000,12.000,2.000,0.000,42.000000
20360368.000000,5,15.000,14.000,8.000,12.000,0.000,49.000000
20360504.000000,5,14.000,14.000,7.000,12.000,0.000,47.000000
20360642.000000,5,14.000,15.000,8.000,12.000,0.000,49.000000
20360781.000000,5,14.000,14.000,8.000,12.000,0.000,48.000000
20360913.000000,5,15.000,14.000,8.000,12.000,0.000,49.000000
20361052.000000,5,14.000,14.000,7.000,12.000,0.000,47.000000
20361193.000000,5,14.000,15.000,8.000,12.000,0.000,49.000000
20361337.000000,5,15.000,14.000,9.000,9.000,0.000,47.000000
20361477.000000,5,14.000,14.000,12.000,0.000,0.000,40.000000
20361621.000000,5,14.000,15.000,12.000,0.000,0.000,41.000000
20361757.000000,5,14.000,14.000,12.000,0.000,0.000,40.000000
20361888.000000,5,15.000,14.000,12.000,0.000,0.000,41.000000
20362026.000000,5,14.000,14.000,11.000,0.000,0.000,39.000000
20362166.000000,5,14.000,15.000,12.000,0.000,0.000,41.000000
20362308.000000,5,15.000,14.000,12.000,0.000,0.000,41.000000
20362456.000000,5,14.000,14.000,12.000,0.000,0.000,40.000000
20362597.000000,5,14.000,15.000,12.000,0.000,0.000,41.000000
20362739.000000,5,14.000,14.000,12.000,0.000,0.000,40.000000
20362884.000000,5,15.000,14.000,12.000,0.000,0.000,41.000000
20363020.000000,5,14.000,14.000,11.000,0.000,0.000,39.000000
20363164.000000,5,14.000,15.000,11.000,0.000,0.000,40.000000
20363307.000000,5,15.000,14.000,12.000,0.000,0.000,41.000000
20363455.000000,5,14.000,14.000,12.000,0.000,0.000,40.000000
20363597.000000,5,14.000,15.000,12.000,0.000,0.000,41.000000
20363739.000000,5,14.000,14.000,11.000,0.000,0.000,39.000000
20363887.000000,5,15.000,14.000,12.000,0.000,0.000,41.000000
20364036.000000,5,14.000,14.000,12.000,0.000,0.000,40.000000
20364178.000000,5,14.000,15.000,11.000,0.000,0.000,40.000000
20364321.000000,5,15.000,14.000,11.000,0.000,0.000,40.000000
20364459.000000,5,14.000,14.000,13.000,0.000,0.000,41.000000
20364594.000000,5,14.000,15.000,12.000,0.000,0.000,41.000000
20364731.000000,5,14.000,14.000,13.000,0.000,0.000,41.000000
20364874.000000,5,15.000,14.000,11.000,0.000,0.000,40.000000
20365016.000000,5,14.000,14.000,11.000,0.000,0.000,39.000000
20365154.000000,5,14.000,15.000,12.000,0.000,0.000,41.000000
20365296.000000,5,15.000,14.000,12.000,0.000,0.000,41.000000
20365434.000000,5,14.000,14.000,11.000,0.000,0.000,39.000000
20365569.000000,5,14.000,15.000,13.000,0.000,0.000,42.000000
20365704.000000,5,14.000,14.000,11.000,0.000,0.000,39.000000
20365844.000000,5,15.000,14.000,13.000,0.000,0.000,42.000000
20365984.000000,5,14.000,14.000,11.000,0.000,0.000,39.000000
20366115.000000,5,14.000,15.000,12.000,0.000,0.000,41.000000
20366254.000000,5,15.000,14.000,11.000,0.000,0.000,40.000000
20366397.000000,5,14.000,14.000,12.000,0.000,0.000,40.000000
20366538.000000,5,14.000,15.000,12.000,0.000,0.000,41.000000
20366677.000000,5,14.000,14.000,12.000,0.000,0.000,40.000000
20366811.000000,5,15.000,14.000,12.000,0.000,0.000,41.000000
20366950.000000,5,14.000,14.000,12.000,0.000,0.000,40.000000
20367090.000000,5,14.000,15.000,12.000,0.000,0.000,41.000000
20367232.000000,5,15.000,14.000,12.000,0.000,0.000,41.000000
20367372.000000,5,14.000,14.000,12.000,0.000,0.000,40.000000
20367508.000000,5,14.000,15.000,12.000,0.000,0.000,41.000000
20367642.000000,5,14.000,14.000,12.000,0.000,0.000,40.000000
20367781.000000,5,15.000,14.000,12.000,0.000,0.000,41.000000
20367929.000000,5,14.000,14.000,12.000,0.000,0.000,40.000000
20368064.000000,5,14.000,15.000,12.000,0.000,0.000,41.000000
20368202.000000,5,15.000,14.000,12.000,0.000,0.000,41.000000
20368336.000000,5,14.000,14.000,12.000,0.000,0.000,40.000000
20368479.000000,5,14.000,15.000,12.000,0.000,0.000,41.000000
20368618.000000,5,14.000,14.000,12.000,0.000,0.000,40.000000
20368757.000000,5,15.000,14.000,12.000,0.000,0.000,41.000000
20368892.000000,5,14.000,14.000,11.000,0.000,0.000,39.000000
20369028.000000,5,14.000,15.000,12.000,0.000,0.000,41.000000
20369166.000000,5,15.000,14.000,12.000,0.000,0.000,41.000000
20369304.000000,5,14.000,14.000,12.000,0.000,0.000,40.000000
20369448.000000,5,14.000,15.000,12.000,0.000,0.000,41.000000
20369594.000000,5,14.000,14.000,13.000,0.000,0.000,41.000000
20369728.000000,5,15.000,14.000,12.000,0.000,0.000,41.000000
20369865.000000,5,14.000,14.000,12.000,0.000,0.000,40.000000
20370000.000000,5,14.000,15.000,11.000,0.000,0.000,40.000000
20370137.000000,5,15.000,14.000,12.000,0.000,0.000,41.000000
20370282.000000,5,14.000,14.000,11.000,0.000,0.000,39.000000
20370423.000000,5,14.000,15.000,12.000,0.000,0.000,41.000000
20370563.000000,5,14.000,14.000,13.000,0.000,0.000,41.000000
20370706.000000,5,15.000,14.000,12.000,0.000,0.000,41.000000
20370846.000000,5,14.000,14.000,13.000,0.000,0.000,41.000000
20370991.000000,5,14.000,15.000,12.000,0.000,0.000,41.000000
20371139.000000,5,15.000,14.000,13.000,0.000,0.000,42.000000
20371280.000000,5,14.000,14.000,12.000,0.000,0.000,40.000000
20371416.000000,5,14.000,15.000,13.000,0.000,0.000,42.000000
20371558.000000,5,14.000,14.000,12.000,0.000,0.000,40.000000
20371697.000000,5,15.000,14.000,13.000,0.000,0.000,42.000000
20371842.000000,5,14.000,14.000,12.000,0.000,0.000,40.000000
20371983.000000,5,14.000,15.000,13.000,0.000,0.000,42.000000
20372120.000000,5,15.000,14.000,12.000,0.000,0.000,41.000000
20372259.000000,5,14.000,14.000,13.000,0.000,0.000,41.000000
20372402.000000,5,14.000,15.000,12.000,0.000,0.000,41.000000
20372540.000000,5,14.000,14.000,13.000,0.000,0.000,41.000000
20372683.000000,5,15.000,14.000,12.000,0.000,0.000,41.000000
20372827.000000,5,14.000,14.000,13.000,0.000,0.000,41.000000
20372973.000000,5,14.000,15.000,11.000,0.000,0.000,40.000000
20373118.000000,5,15.000,14.000,10.000,0.000,0.000,39.000000
20373257.000000,5,14.000,14.000,12.000,0.000,0.000,40.000000
20373397.000000,5,14.000,15.000,11.000,0.000,0.000,40.000000
20373529.000000,5,14.000,14.000,12.000,0.000,0.000,40.000000
20373673.000000,5,15.000,14.000,8.000,10.000,0.000,47.000000
20373806.000000,5,14.000,14.000,12.000,2.000,0.000,42.000000
20373945.000000,5,14.000,15.000,12.000,0.000,0.000,41.000000
20374084.000000,5,15.000,14.000,12.000,0.000,0.000,41.000000
20374224.000000,5,14.000,14.000,12.000,0.000,0.000,40.000000
20374361.000000,5,14.000,15.000,11.000,0.000,0.000,40.000000
20374505.000000,5,14.000,14.000,11.000,0.000,0.000,39.000000
20374641.000000,5,15.000,14.000,11.000,0.000,0.000,40.000000
20374777.000000,5,14.000,14.000,12.000,0.000,0.000,40.000000
20374925.000000,5,14.000,15.000,11.000,0.000,0.000,40.000000
20375062.000000,5,15.000,14.000,12.000,0.000,0.000,41.000000
20375203.000000,5,14.000,14.000,11.000,0.000,0.000,39.000000
20375341.000000,5,14.000,15.000,13.000,0.000,0.000,42.000000
20375483.000000,5,14.000,14.000,12.000,0.000,0.000,40.000000
20375629.000000,5,15.000,14.000,13.000,0.000,0.000,42.000000
20375774.000000,5,14.000,14.000,12.000,0.000,0.000,40.000000
20375913.000000,5,14.000,14.000,13.000,0.000,0.000,41.000000
20376054.000000,5,15.000,14.000,12.000,0.000,0.000,41.000000
20376198.000000,5,14.000,14.000,12.000,0.000,0.000,40.000000
20376336.000000,5,14.000,14.000,12.000,0.000,0.000,40.000000
20376475.000000,5,14.000,14.000,12.000,0.000,0.000,40.000000
20376612.000000,5,15.000,15.000,12.000,0.000,0.000,42.000000
20376749.000000,5,14.000,14.000,12.000,0.000,0.000,40.000000
20376886.000000,5,14.000,14.000,12.000,0.000,0.000,40.000000
20377028.000000,5,15.000,15.000,11.000,0.000,0.000,41.000000
20377169.000000,5,14.000,14.000,12.000,0.000,0.000,40.000000
20377315.000000,5,14.000,14.000,12.000,0.000,0.000,40.000000
20377458.000000,5,14.000,14.000,13.000,0.000,0.000,41.000000
20377599.000000,5,15.000,14.000,11.000,0.000,0.000,40.000000
20377740.000000,5,14.000,11.000,12.000,0.000,0.000,37.000000
20377885.000000,5,14.000,13.000,12.000,0.000,0.000,39.000000
20378030.000000,5,15.000,11.000,12.000,0.000,0.000,38.000000
20378170.000000,5,14.000,13.000,11.000,0.000,0.000,38.000000
20378314.000000,5,14.000,12.000,12.000,0.000,0.000,38.000000
20378453.000000,5,14.000,12.000,12.000,0.000,0.000,38.000000
20378597.000000,5,15.000,11.000,12.000,0.000,0.000,38.000000
20378739.000000,5,14.000,13.000,12.000,0.000,0.000,39.000000
20378878.000000,5,14.000,11.000,12.000,0.000,0.000,37.000000
20379014.000000,5,12.000,14.000,12.000,0.000,0.000,38.000000
20379155.000000,5,12.000,14.000,12.000,0.000,0.000,38.000000
20379294.000000,5,13.000,14.000,14.000,0.000,0.000,41.000000
20379432.000000,5,14.000,15.000,15.000,0.000,0.000,44.000000
20379571.000000,5,14.000,14.000,14.000,0.000,0.000,42.000000
20379714.000000,5,15.000,14.000,14.000,0.000,0.000,43.000000
20379850.000000,5,14.000,14.000,14.000,0.000,0.000,42.000000
20379985.000000,5,14.000,15.000,15.000,0.000,0.000,44.000000
20380132.000000,5,15.000,14.000,14.000,0.000,0.000,43.000000
20380266.000000,5,14.000,14.000,14.000,0.000,0.000,42.000000
20380412.000000,5,14.000,14.000,15.000,0.000,0.000,43.000000
20380542.000000,5,14.000,15.000,14.000,0.000,0.000,43.000000
20380685.000000,5,15.000,14.000,14.000,0.000,0.000,43.000000
20380818.000000,5,14.000,14.000,14.000,0.000,0.000,42.000000
20380965.000000,5,14.000,15.000,12.000,0.000,0.000,41.000000
20381105.000000,5,15.000,14.000,12.000,0.000,0.000,41.000000
20381249.000000,5,14.000,14.000,11.000,0.000,0.000,39.000000
20381390.000000,5,14.000,14.000,12.000,0.000,0.000,40.000000
20381537.000000,5,14.000,15.000,11.000,0.000,0.000,40.000000
20381678.000000,5,14.000,14.000,12.000,0.000,0.000,40.000000
20381816.000000,5,14.000,14.000,12.000,0.000,0.000,40.000000
20381958.000000,5,14.000,15.000,13.000,0.000,0.000,42.000000
20382102.000000,5,15.000,14.000,12.000,0.000,0.000,41.000000
20382244.000000,5,14.000,14.000,12.000,0.000,0.000,40.000000
20382387.000000,5,14.000,14.000,12.000,0.000,0.000,40.000000
20382529.000000,5,14.000,12.000,12.000,0.000,0.000,38.000000
20382674.000000,5,14.000,11.000,12.000,0.000,0.000,37.000000
20382819.000000,5,15.000,12.000,13.000,0.000,0.000,40.000000
20382960.000000,5,14.000,13.000,11.000,0.000,0.000,38.000000
20383099.000000,5,14.000,12.000,12.000,0.000,0.000,38.000000
20383237.000000,5,14.000,13.000,12.000,0.000,0.000,39.000000
20383379.000000,5,15.000,14.000,12.000,0.000,0.000,41.000000
20383517.000000,5,14.000,15.000,12.000,0.000,0.000,41.000000
20383655.000000,5,14.000,14.000,12.000,0.000,0.000,40.000000
20383798.000000,5,15.000,14.000,13.000,0.000,0.000,42.000000
20383939.000000,5,14.000,14.000,12.000,0.000,0.000,40.000000
20384077.000000,5,14.000,15.000,12.000,0.000,0.000,41.000000
20384215.000000,5,14.000,14.000,12.000,0.000,0.000,40.000000
20384352.000000,5,15.000,14.000,13.000,0.000,0.000,42.000000
20384491.000000,5,14.000,15.000,12.000,0.000,0.000,41.000000
20384629.000000,5,14.000,14.000,12.000,0.000,0.000,40.000000
20384773.000000,5,15.000,14.000,11.000,0.000,0.000,40.000000
20384915.000000,5,14.000,14.000,12.000,0.000,0.000,40.000000
20385062.000000,5,14.000,13.000,12.000,0.000,0.000,39.000000
20385195.000000,5,14.000,12.000,11.000,0.000,0.000,37.000000
20385333.000000,5,15.000,12.000,12.000,0.000,0.000,39.000000
20385476.000000,5,14.000,12.000,12.000,0.000,0.000,38.000000
20385611.000000,5,14.000,12.000,13.000,0.000,0.000,39.000000
20385748.000000,5,15.000,12.000,11.000,0.000,0.000,38.000000
20385887.000000,5,14.000,11.000,12.000,0.000,0.000,37.000000
20386030.000000,5,14.000,12.000,13.000,0.000,0.000,39.000000
20386175.000000,5,14.000,13.000,11.000,0.000,0.000,38.000000
20386319.000000,5,15.000,15.000,11.000,0.000,0.000,41.000000
20386453.000000,5,14.000,14.000,13.000,0.000,0.000,41.000000
20386593.000000,5,14.000,14.000,12.000,0.000,0.000,40.000000
20386734.000000,5,15.000,15.000,12.000,0.000,0.000,42.000000
20386876.000000,5,14.000,14.000,12.000,0.000,0.000,40.000000
20387016.000000,5,14.000,14.000,12.000,0.000,0.000,40.000000
20387156.000000,5,14.000,14.000,12.000,0.000,0.000,40.000000
20387296.000000,5,15.000,15.000,11.000,0.000,0.000,41.000000
20387433.000000,5,14.000,13.000,12.000,0.000,0.000,39.000000
20387572.000000,5,14.000,12.000,12.000,0.000,0.000,38.000000
20387715.000000,5,15.000,12.000,12.000,0.000,0.000,39.000000
20387852.000000,5,14.000,12.000,12.000,0.000,0.000,38.000000
20387995.000000,5,14.000,12.000,11.000,3.000,0.000,40.000000
20388131.000000,5,14.000,11.000,12.000,0.000,0.000,37.000000
20388266.000000,5,15.000,12.000,11.000,0.000,0.000,38.000000
20388405.000000,5,14.000,13.000,13.000,0.000,0.000,40.000000
20388543.000000,5,12.000,14.000,11.000,0.000,0.000,37.000000
20388682.000000,5,12.000,14.000,12.000,0.000,0.000,38.000000
20388826.000000,5,12.000,14.000,12.000,0.000,0.000,38.000000
20388965.000000,5,12.000,15.000,11.000,0.000,0.000,38.000000
20389103.000000,5,12.000,14.000,12.000,0.000,0.000,38.000000
20389242.000000,5,12.000,14.000,12.000,0.000,0.000,38.000000
20389386.000000,5,12.000,15.000,12.000,0.000,0.000,39.000000
20389526.000000,5,12.000,14.000,11.000,0.000,0.000,37.000000
20389667.000000,5,13.000,13.000,12.000,0.000,0.000,38.000000
20389811.000000,5,15.000,12.000,12.000,0.000,0.000,39.000000
20389946.000000,5,14.000,13.000,13.000,0.000,0.000,40.000000
20390086.000000,5,14.000,14.000,11.000,0.000,0.000,39.000000
20390227.000000,5,15.000,14.000,12.000,0.000,0.000,41.000000
20390362.000000,5,14.000,14.000,11.000,0.000,0.000,39.000000
20390497.000000,5,14.000,15.000,12.000,0.000,0.000,41.000000
20390637.000000,5,14.000,14.000,11.000,0.000,0.000,39.000000
20390782.000000,5,15.000,14.000,11.000,0.000,0.000,40.000000
20390925.000000,5,14.000,14.000,11.000,0.000,0.000,39.000000
20391063.000000,5,14.000,12.000,12.000,0.000,0.000,38.000000
20391204.000000,5,15.000,11.000,11.000,0.000,0.000,37.000000
20391344.000000,5,14.000,12.000,12.000,0.000,0.000,38.000000
20391488.000000,5,14.000,12.000,12.000,0.000,0.000,38.000000
20391626.000000,5,14.000,12.000,11.000,0.000,0.000,37.000000
20391760.000000,5,15.000,12.000,11.000,0.000,0.000,38.000000
20391895.000000,5,14.000,12.000,12.000,0.000,0.000,38.000000
20392038.000000,5,14.000,12.000,11.000,0.000,0.000,37.000000
20392183.000000,5,15.000,12.000,12.000,0.000,0.000,39.000000
20392315.000000,5,14.000,12.000,11.000,0.000,0.000,37.000000
20392452.000000,5,14.000,13.000,12.000,0.000,0.000,39.000000
20392595.000000,5,14.000,14.000,12.000,0.000,0.000,40.000000
20392742.000000,5,15.000,14.000,12.000,0.000,0.000,41.000000
20392877.000000,5,14.000,15.000,12.000,0.000,0.000,41.000000
20393020.000000,5,13.000,13.000,12.000,0.000,0.000,38.000000
20393163.000000,5,13.000,15.000,12.000,0.000,0.000,40.000000
20393301.000000,5,13.000,13.000,11.000,0.000,0.000,37.000000
20393446.000000,5,15.000,12.000,12.000,0.000,0.000,39.000000
20393589.000000,5,14.000,14.000,12.000,0.000,0.000,40.000000
20393728.000000,5,14.000,15.000,12.000,0.000,0.000,41.000000
20393874.000000,5,14.000,14.000,12.000,0.000,0.000,40.000000
20394006.000000,5,15.000,14.000,12.000,0.000,0.000,41.000000
20394149.000000,5,14.000,15.000,12.000,0.000,0.000,41.000000
20394290.000000,5,14.000,14.000,12.000,0.000,0.000,40.000000
20394429.000000,5,15.000,14.000,12.000,0.000,0.000,41.000000
20394566.000000,5,14.000,12.000,12.000,0.000,0.000,38.000000
20394701.000000,5,14.000,12.000,12.000,0.000,0.000,38.000000
20394839.000000,5,14.000,12.000,12.000,0.000,0.000,38.000000
20394976.000000,5,15.000,11.000,12.000,0.000,0.000,38.000000
20395117.000000,5,14.000,12.000,12.000,0.000,0.000,38.000000
20395255.000000,5,14.000,11.000,12.000,0.000,0.000,37.000000
20395393.000000,5,15.000,12.000,12.000,0.000,0.000,39.000000
20395534.000000,5,14.000,13.000,12.000,0.000,0.000,39.000000
20395677.000000,5,14.000,11.000,13.000,0.000,0.000,38.000000
20395811.000000,5,14.000,12.000,11.000,0.000,0.000,37.000000
20395955.000000,5,15.000,12.000,12.000,0.000,0.000,39.000000
20396097.000000,5,14.000,12.000,12.000,0.000,0.000,38.000000
20396240.000000,5,14.000,12.000,12.000,0.000,0.000,38.000000
20396378.000000,5,15.000,12.000,13.000,0.000,0.000,40.000000
20396524.000000,5,14.000,12.000,12.000,0.000,0.000,38.000000
20396667.000000,5,14.000,12.000,11.000,0.000,0.000,37.000000
20396808.000000,5,14.000,13.000,12.000,0.000,0.000,39.000000
20396948.000000,5,15.000,12.000,12.000,0.000,0.000,39.000000
20397091.000000,5,14.000,12.000,12.000,0.000,0.000,38.000000
20397239.000000,5,14.000,13.000,12.000,0.000,0.000,39.000000
20397383.000000,5,15.000,12.000,13.000,0.000,0.000,40.000000
20397524.000000,5,14.000,12.000,12.000,0.000,0.000,38.000000
20397667.000000,5,14.000,12.000,12.000,0.000,0.000,38.000000
20397813.000000,5,14.000,12.000,12.000,0.000,0.000,38.000000
20397951.000000,5,15.000,12.000,12.000,0.000,0.000,39.000000
20398090.000000,5,14.000,12.000,13.000,0.000,0.000,39.000000
20398226.000000,5,14.000,13.000,12.000,0.000,0.000,39.000000
20398364.000000,5,15.000,11.000,11.000,0.000,0.000,37.000000
20398508.000000,5,14.000,12.000,12.000,0.000,0.000,38.000000
20398652.000000,5,14.000,12.000,11.000,0.000,0.000,37.000000
20398794.000000,5,14.000,12.000,12.000,0.000,0.000,38.000000
20398929.000000,5,15.000,12.000,12.000,0.000,0.000,39.000000
20399073.000000,5,14.000,12.000,11.000,0.000,0.000,37.000000
20399209.000000,5,12.000,14.000,12.000,0.000,0.000,38.000000
20399351.000000,5,12.000,14.000,12.000,0.000,0.000,38.000000
20399494.000000,5,12.000,15.000,13.000,0.000,0.000,40.000000
20399634.000000,5,13.000,14.000,12.000,0.000,0.000,39.000000
20399769.000000,5,14.000,14.000,11.000,0.000,0.000,39.000000
20399909.000000,5,14.000,15.000,11.000,0.000,0.000,40.000000
20400043.000000,5,15.000,14.000,13.000,0.000,0.000,42.000000
20400178.000000,5,14.000,14.000,12.000,0.000,0.000,40.000000
20400320.000000,5,14.000,14.000,12.000,0.000,0.000,40.000000
20400461.000000,5,17.000,14.000,11.000,0.000,0.000,42.000000
20400605.000000,5,16.000,15.000,12.000,0.000,0.000,43.000000
20400752.000000,5,17.000,14.000,12.000,0.000,0.000,43.000000
20400889.000000,5,17.000,14.000,13.000,0.000,0.000,44.000000
20401026.000000,5,16.000,14.000,12.000,0.000,0.000,42.000000
20401170.000000,5,17.000,15.000,11.000,0.000,0.000,43.000000
20401311.000000,5,14.000,14.000,13.000,0.000,0.000,41.000000
20401448.000000,5,14.000,14.000,12.000,0.000,0.000,40.000000
20401585.000000,5,14.000,14.000,11.000,0.000,0.000,39.000000
20401726.000000,5,15.000,12.000,12.000,0.000,0.000,39.000000
20401870.000000,5,14.000,11.000,12.000,0.000,0.000,37.000000
20402009.000000,5,14.000,12.000,11.000,0.000,0.000,37.000000
20402142.000000,5,13.000,12.000,11.000,0.000,0.000,36.000000
20402286.000000,5,12.000,15.000,12.000,0.000,0.000,39.000000
20402431.000000,5,12.000,14.000,13.000,0.000,0.000,39.000000
20402568.000000,5,11.000,14.000,12.000,0.000,0.000,37.000000
20402709.000000,5,12.000,15.000,12.000,0.000,0.000,39.000000
20402845.000000,5,12.000,14.000,13.000,0.000,0.000,39.000000
20402983.000000,5,13.000,14.000,11.000,0.000,0.000,38.000000
20403128.000000,5,14.000,12.000,12.000,0.000,0.000,38.000000
20403264.000000,5,15.000,13.000,12.000,0.000,0.000,40.000000
20403407.000000,5,14.000,14.000,11.000,0.000,0.000,39.000000
20403543.000000,5,14.000,14.000,12.000,0.000,0.000,40.000000
20403687.000000,5,14.000,15.000,12.000,0.000,0.000,41.000000
20403822.000000,5,15.000,14.000,13.000,0.000,0.000,42.000000
20403957.000000,5,14.000,14.000,11.000,0.000,0.000,39.000000
20404096.000000,5,14.000,14.000,11.000,0.000,0.000,39.000000
20404239.000000,5,15.000,15.000,11.000,0.000,0.000,41.000000
20404383.000000,5,14.000,14.000,11.000,0.000,0.000,39.000000
20404527.000000,5,14.000,14.000,12.000,0.000,0.000,40.000000
20404661.000000,5,14.000,15.000,12.000,0.000,0.000,41.000000
20404804.000000,5,15.000,14.000,11.000,0.000,0.000,40.000000
20404952.000000,5,14.000,14.000,12.000,0.000,0.000,40.000000
20405097.000000,5,14.000,14.000,12.000,0.000,0.000,40.000000
20405236.000000,5,15.000,15.000,13.000,0.000,0.000,43.000000
20405379.000000,5,14.000,14.000,12.000,0.000,0.000,40.000000
20405520.000000,5,14.000,14.000,11.000,0.000,0.000,39.000000
20405661.000000,5,14.000,15.000,12.000,0.000,0.000,41.000000
20405801.000000,5,15.000,14.000,12.000,0.000,0.000,41.000000
20405945.000000,5,14.000,14.000,11.000,0.000,0.000,39.000000
20406081.000000,5,14.000,14.000,12.000,0.000,0.000,40.000000
20406219.000000,5,15.000,15.000,12.000,0.000,0.000,42.000000
20406360.000000,5,14.000,14.000,12.000,0.000,0.000,40.000000
20406497.000000,5,14.000,14.000,12.000,0.000,0.000,40.000000
20406632.000000,5,14.000,15.000,12.000,0.000,0.000,41.000000
20406769.000000,5,15.000,14.000,11.000,0.000,0.000,40.000000
20406907.000000,5,14.000,14.000,11.000,0.000,0.000,39.000000
20407042.000000,5,14.000,14.000,11.000,0.000,0.000,39.000000
20407179.000000,5,15.000,14.000,13.000,0.000,0.000,42.000000
20407321.000000,5,14.000,12.000,12.000,0.000,0.000,38.000000
20407458.000000,5,14.000,12.000,12.000,0.000,0.000,38.000000
20407600.000000,5,14.000,12.000,13.000,0.000,0.000,39.000000
20407748.000000,5,15.000,12.000,12.000,0.000,0.000,39.000000
20407893.000000,5,14.000,11.000,11.000,0.000,0.000,36.000000
20408021.000000,5,14.000,13.000,13.000,0.000,0.000,40.000000
20408159.000000,5,15.000,14.000,11.000,0.000,0.000,40.000000
20408296.000000,5,14.000,15.000,11.000,0.000,0.000,40.000000
20408438.000000,5,14.000,14.000,12.000,0.000,0.000,40.000000
20408578.000000,5,14.000,14.000,11.000,0.000,0.000,39.000000
20408725.000000,5,15.000,15.000,12.000,0.000,0.000,42.000000
20408865.000000,5,14.000,14.000,11.000,0.000,0.000,39.000000
20409004.000000,5,14.000,14.000,12.000,0.000,0.000,40.000000
20409147.000000,5,13.000,14.000,11.000,0.000,0.000,38.000000
20409285.000000,5,14.000,13.000,12.000,0.000,0.000,39.000000
20409425.000000,5,17.000,12.000,12.000,0.000,0.000,41.000000
20409570.000000,5,17.000,12.000,11.000,0.000,0.000,40.000000
20409708.000000,5,16.000,12.000,11.000,0.000,0.000,39.000000
20409855.000000,5,16.000,15.000,12.000,0.000,0.000,43.000000
20410002.000000,5,14.000,14.000,12.000,0.000,0.000,40.000000
20410147.000000,5,14.000,14.000,13.000,0.000,0.000,41.000000
20410286.000000,5,15.000,15.000,12.000,0.000,0.000,42.000000
20410425.000000,5,14.000,14.000,12.000,0.000,0.000,40.000000
20410564.000000,5,14.000,14.000,12.000,0.000,0.000,40.000000
20410700.000000,5,15.000,14.000,12.000,0.000,0.000,41.000000
20410842.000000,5,14.000,15.000,12.000,0.000,0.000,41.000000
20410977.000000,5,14.000,14.000,11.000,0.000,0.000,39.000000
20411117.000000,5,14.000,13.000,11.000,0.000,0.000,38.000000
20411255.000000,5,15.000,12.000,12.000,0.000,0.000,39.000000
20411394.000000,5,13.000,13.000,11.000,0.000,0.000,37.000000
20411534.000000,5,12.000,14.000,12.000,0.000,0.000,38.000000
20411673.000000,5,12.000,15.000,12.000,0.000,0.000,39.000000
20411813.000000,5,12.000,14.000,11.000,0.000,0.000,37.000000
20411951.000000,5,12.000,14.000,13.000,0.000,0.000,39.000000
20412091.000000,5,12.000,15.000,11.000,0.000,0.000,38.000000
20412229.000000,5,12.000,14.000,12.000,0.000,0.000,38.000000
20412368.000000,5,12.000,14.000,12.000,0.000,0.000,38.000000
20412507.000000,5,15.000,13.000,12.000,0.000,0.000,40.000000
20412648.000000,5,14.000,14.000,11.000,0.000,0.000,39.000000
20412790.000000,5,14.000,14.000,13.000,0.000,0.000,41.000000
20412933.000000,5,14.000,15.000,12.000,0.000,0.000,41.000000
20413073.000000,5,15.000,14.000,12.000,0.000,0.000,41.000000
20413210.000000,5,14.000,14.000,11.000,0.000,0.000,39.000000
20413351.000000,5,14.000,14.000,12.000,0.000,0.000,40.000000
20413488.000000,5,15.000,15.000,12.000,0.000,0.000,42.000000
20413633.000000,5,14.000,14.000,12.000,0.000,0.000,40.000000
20413775.000000,5,14.000,14.000,12.000,0.000,0.000,40.000000
20413918.000000,5,14.000,15.000,11.000,0.000,0.000,40.000000
20414062.000000,5,15.000,14.000,12.000,0.000,0.000,41.000000
20414202.000000,5,14.000,14.000,12.000,0.000,0.000,40.000000
20414339.000000,5,14.000,15.000,11.000,0.000,0.000,40.000000
20414481.000000,5,12.000,13.000,8.000,9.000,0.000,42.000000
20414622.000000,5,14.000,14.000,7.000,12.000,0.000,47.000000
20414763.000000,5,14.000,15.000,7.000,12.000,0.000,48.000000
20414905.000000,5,14.000,14.000,11.000,3.000,0.000,42.000000
20415043.000000,5,14.000,14.000,12.000,0.000,0.000,40.000000
20415181.000000,5,14.000,11.000,12.000,0.000,0.000,37.000000
20415321.000000,5,15.000,13.000,11.000,0.000,0.000,39.000000
20415460.000000,5,14.000,12.000,12.000,0.000,0.000,38.000000
20415599.000000,5,14.000,11.000,12.000,0.000,0.000,37.000000
20415736.000000,5,14.000,12.000,12.000,0.000,0.000,38.000000
20415878.000000,5,14.000,12.000,12.000,0.000,0.000,38.000000
20416017.000000,5,14.000,12.000,12.000,0.000,0.000,38.000000
20416156.000000,5,15.000,12.000,12.000,0.000,0.000,39.000000
20416302.000000,5,14.000,12.000,13.000,0.000,0.000,39.000000
20416440.000000,5,14.000,12.000,12.000,0.000,0.000,38.000000
20416587.000000,5,14.000,12.000,13.000,0.000,0.000,39.000000
20416724.000000,5,11.000,15.000,11.000,0.000,0.000,37.000000
20416862.000000,5,12.000,14.000,13.000,0.000,0.000,39.000000
20416998.000000,5,11.000,14.000,12.000,0.000,0.000,37.000000
20417140.000000,5,13.000,14.000,11.000,0.000,0.000,38.000000
20417274.000000,5,12.000,15.000,11.000,0.000,0.000,38.000000
20417412.000000,5,14.000,12.000,12.000,0.000,0.000,38.000000
20417554.000000,5,15.000,15.000,12.000,0.000,0.000,42.000000
20417699.000000,5,14.000,14.000,12.000,0.000,0.000,40.000000
20417842.000000,5,14.000,14.000,12.000,0.000,0.000,40.000000
20417980.000000,5,14.000,15.000,13.000,0.000,0.000,42.000000
20418116.000000,5,15.000,14.000,12.000,0.000,0.000,41.000000
20418257.000000,5,14.000,14.000,13.000,0.000,0.000,41.000000
20418400.000000,5,14.000,11.000,12.000,0.000,0.000,37.000000
20418540.000000,5,15.000,13.000,12.000,0.000,0.000,40.000000
20418681.000000,5,14.000,12.000,12.000,0.000,0.000,38.000000
20418816.000000,5,14.000,12.000,12.000,3.000,0.000,41.000000
20418954.000000,5,14.000,13.000,12.000,2.000,0.000,41.000000
20419096.000000,5,15.000,12.000,12.000,0.000,0.000,39.000000
20419236.000000,5,14.000,12.000,11.000,0.000,0.000,37.000000
20419380.000000,5,14.000,13.000,13.000,0.000,0.000,40.000000
20419523.000000,5,15.000,12.000,12.000,0.000,0.000,39.000000
20419662.000000,5,14.000,12.000,13.000,0.000,0.000,39.000000
20419799.000000,5,14.000,12.000,11.000,0.000,0.000,37.000000
20419933.000000,5,14.000,12.000,11.000,0.000,0.000,37.000000
20420070.000000,5,15.000,15.000,10.000,0.000,0.000,40.000000
20420209.000000,5,14.000,14.000,11.000,0.000,0.000,39.000000
20420351.000000,5,14.000,14.000,9.000,0.000,0.000,37.000000
20420491.000000,5,15.000,15.000,11.000,9.000,0.000,50.000000
20420629.000000,5,14.000,14.000,10.000,10.000,0.000,48.000000
20420765.000000,5,14.000,14.000,10.000,10.000,0.000,48.000000
20420908.000000,5,14.000,12.000,11.000,1.000,0.000,38.000000
20421042.000000,5,15.000,11.000,11.000,0.000,0.000,37.000000
20421183.000000,5,14.000,10.000,12.000,0.000,0.000,36.000000
20421325.000000,5,14.000,11.000,11.000,0.000,0.000,36.000000
20421461.000000,5,15.000,13.000,12.000,0.000,0.000,40.000000
20421606.000000,5,14.000,11.000,13.000,0.000,0.000,38.000000
20421744.000000,5,14.000,11.000,12.000,0.000,0.000,37.000000
20421889.000000,5,14.000,12.000,12.000,0.000,0.000,38.000000
20422029.000000,5,15.000,12.000,12.000,0.000,0.000,39.000000
20422169.000000,5,14.000,12.000,13.000,0.000,0.000,39.000000
20422311.000000,5,14.000,11.000,11.000,0.000,0.000,36.000000
20422453.000000,5,15.000,12.000,10.000,0.000,0.000,37.000000
20422593.000000,5,14.000,13.000,10.000,0.000,0.000,37.000000
20422727.000000,5,14.000,12.000,11.000,0.000,0.000,37.000000
20422872.000000,5,14.000,12.000,11.000,0.000,0.000,37.000000
20423013.000000,5,15.000,11.000,11.000,5.000,0.000,42.000000
20423152.000000,5,14.000,12.000,10.000,9.000,0.000,45.000000
20423293.000000,5,14.000,12.000,11.000,9.000,0.000,46.000000
20423431.000000,5,15.000,12.000,10.000,10.000,0.000,47.000000
20423566.000000,5,14.000,11.000,11.000,6.000,0.000,42.000000
20423705.000000,5,14.000,12.000,10.000,0.000,0.000,36.000000
20423845.000000,5,12.000,14.000,11.000,0.000,0.000,37.000000
20423986.000000,5,12.000,14.000,11.000,6.000,0.000,43.000000
20424124.000000,5,12.000,15.000,10.000,0.000,0.000,37.000000
20424264.000000,5,11.000,14.000,11.000,0.000,0.000,36.000000
20424404.000000,5,13.000,14.000,11.000,0.000,0.000,38.000000
20424544.000000,5,12.000,15.000,10.000,0.000,0.000,37.000000
20424680.000000,5,12.000,14.000,10.000,0.000,0.000,36.000000
20424814.000000,5,12.000,14.000,10.000,0.000,0.000,36.000000
20424942.000000,5,12.000,14.000,10.000,0.000,0.000,36.000000
20425082.000000,5,12.000,15.000,11.000,0.000,0.000,38.000000
20425222.000000,5,12.000,14.000,10.000,0.000,0.000,36.000000
20425367.000000,5,14.000,13.000,10.000,0.000,0.000,37.000000
20425502.000000,5,14.000,12.000,10.000,0.000,0.000,36.000000
20425638.000000,5,15.000,12.000,10.000,0.000,0.000,37.000000
20425779.000000,5,14.000,13.000,10.000,0.000,0.000,37.000000
20425918.000000,5,14.000,13.000,10.000,0.000,0.000,37.000000
20426054.000000,5,15.000,15.000,10.000,0.000,0.000,40.000000
20426181.000000,5,14.000,14.000,11.000,0.000,0.000,39.000000
20426320.000000,5,14.000,14.000,10.000,0.000,0.000,38.000000
20426453.000000,5,14.000,15.000,10.000,0.000,0.000,39.000000
20426588.000000,5,15.000,14.000,10.000,0.000,0.000,39.000000
20426727.000000,5,14.000,14.000,10.000,0.000,0.000,38.000000
20426856.000000,5,14.000,14.000,11.000,2.000,0.000,41.000000
20426984.000000,5,15.000,15.000,10.000,0.000,0.000,40.000000
20427124.000000,5,14.000,14.000,10.000,0.000,0.000,38.000000
20427263.000000,5,14.000,14.000,10.000,0.000,0.000,38.000000
20427403.000000,5,14.000,15.000,10.000,0.000,0.000,39.000000
20427551.000000,5,15.000,12.000,12.000,0.000,0.000,39.000000
20427690.000000,5,14.000,12.000,12.000,0.000,0.000,38.000000
20427819.000000,5,14.000,11.000,13.000,0.000,0.000,38.000000
20427958.000000,5,15.000,13.000,12.000,0.000,0.000,40.000000
20428093.000000,5,14.000,12.000,13.000,0.000,0.000,39.000000
20428224.000000,5,14.000,12.000,12.000,0.000,0.000,38.000000
20428359.000000,5,14.000,12.000,13.000,0.000,0.000,39.000000
20428500.000000,5,15.000,12.000,12.000,0.000,0.000,39.000000
20428645.000000,5,14.000,12.000,10.000,0.000,0.000,36.000000
20428781.000000,5,14.000,13.000,10.000,0.000,0.000,37.000000
20428925.000000,5,15.000,12.000,11.000,0.000,0.000,38.000000
20429061.000000,5,14.000,12.000,10.000,0.000,0.000,36.000000
20429203.000000,5,14.000,12.000,10.000,0.000,0.000,36.000000
20429341.000000,5,14.000,12.000,11.000,0.000,0.000,37.000000
20429478.000000,5,15.000,12.000,10.000,0.000,0.000,37.000000
20429620.000000,5,14.000,12.000,11.000,0.000,0.000,37.000000
20429758.000000,5,14.000,12.000,12.000,0.000,0.000,38.000000
20429893.000000,5,15.000,12.000,13.000,0.000,0.000,40.000000
20430043.000000,5,14.000,12.000,12.000,0.000,0.000,38.000000
20430183.000000,5,14.000,11.000,13.000,0.000,0.000,38.000000
20430317.000000,5,12.000,14.000,11.000,0.000,0.000,37.000000
20430454.000000,5,13.000,14.000,9.000,0.000,0.000,36.000000
20430590.000000,5,11.000,15.000,11.000,0.000,0.000,37.000000
20430728.000000,5,13.000,14.000,10.000,0.000,0.000,37.000000
20430871.000000,5,12.000,14.000,11.000,0.000,0.000,37.000000
20431010.000000,5,12.000,14.000,10.000,0.000,0.000,36.000000
20431152.000000,5,12.000,15.000,11.000,0.000,0.000,38.000000
20431294.000000,5,12.000,14.000,10.000,0.000,0.000,36.000000
20431431.000000,5,12.000,14.000,10.000,0.000,0.000,36.000000
20431574.000000,5,12.000,14.000,10.000,7.000,0.000,43.000000
20431709.000000,5,15.000,12.000,10.000,0.000,0.000,37.000000
20431841.000000,5,14.000,12.000,11.000,0.000,0.000,37.000000
20431969.000000,5,14.000,12.000,10.000,0.000,0.000,36.000000
20432108.000000,5,15.000,12.000,10.000,0.000,0.000,37.000000
20432245.000000,5,14.000,12.000,10.000,0.000,0.000,36.000000
20432381.000000,5,14.000,12.000,11.000,0.000,0.000,37.000000
20432515.000000,5,14.000,12.000,10.000,0.000,0.000,36.000000
20432652.000000,5,15.000,11.000,11.000,0.000,0.000,37.000000
20432789.000000,5,14.000,12.000,11.000,0.000,0.000,37.000000
20432925.000000,5,14.000,12.000,10.000,0.000,0.000,36.000000
20433064.000000,5,15.000,13.000,10.000,0.000,0.000,38.000000
20433200.000000,5,14.000,12.000,10.000,0.000,0.000,36.000000
20433334.000000,5,14.000,12.000,10.000,0.000,0.000,36.000000
20433476.000000,5,14.000,12.000,10.000,0.000,0.000,36.000000
20433613.000000,5,15.000,12.000,11.000,0.000,0.000,38.000000
20433761.000000,5,14.000,12.000,10.000,0.000,0.000,36.000000
20433903.000000,5,14.000,12.000,10.000,0.000,0.000,36.000000
20434037.000000,5,15.000,12.000,10.000,0.000,0.000,37.000000
20434175.000000,5,14.000,11.000,11.000,0.000,0.000,36.000000
20434312.000000,5,14.000,12.000,10.000,0.000,0.000,36.000000
20434455.000000,5,14.000,12.000,10.000,0.000,0.000,36.000000
20434592.000000,5,15.000,12.000,11.000,0.000,0.000,38.000000
20434736.000000,5,14.000,12.000,10.000,0.000,0.000,36.000000
20434879.000000,5,14.000,12.000,10.000,0.000,0.000,36.000000
20435017.000000,5,15.000,11.000,11.000,0.000,0.000,37.000000
20435152.000000,5,14.000,12.000,12.000,0.000,0.000,38.000000
20435287.000000,5,14.000,13.000,12.000,0.000,0.000,39.000000
20435421.000000,5,14.000,12.000,11.000,7.000,0.000,44.000000
20435553.000000,5,15.000,12.000,11.000,7.000,0.000,45.000000
20435692.000000,5,14.000,12.000,11.000,0.000,0.000,37.000000
20435824.000000,5,14.000,12.000,10.000,0.000,0.000,36.000000
20435961.000000,5,15.000,12.000,11.000,0.000,0.000,38.000000
20436099.000000,5,14.000,12.000,10.000,2.000,0.000,38.000000
20436233.000000,5,14.000,13.000,10.000,0.000,0.000,37.000000
20436360.000000,5,14.000,12.000,11.000,0.000,0.000,37.000000
20436494.000000,5,15.000,12.000,10.000,0.000,0.000,37.000000
20436632.000000,5,14.000,12.000,10.000,0.000,0.000,36.000000
20436773.000000,5,14.000,12.000,11.000,0.000,0.000,37.000000
20436913.000000,5,15.000,10.000,11.000,10.000,0.000,46.000000
20437047.000000,5,14.000,11.000,12.000,0.000,0.000,37.000000
20437189.000000,5,14.000,12.000,12.000,5.000,0.000,43.000000
20437330.000000,5,14.000,13.000,12.000,11.000,0.000,50.000000
20437472.000000,5,15.000,12.000,12.000,7.000,0.000,46.000000
20437609.000000,5,14.000,13.000,10.000,0.000,0.000,37.000000
20437749.000000,5,14.000,11.000,12.000,0.000,0.000,37.000000
20437889.000000,5,15.000,11.000,11.000,0.000,0.000,37.000000
20438036.000000,5,14.000,12.000,11.000,0.000,0.000,37.000000
20438174.000000,5,14.000,13.000,10.000,0.000,0.000,37.000000
20438303.000000,5,14.000,11.000,10.000,0.000,0.000,35.000000
20438442.000000,5,15.000,12.000,11.000,0.000,0.000,38.000000
20438581.000000,5,14.000,12.000,11.000,0.000,0.000,37.000000
20438721.000000,5,14.000,12.000,10.000,0.000,0.000,36.000000
20438853.000000,5,15.000,12.000,11.000,0.000,0.000,38.000000
20438998.000000,5,14.000,13.000,11.000,0.000,0.000,38.000000
20439141.000000,5,14.000,12.000,9.000,0.000,0.000,35.000000
20439287.000000,5,14.000,11.000,11.000,0.000,0.000,36.000000
20439428.000000,5,15.000,12.000,10.000,0.000,0.000,37.000000
20439563.000000,5,14.000,12.000,10.000,0.000,0.000,36.000000
20439701.000000,5,14.000,12.000,11.000,0.000,0.000,37.000000
20439838.000000,5,15.000,12.000,10.000,0.000,0.000,37.000000
20439971.000000,5,14.000,12.000,10.000,0.000,0.000,36.000000
20440109.000000,5,14.000,12.000,11.000,0.000,0.000,37.000000
20440243.000000,5,14.000,14.000,10.000,0.000,0.000,38.000000
20440378.000000,5,15.000,14.000,10.000,0.000,0.000,39.000000
20440522.000000,5,14.000,14.000,11.000,0.000,0.000,39.000000
20440656.000000,5,14.000,14.000,11.000,0.000,0.000,39.000000
20440790.000000,5,15.000,15.000,10.000,0.000,0.000,40.000000
20440933.000000,5,14.000,14.000,10.000,0.000,0.000,38.000000
20441075.000000,5,14.000,14.000,10.000,0.000,0.000,38.000000
20441211.000000,5,14.000,15.000,11.000,0.000,0.000,40.000000
20441348.000000,5,15.000,14.000,10.000,0.000,0.000,39.000000
20441490.000000,5,14.000,12.000,11.000,0.000,0.000,37.000000
20441637.000000,5,14.000,12.000,10.000,0.000,0.000,36.000000
20441778.000000,5,15.000,12.000,10.000,0.000,0.000,37.000000
20441915.000000,5,14.000,11.000,11.000,0.000,0.000,36.000000
20442056.000000,5,14.000,12.000,9.000,0.000,0.000,35.000000
20442192.000000,5,14.000,11.000,11.000,0.000,0.000,36.000000
20442330.000000,5,15.000,11.000,10.000,0.000,0.000,36.000000
20442469.000000,5,14.000,13.000,11.000,0.000,0.000,38.000000
20442604.000000,5,14.000,12.000,12.000,0.000,0.000,38.000000
20442748.000000,5,15.000,13.000,12.000,0.000,0.000,40.000000
20442883.000000,5,14.000,12.000,13.000,0.000,0.000,39.000000
20443021.000000,5,14.000,13.000,12.000,0.000,0.000,39.000000
20443165.000000,5,12.000,12.000,12.000,0.000,0.000,36.000000
20443303.000000,5,15.000,11.000,11.000,0.000,0.000,37.000000
20443438.000000,5,14.000,11.000,10.000,0.000,0.000,35.000000
20443574.000000,5,14.000,12.000,11.000,0.000,0.000,37.000000
20443706.000000,5,15.000,12.000,11.000,0.000,0.000,38.000000
20443851.000000,5,14.000,13.000,10.000,0.000,0.000,37.000000
20443994.000000,5,14.000,12.000,10.000,0.000,0.000,36.000000
20444130.000000,5,14.000,12.000,10.000,0.000,0.000,36.000000
20444270.000000,5,15.000,12.000,10.000,0.000,0.000,37.000000
20444411.000000,5,14.000,12.000,11.000,0.000,0.000,37.000000
20444550.000000,5,14.000,11.000,11.000,0.000,0.000,36.000000
20444694.000000,5,15.000,12.000,13.000,0.000,0.000,40.000000
20444831.000000,5,14.000,12.000,12.000,0.000,0.000,38.000000
20444967.000000,5,14.000,12.000,13.000,0.000,0.000,39.000000
20445104.000000,5,14.000,12.000,12.000,0.000,0.000,38.000000
20445237.000000,5,15.000,12.000,13.000,0.000,0.000,40.000000
20445372.000000,5,14.000,12.000,12.000,0.000,0.000,38.000000
20445510.000000,5,14.000,12.000,13.000,0.000,0.000,39.000000
20445647.000000,5,15.000,12.000,12.000,0.000,0.000,39.000000
20445782.000000,5,14.000,11.000,13.000,0.000,0.000,38.000000
20445924.000000,5,14.000,13.000,12.000,0.000,0.000,39.000000
20446058.000000,5,14.000,11.000,13.000,0.000,0.000,38.000000
20446197.000000,5,15.000,12.000,12.000,0.000,0.000,39.000000
20446331.000000,5,14.000,11.000,13.000,0.000,0.000,38.000000
20446477.000000,5,14.000,12.000,12.000,0.000,0.000,38.000000
20446618.000000,5,15.000,12.000,13.000,0.000,0.000,40.000000
20446753.000000,5,14.000,12.000,10.000,0.000,0.000,36.000000
20446896.000000,5,14.000,11.000,13.000,0.000,0.000,38.000000
20447034.000000,5,14.000,12.000,12.000,0.000,0.000,38.000000
20447165.000000,5,15.000,11.000,12.000,0.000,0.000,38.000000
20447298.000000,5,14.000,11.000,13.000,0.000,0.000,38.000000
20447431.000000,5,14.000,12.000,11.000,0.000,0.000,37.000000
20447567.000000,5,15.000,11.000,13.000,0.000,0.000,39.000000
20447703.000000,5,14.000,13.000,12.000,0.000,0.000,39.000000
20447837.000000,5,14.000,11.000,11.000,0.000,0.000,36.000000
20447979.000000,5,14.000,13.000,11.000,0.000,0.000,38.000000
20448121.000000,5,15.000,11.000,13.000,0.000,0.000,39.000000
20448260.000000,5,14.000,12.000,12.000,0.000,0.000,38.000000
20448394.000000,5,14.000,12.000,12.000,0.000,0.000,38.000000
20448537.000000,5,15.000,12.000,11.000,0.000,0.000,38.000000
20448681.000000,5,14.000,12.000,10.000,0.000,0.000,36.000000
20448815.000000,5,14.000,13.000,10.000,0.000,0.000,37.000000
20448955.000000,5,14.000,12.000,10.000,0.000,0.000,36.000000
20449095.000000,5,11.000,11.000,11.000,0.000,0.000,33.000000
20449231.000000,5,12.000,15.000,11.000,0.000,0.000,38.000000
20449370.000000,5,11.000,14.000,11.000,0.000,0.000,36.000000
20449504.000000,5,13.000,14.000,10.000,0.000,0.000,37.000000
20449647.000000,5,12.000,13.000,11.000,0.000,0.000,36.000000
20449782.000000,5,14.000,12.000,11.000,0.000,0.000,37.000000
20449922.000000,5,15.000,12.000,10.000,0.000,0.000,37.000000
20450063.000000,5,14.000,13.000,11.000,0.000,0.000,38.000000
20450196.000000,5,14.000,15.000,10.000,0.000,0.000,39.000000
20450337.000000,5,15.000,14.000,11.000,0.000,0.000,40.000000
20450480.000000,5,14.000,14.000,11.000,0.000,0.000,39.000000
20450623.000000,5,14.000,14.000,10.000,0.000,0.000,38.000000
20450758.000000,5,14.000,15.000,10.000,0.000,0.000,39.000000
20450896.000000,5,15.000,14.000,11.000,0.000,0.000,40.000000
20451039.000000,5,14.000,14.000,13.000,0.000,0.000,41.000000
20451174.000000,5,14.000,15.000,12.000,0.000,0.000,41.000000
20451317.000000,5,15.000,14.000,12.000,0.000,0.000,41.000000
20451457.000000,5,14.000,14.000,12.000,0.000,0.000,40.000000
20451601.000000,5,14.000,14.000,12.000,0.000,0.000,40.000000
20451735.000000,5,14.000,15.000,12.000,0.000,0.000,41.000000
20451874.000000,5,15.000,14.000,11.000,0.000,0.000,40.000000
20452013.000000,5,14.000,14.000,11.000,0.000,0.000,39.000000
20452148.000000,5,14.000,15.000,13.000,0.000,0.000,42.000000
20452288.000000,5,15.000,14.000,12.000,0.000,0.000,41.000000
20452423.000000,5,14.000,14.000,13.000,0.000,0.000,41.000000
20452563.000000,5,14.000,14.000,12.000,0.000,0.000,40.000000
20452702.000000,5,14.000,15.000,11.000,0.000,0.000,40.000000
20452836.000000,5,15.000,14.000,12.000,0.000,0.000,41.000000
20452974.000000,5,14.000,14.000,12.000,0.000,0.000,40.000000
20453122.000000,5,14.000,14.000,12.000,0.000,0.000,40.000000
20453263.000000,5,15.000,12.000,13.000,0.000,0.000,40.000000
20453400.000000,5,14.000,11.000,12.000,0.000,0.000,37.000000
20453543.000000,5,14.000,13.000,13.000,0.000,0.000,40.000000
20453686.000000,5,14.000,12.000,12.000,0.000,0.000,38.000000
20453832.000000,5,15.000,12.000,11.000,0.000,0.000,38.000000
20453963.000000,5,14.000,11.000,12.000,0.000,0.000,37.000000
20454100.000000,5,14.000,12.000,12.000,0.000,0.000,38.000000
20454236.000000,5,15.000,12.000,10.000,0.000,0.000,37.000000
20454371.000000,5,14.000,12.000,12.000,0.000,0.000,38.000000
20454510.000000,6,14.000,13.000,5.000,0.000,0.000,32.000000
20454649.000000,6,14.000,14.000,0.000,0.000,0.000,28.000000
20454793.000000,6,15.000,14.000,0.000,0.000,0.000,29.000000
20454934.000000,6,14.000,14.000,0.000,0.000,0.000,28.000000
20455073.000000,6,14.000,15.000,0.000,0.000,0.000,29.000000
20455211.000000,6,15.000,14.000,0.000,0.000,0.000,29.000000
20455350.000000,6,14.000,14.000,0.000,0.000,0.000,28.000000
20455488.000000,6,14.000,15.000,0.000,0.000,0.000,29.000000
20455623.000000,6,14.000,12.000,0.000,0.000,0.000,26.000000
20455764.000000,6,15.000,12.000,0.000,0.000,0.000,27.000000
20455906.000000,6,14.000,11.000,0.000,0.000,0.000,25.000000
20456047.000000,6,14.000,12.000,0.000,0.000,0.000,26.000000
20456189.000000,6,15.000,12.000,0.000,0.000,0.000,27.000000
20456323.000000,6,14.000,11.000,0.000,0.000,0.000,25.000000
20456465.000000,6,14.000,13.000,0.000,0.000,0.000,27.000000
20456605.000000,6,14.000,12.000,0.000,0.000,0.000,26.000000
20456746.000000,6,15.000,11.000,0.000,0.000,0.000,26.000000
20456891.000000,6,14.000,12.000,0.000,0.000,0.000,26.000000
20457029.000000,6,14.000,12.000,0.000,0.000,0.000,26.000000
20457161.000000,6,15.000,12.000,0.000,0.000,0.000,27.000000
20457304.000000,6,14.000,12.000,0.000,0.000,0.000,26.000000
20457444.000000,6,14.000,12.000,0.000,0.000,0.000,26.000000
20457589.000000,6,14.000,12.000,0.000,0.000,0.000,26.000000
20457736.000000,6,15.000,12.000,0.000,0.000,0.000,27.000000
20457878.000000,6,14.000,12.000,0.000,0.000,0.000,26.000000
20458016.000000,6,14.000,13.000,0.000,0.000,0.000,27.000000
20458157.000000,6,15.000,11.000,0.000,0.000,0.000,26.000000
20458302.000000,6,14.000,12.000,0.000,0.000,0.000,26.000000
20458447.000000,6,14.000,12.000,0.000,0.000,0.000,26.000000
20458589.000000,6,14.000,12.000,0.000,0.000,0.000,26.000000
20458729.000000,6,15.000,13.000,0.000,0.000,0.000,28.000000
20458870.000000,6,14.000,13.000,0.000,0.000,0.000,27.000000
20459008.000000,6,14.000,14.000,0.000,0.000,0.000,28.000000
20459146.000000,6,15.000,14.000,0.000,0.000,0.000,29.000000
20459290.000000,6,14.000,15.000,0.000,0.000,0.000,29.000000
20459431.000000,6,14.000,14.000,0.000,0.000,0.000,28.000000
20459560.000000,6,14.000,14.000,0.000,0.000,0.000,28.000000
20459696.000000,6,15.000,15.000,0.000,0.000,0.000,30.000000
20459840.000000,6,14.000,14.000,0.000,0.000,0.000,28.000000
20459984.000000,6,14.000,14.000,0.000,0.000,0.000,28.000000
20460122.000000,6,15.000,14.000,0.000,0.000,0.000,29.000000
20460268.000000,6,14.000,15.000,0.000,0.000,0.000,29.000000
20460406.000000,6,14.000,14.000,0.000,0.000,0.000,28.000000
20460546.000000,6,14.000,14.000,0.000,0.000,0.000,28.000000
20460691.000000,6,15.000,12.000,0.000,0.000,0.000,27.000000
20460837.000000,6,14.000,12.000,0.000,0.000,0.000,26.000000
20460977.000000,6,14.000,11.000,0.000,0.000,0.000,25.000000
20461123.000000,6,15.000,12.000,0.000,0.000,0.000,27.000000
20461256.000000,6,14.000,13.000,0.000,0.000,0.000,27.000000
20461402.000000,6,14.000,11.000,0.000,0.000,0.000,25.000000
20461544.000000,6,14.000,11.000,0.000,0.000,0.000,25.000000
20461682.000000,6,15.000,13.000,0.000,0.000,0.000,28.000000
20461824.000000,6,14.000,12.000,0.000,0.000,0.000,26.000000
20461963.000000,6,14.000,12.000,0.000,0.000,0.000,26.000000
20462105.000000,6,15.000,11.000,0.000,0.000,0.000,26.000000
20462244.000000,6,14.000,12.000,0.000,0.000,0.000,26.000000
20462379.000000,6,14.000,11.000,0.000,0.000,0.000,25.000000
20462510.000000,6,16.000,11.000,0.000,0.000,0.000,27.000000
20462645.000000,6,16.000,11.000,0.000,0.000,0.000,27.000000
20462782.000000,6,17.000,11.000,0.000,0.000,0.000,28.000000
20462920.000000,6,17.000,13.000,0.000,0.000,0.000,30.000000
20463050.000000,6,16.000,12.000,0.000,0.000,0.000,28.000000
20463192.000000,6,17.000,12.000,0.000,0.000,0.000,29.000000
20463334.000000,6,17.000,12.000,0.000,0.000,0.000,29.000000
20463474.000000,6,16.000,12.000,0.000,0.000,0.000,28.000000
20463617.000000,6,17.000,12.000,0.000,0.000,0.000,29.000000
20463752.000000,6,15.000,12.000,0.000,0.000,0.000,27.000000
20463888.000000,6,15.000,12.000,0.000,0.000,0.000,27.000000
20464023.000000,6,14.000,12.000,0.000,0.000,0.000,26.000000
20464159.000000,6,14.000,14.000,0.000,0.000,0.000,28.000000
20464298.000000,6,14.000,14.000,0.000,0.000,0.000,28.000000
20464439.000000,6,15.000,14.000,0.000,0.000,0.000,29.000000
20464586.000000,6,14.000,13.000,0.000,0.000,0.000,27.000000
20464718.000000,6,14.000,11.000,0.000,0.000,0.000,25.000000
20464863.000000,6,15.000,12.000,0.000,0.000,0.000,27.000000
20464996.000000,6,14.000,13.000,0.000,0.000,0.000,27.000000
20465139.000000,6,14.000,12.000,0.000,0.000,0.000,26.000000
20465274.000000,6,14.000,12.000,0.000,0.000,0.000,26.000000
20465415.000000,6,15.000,12.000,0.000,0.000,0.000,27.000000
20465558.000000,6,14.000,11.000,0.000,0.000,0.000,25.000000
20465693.000000,6,14.000,12.000,0.000,0.000,0.000,26.000000
20465828.000000,6,15.000,12.000,0.000,0.000,0.000,27.000000
20465963.000000,6,14.000,12.000,0.000,0.000,0.000,26.000000
20466096.000000,6,14.000,12.000,0.000,0.000,0.000,26.000000
20466244.000000,6,14.000,11.000,0.000,0.000,0.000,25.000000
20466387.000000,6,15.000,11.000,7.000,0.000,0.000,33.000000
20466526.000000,6,14.000,12.000,0.000,0.000,0.000,26.000000
20466673.000000,6,14.000,14.000,0.000,0.000,0.000,28.000000
20466812.000000,6,15.000,10.000,11.000,0.000,0.000,36.000000
20466946.000000,6,14.000,12.000,3.000,0.000,0.000,29.000000
20467082.000000,6,14.000,14.000,0.000,0.000,0.000,28.000000
20467223.000000,6,14.000,14.000,0.000,0.000,0.000,28.000000
20467355.000000,6,15.000,15.000,0.000,0.000,0.000,30.000000
20467489.000000,6,14.000,14.000,0.000,0.000,0.000,28.000000
20467628.000000,6,14.000,14.000,0.000,0.000,0.000,28.000000
20467766.000000,6,15.000,12.000,5.000,0.000,0.000,32.000000
20467905.000000,6,14.000,11.000,7.000,0.000,0.000,32.000000
20468045.000000,6,14.000,8.000,11.000,0.000,0.000,33.000000
20468184.000000,6,14.000,8.000,14.000,0.000,0.000,36.000000
20468326.000000,6,15.000,8.000,15.000,0.000,0.000,38.000000
20468461.000000,6,14.000,9.000,7.000,0.000,0.000,30.000000
20468603.000000,6,14.000,8.000,13.000,0.000,0.000,35.000000
20468740.000000,6,15.000,8.000,14.000,0.000,0.000,37.000000
20468881.000000,6,14.000,8.000,15.000,0.000,0.000,37.000000
20469028.000000,6,14.000,9.000,14.000,0.000,0.000,37.000000
20469169.000000,6,14.000,8.000,14.000,0.000,0.000,36.000000
20469308.000000,6,15.000,8.000,14.000,0.000,0.000,37.000000
20469452.000000,6,14.000,8.000,11.000,0.000,0.000,33.000000
20469593.000000,6,14.000,8.000,12.000,0.000,0.000,34.000000
20469741.000000,6,15.000,8.000,13.000,0.000,0.000,36.000000
20469883.000000,6,14.000,9.000,11.000,0.000,0.000,34.000000
20470023.000000,6,14.000,8.000,13.000,0.000,0.000,35.000000
20470166.000000,6,14.000,8.000,11.000,0.000,0.000,33.000000
20470307.000000,6,15.000,9.000,12.000,0.000,0.000,36.000000
20470445.000000,6,14.000,11.000,1.000,0.000,0.000,26.000000
20470579.000000,6,14.000,12.000,0.000,0.000,0.000,26.000000
20470723.000000,6,15.000,13.000,0.000,0.000,0.000,28.000000
20470867.000000,6,14.000,11.000,0.000,0.000,0.000,25.000000
20471010.000000,6,14.000,11.000,0.000,0.000,0.000,25.000000
20471147.000000,6,14.000,13.000,0.000,0.000,0.000,27.000000
20471280.000000,6,15.000,12.000,0.000,0.000,0.000,27.000000
20471415.000000,6,14.000,12.000,0.000,0.000,0.000,26.000000
20471553.000000,6,14.000,13.000,0.000,0.000,0.000,27.000000
20471691.000000,6,15.000,11.000,0.000,0.000,0.000,26.000000
20471828.000000,6,14.000,12.000,0.000,0.000,0.000,26.000000
20471970.000000,6,14.000,12.000,0.000,0.000,0.000,26.000000
20472105.000000,6,14.000,13.000,0.000,0.000,0.000,27.000000
20472245.000000,6,15.000,11.000,0.000,0.000,0.000,26.000000
20472381.000000,6,14.000,11.000,0.000,0.000,0.000,25.000000
20472516.000000,6,14.000,11.000,0.000,0.000,0.000,25.000000
20472661.000000,6,15.000,13.000,0.000,0.000,0.000,28.000000
20472798.000000,6,14.000,11.000,0.000,0.000,0.000,25.000000
20472936.000000,6,14.000,12.000,0.000,0.000,0.000,26.000000
20473073.000000,6,14.000,12.000,0.000,0.000,0.000,26.000000
20473208.000000,6,15.000,8.000,12.000,0.000,0.000,35.000000
20473339.000000,6,14.000,12.000,3.000,0.000,0.000,29.000000
20473476.000000,6,14.000,12.000,0.000,0.000,0.000,26.000000
20473614.000000,6,15.000,12.000,0.000,0.000,0.000,27.000000
20473755.000000,6,14.000,12.000,0.000,0.000,0.000,26.000000
20473900.000000,6,14.000,12.000,0.000,0.000,0.000,26.000000
20474037.000000,6,14.000,12.000,0.000,0.000,0.000,26.000000
20474183.000000,6,15.000,9.000,10.000,0.000,0.000,34.000000
20474320.000000,6,14.000,9.000,12.000,2.000,0.000,37.000000
20474464.000000,6,14.000,8.000,12.000,3.000,0.000,37.000000
20474601.000000,6,15.000,9.000,13.000,0.000,0.000,37.000000
20474741.000000,6,14.000,11.000,7.000,0.000,0.000,32.000000
20474883.000000,6,14.000,10.000,8.000,0.000,0.000,32.000000
20475026.000000,6,14.000,15.000,0.000,0.000,0.000,29.000000
20475166.000000,6,15.000,14.000,0.000,0.000,0.000,29.000000
20475301.000000,6,14.000,14.000,0.000,0.000,0.000,28.000000
20475435.000000,6,14.000,14.000,0.000,0.000,0.000,28.000000
20475576.000000,6,15.000,15.000,0.000,0.000,0.000,30.000000
20475718.000000,6,14.000,14.000,0.000,0.000,0.000,28.000000
20475855.000000,6,14.000,14.000,0.000,0.000,0.000,28.000000
20475994.000000,6,14.000,15.000,0.000,0.000,0.000,29.000000
20476133.000000,6,15.000,14.000,0.000,0.000,0.000,29.000000
20476266.000000,6,14.000,12.000,0.000,0.000,0.000,26.000000
20476411.000000,6,14.000,12.000,0.000,0.000,0.000,26.000000
20476547.000000,6,15.000,12.000,0.000,0.000,0.000,27.000000
20476692.000000,6,14.000,12.000,0.000,0.000,0.000,26.000000
20476831.000000,6,14.000,12.000,0.000,0.000,0.000,26.000000
20476968.000000,6,14.000,12.000,0.000,0.000,0.000,26.000000
20477107.000000,6,15.000,12.000,0.000,0.000,0.000,27.000000
20477248.000000,6,14.000,12.000,0.000,0.000,0.000,26.000000
20477384.000000,6,14.000,12.000,0.000,0.000,0.000,26.000000
20477522.000000,6,15.000,12.000,0.000,0.000,0.000,27.000000
20477656.000000,6,14.000,12.000,0.000,0.000,0.000,26.000000
20477793.000000,6,14.000,12.000,0.000,0.000,0.000,26.000000
20477934.000000,6,14.000,12.000,0.000,0.000,0.000,26.000000
20478071.000000,6,15.000,12.000,0.000,0.000,0.000,27.000000
20478215.000000,6,14.000,12.000,0.000,0.000,0.000,26.000000
20478358.000000,6,14.000,11.000,0.000,0.000,0.000,25.000000
20478492.000000,6,15.000,12.000,0.000,0.000,0.000,27.000000
20478625.000000,6,14.000,13.000,0.000,0.000,0.000,27.000000
20478764.000000,6,14.000,12.000,0.000,0.000,0.000,26.000000
20478899.000000,6,14.000,11.000,0.000,0.000,0.000,25.000000
20479033.000000,6,15.000,13.000,0.000,0.000,0.000,28.000000
20479175.000000,6,14.000,11.000,0.000,0.000,0.000,25.000000
20479309.000000,6,14.000,12.000,0.000,0.000,0.000,26.000000
20479444.000000,6,15.000,12.000,0.000,0.000,0.000,27.000000
20479587.000000,6,14.000,12.000,0.000,0.000,0.000,26.000000
20479727.000000,6,14.000,12.000,0.000,0.000,0.000,26.000000
20479865.000000,6,14.000,13.000,0.000,0.000,0.000,27.000000
20480002.000000,6,15.000,14.000,0.000,0.000,0.000,29.000000
20480139.000000,6,14.000,15.000,0.000,0.000,0.000,29.000000
20480272.000000,6,14.000,14.000,0.000,0.000,0.000,28.000000
20480405.000000,6,15.000,14.000,0.000,0.000,0.000,29.000000
20480545.000000,6,14.000,14.000,0.000,0.000,0.000,28.000000
20480679.000000,6,14.000,15.000,0.000,0.000,0.000,29.000000
20480820.000000,6,14.000,14.000,0.000,0.000,0.000,28.000000
20480963.000000,6,15.000,14.000,0.000,0.000,0.000,29.000000
20481103.000000,6,14.000,15.000,0.000,0.000,0.000,29.000000
20481246.000000,6,14.000,14.000,0.000,0.000,0.000,28.000000
20481384.000000,6,15.000,14.000,0.000,0.000,0.000,29.000000
20481525.000000,6,14.000,14.000,0.000,0.000,0.000,28.000000
20481668.000000,6,14.000,15.000,0.000,0.000,0.000,29.000000
20481800.000000,6,14.000,14.000,0.000,0.000,0.000,28.000000
20481943.000000,6,15.000,14.000,0.000,0.000,0.000,29.000000
20482075.000000,6,14.000,15.000,0.000,0.000,0.000,29.000000
20482210.000000,6,14.000,14.000,0.000,0.000,0.000,28.000000
20482346.000000,6,15.000,14.000,0.000,0.000,0.000,29.000000
20482481.000000,6,14.000,14.000,0.000,0.000,0.000,28.000000
20482618.000000,6,14.000,15.000,0.000,0.000,0.000,29.000000
20482767.000000,6,14.000,12.000,0.000,0.000,0.000,26.000000
20482907.000000,6,15.000,12.000,0.000,0.000,0.000,27.000000
20483043.000000,6,14.000,10.000,0.000,0.000,0.000,24.000000
20483184.000000,6,14.000,11.000,0.000,0.000,0.000,25.000000
20483323.000000,6,15.000,11.000,0.000,0.000,0.000,26.000000
20483465.000000,6,14.000,12.000,0.000,0.000,0.000,26.000000
20483604.000000,6,14.000,13.000,0.000,0.000,0.000,27.000000
20483750.000000,6,14.000,12.000,0.000,0.000,0.000,26.000000
20483887.000000,6,15.000,13.000,0.000,0.000,0.000,28.000000
20484026.000000,6,14.000,12.000,0.000,0.000,0.000,26.000000
20484158.000000,6,14.000,13.000,0.000,0.000,0.000,27.000000
20484297.000000,6,15.000,12.000,0.000,0.000,0.000,27.000000
20484436.000000,6,14.000,11.000,0.000,0.000,0.000,25.000000
20484573.000000,6,14.000,13.000,0.000,0.000,0.000,27.000000
20484704.000000,6,14.000,12.000,0.000,0.000,0.000,26.000000
20484844.000000,6,15.000,12.000,0.000,0.000,0.000,27.000000
20484984.000000,6,14.000,12.000,0.000,0.000,0.000,26.000000
20485124.000000,6,14.000,12.000,0.000,0.000,0.000,26.000000
20485264.000000,6,15.000,12.000,0.000,0.000,0.000,27.000000
20485409.000000,6,14.000,13.000,0.000,0.000,0.000,27.000000
20485546.000000,6,14.000,12.000,0.000,0.000,0.000,26.000000
20485691.000000,6,14.000,12.000,0.000,0.000,0.000,26.000000
20485830.000000,6,15.000,12.000,0.000,0.000,0.000,27.000000
20485982.000000,6,14.000,12.000,0.000,0.000,0.000,26.000000
20486116.000000,6,14.000,12.000,0.000,0.000,0.000,26.000000
20486254.000000,6,15.000,12.000,0.000,0.000,0.000,27.000000
20486397.000000,6,14.000,11.000,0.000,0.000,0.000,25.000000
20486538.000000,6,14.000,12.000,0.000,0.000,0.000,26.000000
20486673.000000,6,14.000,12.000,0.000,0.000,0.000,26.000000
20486808.000000,6,15.000,12.000,0.000,0.000,0.000,27.000000
20486945.000000,6,14.000,12.000,0.000,0.000,0.000,26.000000
20487083.000000,6,14.000,12.000,0.000,0.000,0.000,26.000000
20487221.000000,6,15.000,13.000,0.000,0.000,0.000,28.000000
20487363.000000,6,14.000,11.000,0.000,0.000,0.000,25.000000
20487501.000000,6,14.000,11.000,0.000,0.000,0.000,25.000000
20487644.000000,6,14.000,13.000,0.000,0.000,0.000,27.000000
20487783.000000,6,15.000,12.000,0.000,0.000,0.000,27.000000
20487914.000000,6,14.000,11.000,0.000,0.000,0.000,25.000000
20488052.000000,6,14.000,11.000,0.000,0.000,0.000,25.000000
20488184.000000,6,15.000,12.000,0.000,0.000,0.000,27.000000
20488321.000000,6,14.000,12.000,0.000,0.000,0.000,26.000000
20488461.000000,6,14.000,12.000,0.000,0.000,0.000,26.000000
20488604.000000,6,14.000,12.000,0.000,0.000,0.000,26.000000
20488738.000000,6,15.000,12.000,0.000,0.000,0.000,27.000000
20488870.000000,6,14.000,13.000,0.000,0.000,0.000,27.000000
20489007.000000,6,14.000,12.000,0.000,0.000,0.000,26.000000
20489143.000000,6,15.000,12.000,0.000,0.000,0.000,27.000000
20489282.000000,6,14.000,12.000,0.000,0.000,0.000,26.000000
20489420.000000,6,14.000,12.000,0.000,0.000,0.000,26.000000
20489559.000000,6,14.000,11.000,0.000,0.000,0.000,25.000000
20489693.000000,6,15.000,13.000,0.000,0.000,0.000,28.000000
20489827.000000,6,14.000,12.000,0.000,0.000,0.000,26.000000
20489966.000000,6,14.000,12.000,0.000,0.000,0.000,26.000000
20490102.000000,6,15.000,11.000,1.000,0.000,0.000,27.000000
20490243.000000,6,14.000,10.000,10.000,0.000,0.000,34.000000
20490379.000000,6,14.000,12.000,0.000,0.000,0.000,26.000000
20490511.000000,6,14.000,12.000,0.000,0.000,0.000,26.000000
20490646.000000,6,15.000,12.000,0.000,0.000,0.000,27.000000
20490781.000000,6,14.000,12.000,0.000,0.000,0.000,26.000000
20490918.000000,6,14.000,12.000,0.000,0.000,0.000,26.000000
20491051.000000,6,15.000,12.000,0.000,0.000,0.000,27.000000
20491184.000000,6,14.000,12.000,0.000,0.000,0.000,26.000000
20491324.000000,6,14.000,11.000,0.000,0.000,0.000,25.000000
20491457.000000,6,14.000,12.000,0.000,0.000,0.000,26.000000
20491590.000000,6,15.000,12.000,0.000,0.000,0.000,27.000000
20491725.000000,6,14.000,13.000,0.000,0.000,0.000,27.000000
20491865.000000,6,14.000,12.000,0.000,0.000,0.000,26.000000
20492000.000000,6,15.000,0.000,0.000,0.000,0.000,15.000000
20492135.000000,6,14.000,0.000,0.000,0.000,0.000,14.000000
20492274.000000,6,14.000,0.000,0.000,0.000,0.000,14.000000
20492409.000000,6,14.000,2.000,0.000,0.000,0.000,16.000000
20492553.000000,6,15.000,12.000,0.000,0.000,0.000,27.000000
20492687.000000,6,14.000,12.000,0.000,0.000,0.000,26.000000
20492820.000000,6,14.000,12.000,0.000,0.000,0.000,26.000000
20492960.000000,6,15.000,12.000,0.000,0.000,0.000,27.000000
20493099.000000,6,14.000,12.000,0.000,0.000,0.000,26.000000
20493241.000000,6,14.000,12.000,0.000,0.000,0.000,26.000000
20493377.000000,6,14.000,12.000,0.000,0.000,0.000,26.000000
20493521.000000,6,15.000,12.000,0.000,0.000,0.000,27.000000
20493664.000000,6,14.000,15.000,0.000,0.000,0.000,29.000000
20493803.000000,6,14.000,14.000,0.000,0.000,0.000,28.000000
20493938.000000,6,15.000,14.000,0.000,0.000,0.000,29.000000
20494075.000000,6,14.000,14.000,0.000,0.000,0.000,28.000000
20494209.000000,6,14.000,15.000,0.000,0.000,0.000,29.000000
20494350.000000,6,14.000,14.000,0.000,0.000,0.000,28.000000
20494491.000000,6,15.000,14.000,0.000,0.000,0.000,29.000000
20494622.000000,6,14.000,11.000,10.000,0.000,0.000,35.000000
20494759.000000,6,14.000,8.000,14.000,0.000,0.000,36.000000
20494898.000000,6,15.000,9.000,14.000,0.000,0.000,38.000000
20495040.000000,6,14.000,8.000,14.000,0.000,0.000,36.000000
20495186.000000,6,14.000,9.000,15.000,0.000,0.000,38.000000
20495323.000000,6,14.000,8.000,14.000,0.000,0.000,36.000000
20495457.000000,6,15.000,9.000,14.000,0.000,0.000,38.000000
20495595.000000,6,14.000,8.000,15.000,0.000,0.000,37.000000
20495734.000000,6,14.000,9.000,14.000,0.000,0.000,37.000000
20495870.000000,6,10.000,12.000,14.000,0.000,0.000,36.000000
20496001.000000,6,9.000,14.000,14.000,0.000,0.000,37.000000
20496142.000000,6,11.000,11.000,15.000,0.000,0.000,37.000000
20496279.000000,6,14.000,9.000,14.000,0.000,0.000,37.000000
20496423.000000,6,14.000,10.000,14.000,0.000,0.000,38.000000
20496557.000000,6,15.000,8.000,15.000,0.000,0.000,38.000000
20496695.000000,6,12.000,10.000,14.000,0.000,0.000,36.000000
20496835.000000,6,13.000,11.000,14.000,0.000,0.000,38.000000
20496973.000000,6,14.000,10.000,14.000,0.000,0.000,38.000000
20497109.000000,6,14.000,8.000,15.000,0.000,0.000,37.000000
20497241.000000,6,15.000,14.000,1.000,0.000,0.000,30.000000
20497375.000000,6,14.000,14.000,0.000,0.000,0.000,28.000000
20497511.000000,6,14.000,15.000,0.000,0.000,0.000,29.000000
20497654.000000,6,14.000,14.000,0.000,0.000,0.000,28.000000
20497798.000000,6,15.000,14.000,0.000,0.000,0.000,29.000000
20497943.000000,6,14.000,14.000,0.000,0.000,0.000,28.000000
20498076.000000,6,14.000,15.000,0.000,0.000,0.000,29.000000
20498216.000000,6,15.000,14.000,0.000,0.000,0.000,29.000000
20498350.000000,6,14.000,14.000,0.000,0.000,0.000,28.000000
20498486.000000,6,14.000,15.000,0.000,0.000,0.000,29.000000
20498624.000000,6,14.000,14.000,0.000,0.000,0.000,28.000000
20498753.000000,6,15.000,14.000,0.000,0.000,0.000,29.000000
20498887.000000,6,14.000,14.000,0.000,0.000,0.000,28.000000
20499021.000000,6,14.000,15.000,0.000,0.000,0.000,29.000000
20499158.000000,6,15.000,14.000,0.000,0.000,0.000,29.000000
20499296.000000,6,14.000,14.000,0.000,0.000,0.000,28.000000
20499435.000000,6,14.000,15.000,0.000,0.000,0.000,29.000000
20499572.000000,6,14.000,14.000,0.000,0.000,0.000,28.000000
20499724.000000,6,15.000,14.000,0.000,0.000,0.000,29.000000
20499865.000000,6,14.000,14.000,0.000,0.000,0.000,28.000000
20500001.000000,6,14.000,15.000,0.000,0.000,0.000,29.000000
20500138.000000,6,15.000,14.000,0.000,0.000,0.000,29.000000
20500278.000000,6,14.000,14.000,0.000,0.000,0.000,28.000000
20500414.000000,6,14.000,15.000,0.000,0.000,0.000,29.000000
20500547.000000,6,14.000,14.000,0.000,0.000,0.000,28.000000
20500686.000000,6,15.000,13.000,0.000,0.000,0.000,28.000000
20500822.000000,6,14.000,15.000,0.000,0.000,0.000,29.000000
20500959.000000,6,14.000,14.000,0.000,0.000,0.000,28.000000
20501101.000000,6,14.000,14.000,0.000,0.000,0.000,28.000000
20501250.000000,6,14.000,14.000,0.000,0.000,0.000,28.000000
20501384.000000,6,15.000,15.000,0.000,0.000,0.000,30.000000
20501525.000000,6,14.000,14.000,0.000,0.000,0.000,28.000000
20501664.000000,6,14.000,14.000,0.000,0.000,0.000,28.000000
20501804.000000,6,15.000,15.000,0.000,0.000,0.000,30.000000
20501944.000000,6,14.000,14.000,0.000,0.000,0.000,28.000000
20502084.000000,6,14.000,14.000,0.000,0.000,0.000,28.000000
20502224.000000,6,14.000,14.000,0.000,0.000,0.000,28.000000
20502361.000000,6,15.000,15.000,0.000,0.000,0.000,30.000000
20502504.000000,6,14.000,14.000,0.000,0.000,0.000,28.000000
20502644.000000,6,14.000,14.000,0.000,0.000,0.000,28.000000
20502779.000000,6,15.000,15.000,0.000,0.000,0.000,30.000000
20502912.000000,6,14.000,14.000,0.000,0.000,0.000,28.000000
20503051.000000,6,14.000,14.000,0.000,0.000,0.000,28.000000
20503188.000000,6,14.000,14.000,0.000,0.000,0.000,28.000000
20503325.000000,6,15.000,15.000,0.000,0.000,0.000,30.000000
20503469.000000,6,14.000,14.000,0.000,0.000,0.000,28.000000
20503608.000000,6,14.000,14.000,0.000,0.000,0.000,28.000000
20503747.000000,6,15.000,15.000,0.000,0.000,0.000,30.000000
20503888.000000,6,14.000,14.000,0.000,0.000,0.000,28.000000
20504027.000000,6,14.000,14.000,0.000,0.000,0.000,28.000000
20504167.000000,6,14.000,14.000,0.000,0.000,0.000,28.000000
20504308.000000,6,15.000,15.000,0.000,0.000,0.000,30.000000
20504446.000000,6,14.000,14.000,0.000,0.000,0.000,28.000000
20504585.000000,6,14.000,14.000,0.000,0.000,0.000,28.000000
20504716.000000,6,15.000,15.000,0.000,0.000,0.000,30.000000
20504853.000000,6,14.000,14.000,0.000,0.000,0.000,28.000000
20504988.000000,6,14.000,14.000,0.000,0.000,0.000,28.000000
20505124.000000,6,14.000,14.000,0.000,0.000,0.000,28.000000
20505255.000000,6,15.000,15.000,0.000,0.000,0.000,30.000000
20505393.000000,6,14.000,14.000,0.000,0.000,0.000,28.000000
20505530.000000,6,14.000,14.000,0.000,0.000,0.000,28.000000
20505670.000000,6,15.000,15.000,0.000,0.000,0.000,30.000000
20505808.000000,6,14.000,14.000,0.000,0.000,0.000,28.000000
20505944.000000,6,14.000,14.000,0.000,0.000,0.000,28.000000
20506087.000000,6,14.000,14.000,0.000,0.000,0.000,28.000000
20506223.000000,6,15.000,15.000,0.000,0.000,0.000,30.000000
20506358.000000,6,14.000,14.000,0.000,0.000,0.000,28.000000
20506502.000000,6,14.000,14.000,0.000,0.000,0.000,28.000000
20506641.000000,6,15.000,15.000,0.000,0.000,0.000,30.000000
20506783.000000,6,14.000,14.000,0.000,0.000,0.000,28.000000
20506919.000000,6,14.000,14.000,0.000,0.000,0.000,28.000000
20507051.000000,6,14.000,14.000,0.000,0.000,0.000,28.000000
20507191.000000,6,15.000,15.000,0.000,0.000,0.000,30.000000
20507334.000000,6,14.000,14.000,0.000,0.000,0.000,28.000000
20507470.000000,6,14.000,14.000,0.000,0.000,0.000,28.000000
20507609.000000,6,15.000,15.000,0.000,0.000,0.000,30.000000
20507745.000000,6,14.000,14.000,0.000,0.000,0.000,28.000000
20507883.000000,6,14.000,14.000,0.000,0.000,0.000,28.000000
20508025.000000,6,14.000,14.000,0.000,0.000,0.000,28.000000
20508166.000000,6,15.000,15.000,0.000,0.000,0.000,30.000000
20508304.000000,6,14.000,14.000,0.000,0.000,0.000,28.000000
20508436.000000,6,14.000,14.000,0.000,0.000,0.000,28.000000
20508577.000000,6,15.000,15.000,0.000,0.000,0.000,30.000000
20508716.000000,6,14.000,14.000,0.000,0.000,0.000,28.000000
20508860.000000,6,14.000,14.000,0.000,0.000,0.000,28.000000
20508998.000000,6,14.000,14.000,0.000,0.000,0.000,28.000000
20509138.000000,6,15.000,15.000,0.000,0.000,0.000,30.000000
20509267.000000,6,14.000,14.000,0.000,0.000,0.000,28.000000
20509399.000000,6,14.000,14.000,0.000,0.000,0.000,28.000000
20509537.000000,6,15.000,15.000,0.000,0.000,0.000,30.000000
20509683.000000,6,14.000,14.000,0.000,0.000,0.000,28.000000
20509826.000000,6,14.000,14.000,0.000,0.000,0.000,28.000000
20509960.000000,6,14.000,11.000,8.000,0.000,0.000,33.000000
20510105.000000,6,15.000,8.000,14.000,0.000,0.000,37.000000
20510244.000000,6,14.000,14.000,6.000,0.000,0.000,34.000000
20510382.000000,6,14.000,14.000,6.000,0.000,0.000,34.000000
20510519.000000,6,15.000,14.000,8.000,0.000,0.000,37.000000
20510656.000000,6,14.000,14.000,8.000,0.000,0.000,36.000000
20510794.000000,6,14.000,14.000,8.000,0.000,0.000,36.000000
20510935.000000,6,14.000,15.000,3.000,0.000,0.000,32.000000
20511074.000000,6,15.000,14.000,0.000,0.000,0.000,29.000000
20511207.000000,6,14.000,14.000,0.000,0.000,0.000,28.000000
20511343.000000,6,14.000,15.000,0.000,0.000,0.000,29.000000
20511483.000000,6,15.000,14.000,0.000,0.000,0.000,29.000000
20511619.000000,6,14.000,14.000,0.000,0.000,0.000,28.000000
20511764.000000,6,14.000,14.000,0.000,0.000,0.000,28.000000
20511907.000000,6,14.000,15.000,0.000,0.000,0.000,29.000000
20512051.000000,6,15.000,14.000,0.000,0.000,0.000,29.000000
20512189.000000,6,14.000,14.000,0.000,0.000,0.000,28.000000
20512326.000000,6,14.000,15.000,0.000,0.000,0.000,29.000000
20512460.000000,6,15.000,14.000,0.000,0.000,0.000,29.000000
20512596.000000,6,14.000,14.000,0.000,0.000,0.000,28.000000
20512737.000000,6,14.000,14.000,0.000,0.000,0.000,28.000000
20512874.000000,6,14.000,15.000,0.000,0.000,0.000,29.000000
20513011.000000,6,15.000,14.000,0.000,0.000,0.000,29.000000
20513149.000000,6,14.000,14.000,0.000,0.000,0.000,28.000000
20513286.000000,6,14.000,15.000,0.000,0.000,0.000,29.000000
20513428.000000,6,15.000,14.000,0.000,0.000,0.000,29.000000
20513568.000000,6,14.000,14.000,0.000,0.000,0.000,28.000000
20513707.000000,6,14.000,14.000,0.000,0.000,0.000,28.000000
20513843.000000,6,14.000,15.000,0.000,0.000,0.000,29.000000
20513973.000000,6,15.000,14.000,0.000,0.000,0.000,29.000000
20514113.000000,6,14.000,14.000,0.000,0.000,0.000,28.000000
20514253.000000,6,14.000,15.000,0.000,0.000,0.000,29.000000
20514396.000000,6,15.000,14.000,0.000,0.000,0.000,29.000000
20514534.000000,6,14.000,14.000,0.000,0.000,0.000,28.000000
20514679.000000,6,14.000,14.000,0.000,0.000,0.000,28.000000
20514817.000000,6,14.000,15.000,0.000,0.000,0.000,29.000000
20514963.000000,6,15.000,14.000,0.000,0.000,0.000,29.000000
20515095.000000,6,14.000,14.000,0.000,0.000,0.000,28.000000
20515230.000000,6,14.000,15.000,0.000,0.000,0.000,29.000000
20515372.000000,6,15.000,14.000,0.000,0.000,0.000,29.000000
20515517.000000,6,14.000,14.000,0.000,0.000,0.000,28.000000
20515656.000000,6,14.000,14.000,0.000,0.000,0.000,28.000000
20515796.000000,6,14.000,15.000,0.000,0.000,0.000,29.000000
20515930.000000,6,15.000,14.000,0.000,0.000,0.000,29.000000
20516069.000000,6,14.000,14.000,0.000,0.000,0.000,28.000000
20516205.000000,6,14.000,15.000,0.000,0.000,0.000,29.000000
20516346.000000,6,15.000,14.000,0.000,0.000,0.000,29.000000
20516488.000000,6,14.000,14.000,0.000,0.000,0.000,28.000000
20516623.000000,6,14.000,14.000,0.000,0.000,0.000,28.000000
20516759.000000,6,14.000,15.000,0.000,0.000,0.000,29.000000
20516897.000000,6,15.000,14.000,0.000,0.000,0.000,29.000000
20517036.000000,6,14.000,14.000,0.000,0.000,0.000,28.000000
20517175.000000,6,14.000,15.000,0.000,0.000,0.000,29.000000
20517319.000000,6,15.000,14.000,0.000,0.000,0.000,29.000000
20517453.000000,6,14.000,14.000,0.000,0.000,0.000,28.000000
20517601.000000,6,14.000,14.000,0.000,0.000,0.000,28.000000
20517738.000000,6,14.000,15.000,0.000,0.000,0.000,29.000000
20517878.000000,6,15.000,14.000,0.000,0.000,0.000,29.000000
20518013.000000,6,14.000,14.000,0.000,0.000,0.000,28.000000
20518152.000000,6,14.000,11.000,8.000,0.000,0.000,33.000000
20518294.000000,6,15.000,14.000,0.000,0.000,0.000,29.000000
20518432.000000,6,14.000,14.000,0.000,0.000,0.000,28.000000
20518570.000000,6,14.000,15.000,0.000,0.000,0.000,29.000000
20518706.000000,6,14.000,14.000,0.000,0.000,0.000,28.000000
20518843.000000,6,15.000,14.000,0.000,0.000,0.000,29.000000
20518978.000000,6,14.000,14.000,0.000,0.000,0.000,28.000000
20519121.000000,6,14.000,15.000,0.000,0.000,0.000,29.000000
20519261.000000,6,15.000,14.000,0.000,0.000,0.000,29.000000
20519396.000000,6,14.000,14.000,0.000,0.000,0.000,28.000000
20519535.000000,6,14.000,15.000,0.000,0.000,0.000,29.000000
20519673.000000,6,14.000,14.000,0.000,0.000,0.000,28.000000
20519808.000000,6,15.000,14.000,0.000,0.000,0.000,29.000000
20519953.000000,6,14.000,14.000,0.000,0.000,0.000,28.000000
20520091.000000,6,14.000,15.000,0.000,0.000,0.000,29.000000
20520222.000000,6,15.000,14.000,0.000,0.000,0.000,29.000000
20520356.000000,6,14.000,14.000,0.000,0.000,0.000,28.000000
20520493.000000,6,14.000,15.000,0.000,0.000,0.000,29.000000
20520633.000000,6,14.000,14.000,0.000,0.000,0.000,28.000000
20520770.000000,6,15.000,14.000,0.000,0.000,0.000,29.000000
20520913.000000,6,14.000,14.000,0.000,0.000,0.000,28.000000
20521046.000000,6,14.000,15.000,0.000,0.000,0.000,29.000000
20521189.000000,6,15.000,14.000,0.000,0.000,0.000,29.000000
20521330.000000,6,14.000,14.000,0.000,0.000,0.000,28.000000
20521469.000000,6,13.000,15.000,3.000,0.000,0.000,31.000000
20521610.000000,6,14.000,14.000,0.000,0.000,0.000,28.000000
20521750.000000,6,15.000,14.000,0.000,0.000,0.000,29.000000
20521888.000000,6,14.000,14.000,0.000,0.000,0.000,28.000000
20522023.000000,6,14.000,15.000,0.000,0.000,0.000,29.000000
20522164.000000,6,15.000,14.000,0.000,0.000,0.000,29.000000
20522298.000000,6,14.000,14.000,0.000,0.000,0.000,28.000000
20522437.000000,6,14.000,15.000,0.000,0.000,0.000,29.000000
20522574.000000,6,14.000,14.000,0.000,0.000,0.000,28.000000
20522707.000000,6,15.000,14.000,0.000,0.000,0.000,29.000000
20522849.000000,6,14.000,14.000,0.000,0.000,0.000,28.000000
20522990.000000,6,14.000,15.000,0.000,0.000,0.000,29.000000
20523130.000000,6,15.000,14.000,0.000,0.000,0.000,29.000000
20523272.000000,6,14.000,14.000,0.000,0.000,0.000,28.000000
20523411.000000,6,14.000,15.000,0.000,0.000,0.000,29.000000
20523555.000000,6,14.000,14.000,0.000,0.000,0.000,28.000000
20523688.000000,6,15.000,14.000,0.000,0.000,0.000,29.000000
20523837.000000,6,14.000,14.000,0.000,0.000,0.000,28.000000
20523977.000000,6,14.000,15.000,0.000,0.000,0.000,29.000000
20524113.000000,6,15.000,14.000,0.000,0.000,0.000,29.000000
20524252.000000,6,14.000,14.000,0.000,0.000,0.000,28.000000
20524387.000000,6,14.000,15.000,0.000,0.000,0.000,29.000000
20524525.000000,6,14.000,14.000,0.000,0.000,0.000,28.000000
20524667.000000,6,15.000,14.000,0.000,0.000,0.000,29.000000
20524811.000000,6,14.000,14.000,0.000,0.000,0.000,28.000000
20524952.000000,6,14.000,15.000,0.000,0.000,0.000,29.000000
20525094.000000,6,15.000,14.000,0.000,0.000,0.000,29.000000
20525229.000000,6,14.000,14.000,0.000,0.000,0.000,28.000000
20525363.000000,6,14.000,15.000,0.000,0.000,0.000,29.000000
20525500.000000,6,14.000,14.000,0.000,0.000,0.000,28.000000
20525635.000000,6,15.000,14.000,0.000,0.000,0.000,29.000000
20525767.000000,6,14.000,14.000,0.000,0.000,0.000,28.000000
20525913.000000,6,14.000,15.000,0.000,0.000,0.000,29.000000
20526046.000000,6,15.000,14.000,0.000,0.000,0.000,29.000000
20526182.000000,6,14.000,14.000,0.000,0.000,0.000,28.000000
20526320.000000,6,14.000,15.000,0.000,0.000,0.000,29.000000
20526464.000000,6,14.000,14.000,0.000,0.000,0.000,28.000000
20526598.000000,6,15.000,14.000,0.000,0.000,0.000,29.000000
20526732.000000,6,14.000,14.000,0.000,0.000,0.000,28.000000
20526866.000000,6,14.000,15.000,0.000,0.000,0.000,29.000000
20527009.000000,6,15.000,14.000,0.000,0.000,0.000,29.000000
20527143.000000,6,14.000,14.000,0.000,0.000,0.000,28.000000
20527280.000000,6,14.000,15.000,0.000,0.000,0.000,29.000000
20527411.000000,6,14.000,14.000,0.000,0.000,0.000,28.000000
20527549.000000,6,15.000,14.000,0.000,0.000,0.000,29.000000
20527694.000000,6,14.000,14.000,0.000,0.000,0.000,28.000000
20527825.000000,6,14.000,15.000,0.000,0.000,0.000,29.000000
20527965.000000,6,15.000,14.000,0.000,0.000,0.000,29.000000
20528104.000000,6,14.000,14.000,0.000,0.000,0.000,28.000000
20528242.000000,6,14.000,15.000,0.000,0.000,0.000,29.000000
20528390.000000,6,14.000,14.000,0.000,0.000,0.000,28.000000
20528527.000000,6,15.000,14.000,0.000,0.000,0.000,29.000000
20528665.000000,6,14.000,14.000,0.000,0.000,0.000,28.000000
20528808.000000,6,14.000,15.000,0.000,0.000,0.000,29.000000
20528948.000000,6,15.000,14.000,0.000,0.000,0.000,29.000000
20529086.000000,6,14.000,14.000,0.000,0.000,0.000,28.000000
20529226.000000,6,14.000,15.000,0.000,0.000,0.000,29.000000
20529367.000000,6,14.000,14.000,0.000,0.000,0.000,28.000000
20529509.000000,6,15.000,14.000,0.000,0.000,0.000,29.000000
20529648.000000,6,14.000,14.000,0.000,0.000,0.000,28.000000
20529788.000000,6,14.000,15.000,0.000,0.000,0.000,29.000000
20529925.000000,6,15.000,14.000,0.000,0.000,0.000,29.000000
20530064.000000,6,14.000,14.000,0.000,0.000,0.000,28.000000
20530198.000000,6,14.000,15.000,0.000,0.000,0.000,29.000000
20530335.000000,6,14.000,14.000,0.000,0.000,0.000,28.000000
20530477.000000,6,15.000,14.000,0.000,0.000,0.000,29.000000
20530617.000000,6,14.000,14.000,0.000,0.000,0.000,28.000000
20530757.000000,6,14.000,15.000,0.000,0.000,0.000,29.000000
20530896.000000,6,15.000,14.000,0.000,0.000,0.000,29.000000
20531032.000000,6,14.000,14.000,0.000,0.000,0.000,28.000000
20531176.000000,6,14.000,15.000,0.000,0.000,0.000,29.000000
20531317.000000,6,14.000,14.000,0.000,0.000,0.000,28.000000
20531462.000000,6,15.000,14.000,0.000,0.000,0.000,29.000000
20531596.000000,6,14.000,14.000,0.000,0.000,0.000,28.000000
20531737.000000,6,14.000,15.000,0.000,0.000,0.000,29.000000
20531872.000000,6,15.000,14.000,0.000,0.000,0.000,29.000000
20532011.000000,6,14.000,14.000,0.000,0.000,0.000,28.000000
20532147.000000,6,14.000,15.000,0.000,0.000,0.000,29.000000
20532288.000000,6,14.000,14.000,0.000,0.000,0.000,28.000000
20532427.000000,6,15.000,14.000,0.000,0.000,0.000,29.000000
20532569.000000,6,14.000,14.000,0.000,0.000,0.000,28.000000
20532713.000000,6,14.000,15.000,0.000,0.000,0.000,29.000000
20532852.000000,6,15.000,14.000,0.000,0.000,0.000,29.000000
20532990.000000,6,14.000,14.000,0.000,0.000,0.000,28.000000
20533127.000000,6,14.000,15.000,0.000,0.000,0.000,29.000000
20533266.000000,6,14.000,14.000,0.000,0.000,0.000,28.000000
20533414.000000,6,15.000,14.000,0.000,0.000,0.000,29.000000
20533553.000000,6,14.000,14.000,0.000,0.000,0.000,28.000000
20533692.000000,6,14.000,15.000,0.000,0.000,0.000,29.000000
20533829.000000,6,15.000,14.000,0.000,0.000,0.000,29.000000
20533968.000000,6,14.000,14.000,0.000,0.000,0.000,28.000000
20534113.000000,6,14.000,15.000,0.000,0.000,0.000,29.000000
20534246.000000,6,14.000,14.000,0.000,0.000,0.000,28.000000
20534381.000000,6,15.000,14.000,0.000,0.000,0.000,29.000000
20534519.000000,6,14.000,14.000,0.000,0.000,0.000,28.000000
20534657.000000,6,14.000,15.000,0.000,0.000,0.000,29.000000
20534789.000000,6,15.000,14.000,0.000,0.000,0.000,29.000000
20534924.000000,6,14.000,14.000,0.000,0.000,0.000,28.000000
20535067.000000,6,14.000,15.000,0.000,0.000,0.000,29.000000
20535212.000000,6,14.000,14.000,0.000,0.000,0.000,28.000000
20535351.000000,6,15.000,14.000,0.000,0.000,0.000,29.000000
20535492.000000,6,14.000,14.000,0.000,0.000,0.000,28.000000
20535628.000000,6,14.000,15.000,0.000,0.000,0.000,29.000000
20535772.000000,6,15.000,14.000,0.000,0.000,0.000,29.000000
20535914.000000,6,14.000,14.000,0.000,0.000,0.000,28.000000
20536052.000000,6,14.000,15.000,0.000,0.000,0.000,29.000000
20536192.000000,6,14.000,14.000,0.000,0.000,0.000,28.000000
20536332.000000,6,15.000,14.000,0.000,0.000,0.000,29.000000
20536469.000000,6,14.000,14.000,0.000,0.000,0.000,28.000000
20536616.000000,6,14.000,15.000,0.000,0.000,0.000,29.000000
20536751.000000,6,15.000,13.000,0.000,0.000,0.000,28.000000
20536891.000000,6,14.000,12.000,0.000,0.000,0.000,26.000000
20537030.000000,6,14.000,13.000,0.000,0.000,0.000,27.000000
20537175.000000,6,14.000,12.000,0.000,0.000,0.000,26.000000
20537310.000000,6,15.000,12.000,0.000,0.000,0.000,27.000000
20537448.000000,6,14.000,12.000,0.000,0.000,0.000,26.000000
20537589.000000,6,14.000,12.000,0.000,0.000,0.000,26.000000
20537719.000000,6,15.000,14.000,0.000,0.000,0.000,29.000000
20537854.000000,6,14.000,14.000,0.000,0.000,0.000,28.000000
20537997.000000,6,14.000,14.000,0.000,0.000,0.000,28.000000
20538134.000000,6,14.000,15.000,0.000,0.000,0.000,29.000000
20538273.000000,6,15.000,14.000,0.000,0.000,0.000,29.000000
20538410.000000,6,14.000,14.000,0.000,0.000,0.000,28.000000
20538543.000000,6,14.000,15.000,0.000,0.000,0.000,29.000000
20538683.000000,6,15.000,14.000,0.000,0.000,0.000,29.000000
20538819.000000,6,14.000,14.000,0.000,0.000,0.000,28.000000
20538951.000000,6,14.000,14.000,0.000,0.000,0.000,28.000000
20539090.000000,6,14.000,15.000,0.000,0.000,0.000,29.000000
20539228.000000,6,15.000,14.000,0.000,0.000,0.000,29.000000
20539361.000000,6,14.000,14.000,0.000,0.000,0.000,28.000000
20539501.000000,6,14.000,15.000,0.000,0.000,0.000,29.000000
20539637.000000,6,15.000,14.000,0.000,0.000,0.000,29.000000
20539778.000000,6,14.000,14.000,0.000,0.000,0.000,28.000000
20539922.000000,6,14.000,14.000,0.000,0.000,0.000,28.000000
20540056.000000,6,14.000,15.000,0.000,0.000,0.000,29.000000
20540192.000000,6,15.000,14.000,0.000,0.000,0.000,29.000000
20540328.000000,6,14.000,14.000,0.000,0.000,0.000,28.000000
20540463.000000,6,14.000,15.000,0.000,0.000,0.000,29.000000
20540600.000000,6,15.000,12.000,0.000,0.000,0.000,27.000000
20540734.000000,6,14.000,12.000,0.000,0.000,0.000,26.000000
20540876.000000,6,14.000,12.000,0.000,0.000,0.000,26.000000
20541013.000000,6,14.000,11.000,0.000,0.000,0.000,25.000000
20541152.000000,6,15.000,13.000,0.000,0.000,0.000,28.000000
20541295.000000,6,14.000,14.000,0.000,0.000,0.000,28.000000
20541432.000000,6,14.000,14.000,0.000,0.000,0.000,28.000000
20541567.000000,6,14.000,15.000,0.000,0.000,0.000,29.000000
20541707.000000,6,15.000,14.000,0.000,0.000,0.000,29.000000
20541848.000000,6,14.000,14.000,0.000,0.000,0.000,28.000000
20541981.000000,6,14.000,14.000,0.000,0.000,0.000,28.000000
20542121.000000,6,15.000,15.000,0.000,0.000,0.000,30.000000
20542251.000000,6,14.000,14.000,0.000,0.000,0.000,28.000000
20542385.000000,6,14.000,14.000,0.000,0.000,0.000,28.000000
20542519.000000,6,14.000,15.000,0.000,0.000,0.000,29.000000
20542658.000000,6,15.000,14.000,0.000,0.000,0.000,29.000000
20542797.000000,6,14.000,14.000,0.000,0.000,0.000,28.000000
20542936.000000,6,14.000,14.000,0.000,0.000,0.000,28.000000
20543075.000000,6,15.000,15.000,0.000,0.000,0.000,30.000000
20543216.000000,6,14.000,14.000,0.000,0.000,0.000,28.000000
20543357.000000,6,14.000,14.000,0.000,0.000,0.000,28.000000
20543500.000000,6,14.000,15.000,0.000,0.000,0.000,29.000000
20543650.000000,6,15.000,14.000,0.000,0.000,0.000,29.000000
20543784.000000,6,14.000,14.000,0.000,0.000,0.000,28.000000
20543923.000000,6,14.000,14.000,0.000,0.000,0.000,28.000000
20544065.000000,6,15.000,15.000,0.000,0.000,0.000,30.000000
20544209.000000,6,14.000,14.000,0.000,0.000,0.000,28.000000
20544355.000000,6,14.000,14.000,0.000,0.000,0.000,28.000000
20544493.000000,6,14.000,15.000,0.000,0.000,0.000,29.000000
20544631.000000,6,15.000,14.000,0.000,0.000,0.000,29.000000
20544767.000000,6,14.000,14.000,0.000,0.000,0.000,28.000000
20544905.000000,6,14.000,14.000,0.000,0.000,0.000,28.000000
20545043.000000,6,15.000,15.000,0.000,0.000,0.000,30.000000
20545187.000000,6,14.000,14.000,0.000,0.000,0.000,28.000000
20545324.000000,6,14.000,14.000,0.000,0.000,0.000,28.000000
20545466.000000,6,14.000,15.000,0.000,0.000,0.000,29.000000
20545600.000000,6,15.000,14.000,0.000,0.000,0.000,29.000000
20545731.000000,6,14.000,14.000,0.000,0.000,0.000,28.000000
20545868.000000,6,14.000,14.000,0.000,0.000,0.000,28.000000
20546012.000000,6,15.000,15.000,0.000,0.000,0.000,30.000000
20546153.000000,6,14.000,14.000,0.000,0.000,0.000,28.000000
20546295.000000,6,14.000,14.000,0.000,0.000,0.000,28.000000
20546439.000000,6,14.000,15.000,0.000,0.000,0.000,29.000000
20546582.000000,6,15.000,14.000,0.000,0.000,0.000,29.000000
20546716.000000,6,14.000,14.000,0.000,0.000,0.000,28.000000
20546856.000000,6,14.000,14.000,0.000,0.000,0.000,28.000000
20547000.000000,6,15.000,14.000,0.000,0.000,0.000,29.000000
20547146.000000,6,14.000,12.000,0.000,0.000,0.000,26.000000
20547285.000000,6,14.000,12.000,0.000,0.000,0.000,26.000000
20547423.000000,6,14.000,12.000,0.000,0.000,0.000,26.000000
20547559.000000,6,15.000,12.000,0.000,0.000,0.000,27.000000
20547705.000000,6,14.000,12.000,0.000,0.000,0.000,26.000000
20547841.000000,6,14.000,12.000,0.000,0.000,0.000,26.000000
20547980.000000,6,13.000,14.000,0.000,0.000,0.000,27.000000
20548114.000000,6,13.000,14.000,0.000,0.000,0.000,27.000000
20548255.000000,6,14.000,14.000,0.000,0.000,0.000,28.000000
20548392.000000,6,14.000,15.000,0.000,0.000,0.000,29.000000
20548528.000000,6,14.000,14.000,0.000,0.000,0.000,28.000000
20548669.000000,6,15.000,14.000,0.000,0.000,0.000,29.000000
20548804.000000,6,14.000,14.000,0.000,0.000,0.000,28.000000
20548940.000000,6,14.000,15.000,0.000,0.000,0.000,29.000000
20549080.000000,6,15.000,14.000,0.000,0.000,0.000,29.000000
20549217.000000,6,14.000,14.000,0.000,0.000,0.000,28.000000
20549356.000000,6,14.000,15.000,0.000,0.000,0.000,29.000000
20549488.000000,6,14.000,14.000,0.000,0.000,0.000,28.000000
20549632.000000,6,15.000,14.000,0.000,0.000,0.000,29.000000
20549764.000000,6,14.000,14.000,0.000,0.000,0.000,28.000000
20549900.000000,6,14.000,15.000,0.000,0.000,0.000,29.000000
20550044.000000,6,15.000,14.000,0.000,0.000,0.000,29.000000
20550187.000000,6,14.000,14.000,0.000,0.000,0.000,28.000000
20550323.000000,6,14.000,15.000,0.000,0.000,0.000,29.000000
20550457.000000,6,14.000,14.000,0.000,0.000,0.000,28.000000
20550591.000000,6,15.000,14.000,0.000,0.000,0.000,29.000000
20550725.000000,6,14.000,14.000,0.000,0.000,0.000,28.000000
20550865.000000,6,14.000,14.000,0.000,0.000,0.000,28.000000
20551003.000000,6,15.000,12.000,0.000,0.000,0.000,27.000000
20551145.000000,6,14.000,12.000,0.000,0.000,0.000,26.000000
20551284.000000,6,14.000,13.000,0.000,0.000,0.000,27.000000
20551422.000000,6,14.000,12.000,0.000,0.000,0.000,26.000000
20551555.000000,6,15.000,12.000,0.000,0.000,0.000,27.000000
20551691.000000,6,14.000,12.000,0.000,0.000,0.000,26.000000
20551824.000000,6,14.000,12.000,0.000,0.000,0.000,26.000000
20551960.000000,6,15.000,12.000,0.000,0.000,0.000,27.000000
20552098.000000,6,14.000,12.000,0.000,0.000,0.000,26.000000
20552238.000000,6,14.000,11.000,0.000,0.000,0.000,25.000000
20552382.000000,6,14.000,12.000,0.000,0.000,0.000,26.000000
20552521.000000,6,13.000,14.000,0.000,0.000,0.000,27.000000
20552660.000000,6,14.000,14.000,0.000,0.000,0.000,28.000000
20552801.000000,6,14.000,15.000,0.000,0.000,0.000,29.000000
20552946.000000,6,15.000,14.000,0.000,0.000,0.000,29.000000
20553087.000000,6,14.000,14.000,0.000,0.000,0.000,28.000000
20553216.000000,6,14.000,15.000,0.000,0.000,0.000,29.000000
20553353.000000,6,14.000,14.000,0.000,0.000,0.000,28.000000
20553492.000000,6,15.000,13.000,3.000,0.000,0.000,31.000000
20553630.000000,6,14.000,9.000,7.000,0.000,0.000,30.000000
20553768.000000,6,14.000,12.000,0.000,0.000,0.000,26.000000
20553905.000000,6,15.000,12.000,0.000,0.000,0.000,27.000000
20554040.000000,6,14.000,12.000,0.000,0.000,0.000,26.000000
20554178.000000,6,14.000,12.000,0.000,0.000,0.000,26.000000
20554319.000000,6,14.000,12.000,0.000,0.000,0.000,26.000000
20554465.000000,6,15.000,13.000,0.000,0.000,0.000,28.000000
20554594.000000,6,14.000,11.000,0.000,0.000,0.000,25.000000
20554740.000000,6,13.000,13.000,0.000,0.000,0.000,26.000000
20554876.000000,6,12.000,14.000,0.000,0.000,0.000,26.000000
20555013.000000,6,14.000,14.000,0.000,0.000,0.000,28.000000
20555150.000000,6,15.000,13.000,0.000,0.000,0.000,28.000000
20555288.000000,6,14.000,12.000,0.000,0.000,0.000,26.000000
20555415.000000,6,14.000,12.000,0.000,0.000,0.000,26.000000
20555554.000000,6,15.000,12.000,0.000,0.000,0.000,27.000000
20555694.000000,6,14.000,13.000,0.000,0.000,0.000,27.000000
20555831.000000,6,14.000,11.000,0.000,0.000,0.000,25.000000
20555965.000000,6,14.000,12.000,0.000,0.000,0.000,26.000000
20556108.000000,6,15.000,12.000,0.000,0.000,0.000,27.000000
20556249.000000,6,14.000,12.000,0.000,0.000,0.000,26.000000
20556381.000000,6,14.000,12.000,0.000,0.000,0.000,26.000000
20556516.000000,6,15.000,12.000,0.000,0.000,0.000,27.000000
20556646.000000,6,14.000,12.000,0.000,0.000,0.000,26.000000
20556786.000000,6,14.000,12.000,0.000,0.000,0.000,26.000000
20556922.000000,6,14.000,15.000,0.000,0.000,0.000,29.000000
20557063.000000,6,15.000,14.000,0.000,0.000,0.000,29.000000
20557198.000000,6,14.000,14.000,0.000,0.000,0.000,28.000000
20557338.000000,6,14.000,15.000,0.000,0.000,0.000,29.000000
20557477.000000,6,14.000,14.000,0.000,0.000,0.000,28.000000
20557620.000000,6,14.000,14.000,0.000,0.000,0.000,28.000000
20557760.000000,6,14.000,14.000,0.000,0.000,0.000,28.000000
20557898.000000,6,15.000,14.000,0.000,0.000,0.000,29.000000
20558033.000000,6,14.000,15.000,0.000,0.000,0.000,29.000000
20558170.000000,6,14.000,14.000,0.000,0.000,0.000,28.000000
20558308.000000,6,14.000,14.000,0.000,0.000,0.000,28.000000
20558448.000000,6,15.000,15.000,0.000,0.000,0.000,30.000000
20558585.000000,6,14.000,14.000,0.000,0.000,0.000,28.000000
20558721.000000,6,14.000,14.000,0.000,0.000,0.000,28.000000
20558866.000000,6,15.000,14.000,0.000,0.000,0.000,29.000000
20559006.000000,6,14.000,15.000,0.000,0.000,0.000,29.000000
20559149.000000,6,14.000,14.000,0.000,0.000,0.000,28.000000
20559286.000000,6,14.000,14.000,0.000,0.000,0.000,28.000000
20559426.000000,6,15.000,15.000,0.000,0.000,0.000,30.000000
20559570.000000,6,14.000,14.000,0.000,0.000,0.000,28.000000
20559710.000000,6,14.000,14.000,0.000,0.000,0.000,28.000000
20559846.000000,6,15.000,14.000,0.000,0.000,0.000,29.000000
20559982.000000,6,14.000,15.000,0.000,0.000,0.000,29.000000
20560123.000000,6,14.000,14.000,0.000,0.000,0.000,28.000000
20560263.000000,6,14.000,14.000,0.000,0.000,0.000,28.000000
20560404.000000,6,15.000,15.000,0.000,0.000,0.000,30.000000
20560538.000000,6,14.000,14.000,0.000,0.000,0.000,28.000000
20560680.000000,6,14.000,14.000,0.000,0.000,0.000,28.000000
20560825.000000,6,14.000,14.000,0.000,0.000,0.000,28.000000
20560965.000000,6,14.000,14.000,0.000,0.000,0.000,28.000000
20561105.000000,6,15.000,15.000,0.000,0.000,0.000,30.000000
20561247.000000,6,14.000,14.000,0.000,0.000,0.000,28.000000
20561387.000000,6,14.000,14.000,0.000,0.000,0.000,28.000000
20561522.000000,6,14.000,15.000,0.000,0.000,0.000,29.000000
20561662.000000,6,15.000,14.000,0.000,0.000,0.000,29.000000
20561802.000000,6,14.000,14.000,0.000,0.000,0.000,28.000000
20561938.000000,6,14.000,14.000,0.000,0.000,0.000,28.000000
20562079.000000,6,15.000,15.000,0.000,0.000,0.000,30.000000
20562215.000000,6,14.000,14.000,0.000,0.000,0.000,28.000000
20562344.000000,6,14.000,14.000,0.000,0.000,0.000,28.000000
20562485.000000,6,14.000,15.000,0.000,0.000,0.000,29.000000
20562628.000000,6,15.000,14.000,0.000,0.000,0.000,29.000000
20562764.000000,6,14.000,14.000,0.000,0.000,0.000,28.000000
20562902.000000,6,14.000,14.000,0.000,0.000,0.000,28.000000
20563044.000000,6,15.000,15.000,0.000,0.000,0.000,30.000000
20563185.000000,6,14.000,14.000,0.000,0.000,0.000,28.000000
20563323.000000,6,14.000,14.000,0.000,0.000,0.000,28.000000
20563462.000000,6,14.000,15.000,0.000,0.000,0.000,29.000000
20563603.000000,6,15.000,14.000,0.000,0.000,0.000,29.000000
20563743.000000,6,14.000,14.000,0.000,0.000,0.000,28.000000
20563883.000000,6,14.000,14.000,0.000,0.000,0.000,28.000000
20564021.000000,6,15.000,15.000,0.000,0.000,0.000,30.000000
20564160.000000,6,14.000,14.000,0.000,0.000,0.000,28.000000
20564305.000000,6,14.000,14.000,0.000,0.000,0.000,28.000000
20564439.000000,6,14.000,15.000,0.000,0.000,0.000,29.000000
20564570.000000,6,15.000,14.000,0.000,0.000,0.000,29.000000
20564715.000000,6,14.000,14.000,0.000,0.000,0.000,28.000000
20564853.000000,6,14.000,14.000,0.000,0.000,0.000,28.000000
20564991.000000,6,15.000,15.000,0.000,0.000,0.000,30.000000
20565128.000000,6,14.000,14.000,0.000,0.000,0.000,28.000000
20565267.000000,6,14.000,14.000,0.000,0.000,0.000,28.000000
20565403.000000,6,14.000,15.000,0.000,0.000,0.000,29.000000
20565533.000000,6,15.000,12.000,0.000,0.000,0.000,27.000000
20565673.000000,6,14.000,12.000,0.000,0.000,0.000,26.000000
20565816.000000,6,14.000,12.000,0.000,0.000,0.000,26.000000
20565951.000000,6,15.000,12.000,0.000,0.000,0.000,27.000000
20566089.000000,6,14.000,12.000,0.000,0.000,0.000,26.000000
20566228.000000,6,14.000,14.000,0.000,0.000,0.000,28.000000
20566367.000000,6,14.000,14.000,0.000,0.000,0.000,28.000000
20566503.000000,6,15.000,14.000,0.000,0.000,0.000,29.000000
20566652.000000,6,14.000,15.000,0.000,0.000,0.000,29.000000
20566796.000000,6,14.000,14.000,0.000,0.000,0.000,28.000000
20566934.000000,6,15.000,14.000,0.000,0.000,0.000,29.000000
20567074.000000,6,14.000,15.000,0.000,0.000,0.000,29.000000
20567215.000000,6,14.000,14.000,0.000,0.000,0.000,28.000000
20567362.000000,6,14.000,14.000,0.000,0.000,0.000,28.000000
20567500.000000,6,14.000,14.000,0.000,0.000,0.000,28.000000
20567640.000000,6,15.000,15.000,0.000,0.000,0.000,30.000000
20567779.000000,6,14.000,14.000,0.000,0.000,0.000,28.000000
20567920.000000,6,14.000,14.000,0.000,0.000,0.000,28.000000
20568060.000000,6,15.000,15.000,0.000,0.000,0.000,30.000000
20568199.000000,6,14.000,14.000,0.000,0.000,0.000,28.000000
20568340.000000,6,14.000,14.000,0.000,0.000,0.000,28.000000
20568481.000000,6,14.000,14.000,0.000,0.000,0.000,28.000000
20568616.000000,6,15.000,15.000,0.000,0.000,0.000,30.000000
20568754.000000,6,14.000,14.000,0.000,0.000,0.000,28.000000
20568896.000000,6,14.000,14.000,0.000,0.000,0.000,28.000000
20569038.000000,6,15.000,15.000,0.000,0.000,0.000,30.000000
20569176.000000,6,14.000,14.000,0.000,0.000,0.000,28.000000
20569317.000000,6,14.000,14.000,0.000,0.000,0.000,28.000000
20569455.000000,6,14.000,14.000,0.000,0.000,0.000,28.000000
20569600.000000,6,15.000,14.000,0.000,0.000,0.000,29.000000
20569733.000000,6,14.000,12.000,0.000,0.000,0.000,26.000000
20569873.000000,6,14.000,12.000,0.000,0.000,0.000,26.000000
20570006.000000,6,15.000,13.000,0.000,0.000,0.000,28.000000
20570143.000000,6,14.000,11.000,0.000,0.000,0.000,25.000000
20570279.000000,6,14.000,12.000,0.000,0.000,0.000,26.000000
20570416.000000,6,14.000,13.000,0.000,0.000,0.000,27.000000
20570554.000000,6,15.000,11.000,0.000,0.000,0.000,26.000000
20570699.000000,6,14.000,12.000,0.000,0.000,0.000,26.000000
20570839.000000,6,14.000,12.000,0.000,0.000,0.000,26.000000
20570974.000000,6,15.000,12.000,0.000,0.000,0.000,27.000000
20571111.000000,6,14.000,11.000,0.000,0.000,0.000,25.000000
20571249.000000,6,14.000,12.000,0.000,0.000,0.000,26.000000
20571387.000000,6,14.000,12.000,0.000,0.000,0.000,26.000000
20571533.000000,6,15.000,11.000,0.000,0.000,0.000,26.000000
20571677.000000,6,14.000,12.000,0.000,0.000,0.000,26.000000
20571809.000000,6,14.000,11.000,0.000,0.000,0.000,25.000000
20571943.000000,6,15.000,12.000,0.000,0.000,0.000,27.000000
20572080.000000,6,14.000,12.000,0.000,0.000,0.000,26.000000
20572226.000000,6,14.000,11.000,0.000,0.000,0.000,25.000000
20572370.000000,6,14.000,13.000,0.000,0.000,0.000,27.000000
20572509.000000,6,13.000,13.000,0.000,0.000,0.000,26.000000
20572652.000000,6,12.000,14.000,0.000,0.000,0.000,26.000000
20572795.000000,6,15.000,14.000,0.000,0.000,0.000,29.000000
20572937.000000,6,14.000,15.000,0.000,0.000,0.000,29.000000
20573078.000000,6,14.000,14.000,0.000,0.000,0.000,28.000000
20573217.000000,6,14.000,14.000,0.000,0.000,0.000,28.000000
20573348.000000,6,15.000,14.000,0.000,0.000,0.000,29.000000
20573486.000000,6,14.000,15.000,0.000,0.000,0.000,29.000000
20573623.000000,6,14.000,14.000,0.000,0.000,0.000,28.000000
20573757.000000,6,14.000,14.000,0.000,0.000,0.000,28.000000
20573889.000000,6,14.000,11.000,0.000,0.000,0.000,25.000000
20574028.000000,6,14.000,13.000,0.000,0.000,0.000,27.000000
20574165.000000,6,15.000,15.000,0.000,0.000,0.000,30.000000
20574302.000000,6,14.000,14.000,0.000,0.000,0.000,28.000000
20574438.000000,6,14.000,14.000,0.000,0.000,0.000,28.000000
20574573.000000,6,14.000,15.000,0.000,0.000,0.000,29.000000
20574712.000000,6,15.000,14.000,0.000,0.000,0.000,29.000000
20574847.000000,6,14.000,14.000,0.000,0.000,0.000,28.000000
20574982.000000,6,14.000,14.000,0.000,0.000,0.000,28.000000
20575113.000000,6,15.000,12.000,0.000,0.000,0.000,27.000000
20575254.000000,6,14.000,11.000,0.000,0.000,0.000,25.000000
20575393.000000,6,14.000,12.000,0.000,0.000,0.000,26.000000
20575530.000000,6,14.000,12.000,0.000,0.000,0.000,26.000000
