20692029.000000,1,0.000,0.000,0.000,0.000,0.000,0.000000
20692382.000000,1,36.000,35.000,30.000,35.000,29.000,165.000000
20692720.000000,1,36.000,36.000,30.000,36.000,31.000,169.000000
20693060.000000,1,36.000,36.000,29.000,33.000,27.000,161.000000
20693405.000000,1,35.000,36.000,30.000,31.000,26.000,158.000000
20693751.000000,1,36.000,35.000,30.000,29.000,25.000,155.000000
20694109.000000,1,36.000,36.000,30.000,30.000,25.000,157.000000
20694460.000000,1,36.000,36.000,30.000,30.000,25.000,157.000000
20694821.000000,1,35.000,35.000,30.000,34.000,26.000,160.000000
20695169.000000,1,36.000,36.000,32.000,36.000,32.000,172.000000
20695517.000000,1,36.000,36.000,36.000,36.000,30.000,174.000000
20695865.000000,1,35.000,36.000,36.000,35.000,30.000,172.000000
20696211.000000,1,36.000,35.000,35.000,36.000,31.000,173.000000
20696548.000000,1,36.000,36.000,36.000,36.000,30.000,174.000000
20696887.000000,1,35.000,35.000,36.000,36.000,29.000,171.000000
20697242.000000,1,36.000,35.000,35.000,35.000,29.000,170.000000
20697596.000000,1,36.000,36.000,36.000,36.000,30.000,174.000000
20697946.000000,1,35.000,36.000,36.000,36.000,30.000,173.000000
20698292.000000,1,36.000,35.000,36.000,35.000,29.000,171.000000
20698642.000000,1,36.000,36.000,35.000,36.000,29.000,172.000000
20698989.000000,1,35.000,36.000,36.000,36.000,29.000,172.000000
20699335.000000,1,36.000,35.000,36.000,36.000,30.000,173.000000
20699694.000000,1,36.000,36.000,35.000,35.000,29.000,171.000000
20700040.000000,1,36.000,36.000,33.000,36.000,30.000,171.000000
20700384.000000,1,35.000,36.000,30.000,36.000,29.000,166.000000
20700728.000000,1,36.000,35.000,30.000,35.000,31.000,167.000000
20701082.000000,1,36.000,36.000,30.000,36.000,31.000,169.000000
20701436.000000,1,35.000,36.000,35.000,36.000,31.000,173.000000
20701782.000000,1,36.000,35.000,36.000,36.000,27.000,170.000000
20702128.000000,1,36.000,36.000,35.000,35.000,29.000,171.000000
20702485.000000,1,36.000,36.000,36.000,36.000,31.000,175.000000
20702831.000000,1,35.000,36.000,36.000,36.000,32.000,175.000000
20703185.000000,1,36.000,36.000,35.000,35.000,29.000,171.000000
20703543.000000,1,36.000,41.000,36.000,36.000,26.000,175.000000
20703889.000000,1,41.000,37.000,36.000,36.000,27.000,177.000000
20704242.000000,1,41.000,35.000,36.000,36.000,26.000,174.000000
20704598.000000,1,42.000,36.000,35.000,35.000,27.000,175.000000
20704960.000000,1,42.000,36.000,36.000,36.000,26.000,176.000000
20705312.000000,1,41.000,35.000,36.000,36.000,26.000,174.000000
20705657.000000,1,42.000,36.000,35.000,35.000,26.000,174.000000
20706012.000000,1,42.000,36.000,36.000,36.000,26.000,176.000000
20706358.000000,1,41.000,36.000,36.000,36.000,26.000,175.000000
20706709.000000,1,42.000,35.000,36.000,36.000,27.000,176.000000
20707059.000000,1,37.000,36.000,35.000,35.000,25.000,168.000000
20707419.000000,1,40.000,36.000,36.000,36.000,24.000,172.000000
20707771.000000,1,41.000,35.000,36.000,36.000,25.000,173.000000
20708124.000000,1,42.000,36.000,35.000,35.000,25.000,173.000000
20708479.000000,1,42.000,36.000,36.000,36.000,26.000,176.000000
20708835.000000,1,41.000,36.000,36.000,36.000,25.000,174.000000
20709199.000000,1,42.000,35.000,36.000,36.000,27.000,176.000000
20709547.000000,1,38.000,36.000,35.000,35.000,29.000,173.000000
20709896.000000,1,36.000,36.000,36.000,36.000,31.000,175.000000
20710255.000000,1,35.000,35.000,36.000,36.000,29.000,171.000000
20710624.000000,1,36.000,36.000,35.000,35.000,29.000,171.000000
20710976.000000,1,36.000,36.000,36.000,36.000,27.000,171.000000
20711329.000000,1,35.000,36.000,36.000,35.000,27.000,169.000000
20711680.000000,1,36.000,35.000,35.000,36.000,27.000,169.000000
20712034.000000,1,39.000,36.000,36.000,39.000,27.000,177.000000
20712383.000000,1,42.000,36.000,36.000,36.000,29.000,179.000000
20712730.000000,1,36.000,35.000,36.000,36.000,27.000,170.000000
20713085.000000,1,36.000,36.000,35.000,36.000,25.000,168.000000
20713423.000000,1,35.000,36.000,36.000,36.000,26.000,169.000000
20713772.000000,1,36.000,36.000,36.000,35.000,30.000,173.000000
20714120.000000,1,36.000,35.000,36.000,36.000,31.000,174.000000
20714466.000000,1,35.000,36.000,35.000,36.000,31.000,173.000000
20714815.000000,1,36.000,36.000,36.000,35.000,31.000,174.000000
20715165.000000,1,36.000,35.000,36.000,36.000,32.000,175.000000
20715508.000000,1,35.000,36.000,35.000,36.000,31.000,173.000000
20715861.000000,1,36.000,36.000,31.000,36.000,31.000,170.000000
20716223.000000,1,34.000,35.000,30.000,35.000,31.000,165.000000
20716571.000000,1,36.000,35.000,30.000,36.000,32.000,169.000000
20716932.000000,1,36.000,36.000,33.000,36.000,31.000,172.000000
20717285.000000,1,35.000,36.000,36.000,35.000,31.000,173.000000
20717630.000000,1,36.000,36.000,35.000,36.000,30.000,173.000000
20717976.000000,1,36.000,35.000,36.000,36.000,25.000,168.000000
20718330.000000,1,36.000,36.000,36.000,36.000,26.000,170.000000
20718688.000000,1,41.000,36.000,36.000,35.000,25.000,173.000000
20719031.000000,1,42.000,35.000,35.000,36.000,27.000,175.000000
20719380.000000,1,41.000,36.000,36.000,36.000,24.000,173.000000
20719727.000000,1,42.000,36.000,36.000,35.000,26.000,175.000000
20720084.000000,1,42.000,36.000,35.000,36.000,25.000,174.000000
20720427.000000,1,41.000,35.000,36.000,36.000,25.000,173.000000
20720777.000000,1,42.000,36.000,36.000,36.000,27.000,177.000000
20721136.000000,1,34.000,35.000,31.000,35.000,26.000,161.000000
20721479.000000,1,32.000,35.000,30.000,36.000,30.000,163.000000
20721844.000000,1,32.000,36.000,30.000,36.000,29.000,163.000000
20722193.000000,1,36.000,36.000,30.000,35.000,30.000,167.000000
20722542.000000,1,35.000,35.000,30.000,36.000,29.000,165.000000
20722883.000000,1,36.000,36.000,30.000,36.000,26.000,164.000000
20723235.000000,1,36.000,36.000,35.000,36.000,26.000,169.000000
20723593.000000,1,36.000,36.000,36.000,35.000,24.000,167.000000
20723950.000000,1,35.000,35.000,35.000,36.000,26.000,167.000000
20724290.000000,1,36.000,36.000,36.000,36.000,26.000,170.000000
20724643.000000,1,36.000,36.000,36.000,35.000,26.000,169.000000
20724995.000000,1,35.000,35.000,35.000,36.000,26.000,167.000000
20725351.000000,1,36.000,36.000,36.000,36.000,27.000,171.000000
20725701.000000,1,36.000,36.000,36.000,36.000,26.000,170.000000
20726054.000000,1,36.000,36.000,36.000,35.000,27.000,170.000000
20726405.000000,1,35.000,35.000,31.000,36.000,27.000,164.000000
20726759.000000,1,36.000,36.000,30.000,36.000,30.000,168.000000
20727113.000000,1,36.000,36.000,30.000,35.000,31.000,168.000000
20727454.000000,1,35.000,34.000,30.000,36.000,32.000,167.000000
20727810.000000,1,36.000,36.000,30.000,36.000,30.000,168.000000
20728159.000000,1,37.000,36.000,36.000,36.000,29.000,174.000000
20728512.000000,1,42.000,35.000,35.000,35.000,27.000,174.000000
20728850.000000,1,38.000,39.000,36.000,36.000,27.000,176.000000
20729204.000000,1,36.000,42.000,36.000,36.000,28.000,178.000000
20729547.000000,1,36.000,41.000,35.000,35.000,29.000,176.000000
20729896.000000,1,35.000,42.000,36.000,36.000,28.000,177.000000
20730257.000000,1,36.000,39.000,36.000,36.000,26.000,173.000000
20730599.000000,1,36.000,36.000,36.000,36.000,25.000,169.000000
20730944.000000,1,36.000,36.000,35.000,35.000,24.000,166.000000
20731300.000000,1,35.000,35.000,36.000,36.000,24.000,166.000000
20731653.000000,1,36.000,36.000,36.000,36.000,25.000,169.000000
20732001.000000,1,36.000,36.000,35.000,35.000,24.000,166.000000
20732351.000000,1,35.000,35.000,36.000,36.000,23.000,165.000000
20732708.000000,1,35.000,34.000,36.000,32.000,26.000,163.000000
20733059.000000,1,36.000,35.000,36.000,30.000,27.000,164.000000
20733410.000000,1,35.000,36.000,35.000,30.000,26.000,162.000000
20733773.000000,1,36.000,36.000,36.000,30.000,26.000,164.000000
20734116.000000,1,36.000,35.000,36.000,31.000,26.000,164.000000
20734461.000000,1,36.000,36.000,35.000,35.000,27.000,169.000000
20734821.000000,1,35.000,36.000,36.000,31.000,26.000,164.000000
20735179.000000,1,36.000,36.000,36.000,31.000,27.000,166.000000
20735535.000000,1,36.000,35.000,34.000,30.000,26.000,161.000000
20735888.000000,1,35.000,36.000,28.000,36.000,25.000,160.000000
20736250.000000,1,36.000,35.000,30.000,35.000,24.000,160.000000
20736604.000000,1,35.000,35.000,33.000,33.000,25.000,161.000000
20736956.000000,1,35.000,36.000,35.000,29.000,26.000,161.000000
20737310.000000,1,36.000,36.000,36.000,30.000,31.000,169.000000
20737671.000000,1,36.000,35.000,35.000,30.000,30.000,166.000000
20738019.000000,1,36.000,36.000,36.000,29.000,27.000,164.000000
20738380.000000,1,35.000,36.000,36.000,31.000,31.000,169.000000
20738731.000000,1,36.000,36.000,36.000,29.000,28.000,165.000000
20739089.000000,1,36.000,35.000,35.000,28.000,25.000,159.000000
20739440.000000,1,35.000,36.000,30.000,31.000,26.000,158.000000
20739788.000000,1,36.000,29.000,30.000,29.000,24.000,148.000000
20740141.000000,1,36.000,31.000,30.000,30.000,25.000,152.000000
20740495.000000,1,36.000,36.000,35.000,30.000,26.000,163.000000
20740853.000000,1,35.000,36.000,36.000,29.000,25.000,161.000000
20741217.000000,1,36.000,36.000,35.000,30.000,26.000,163.000000
20741569.000000,1,36.000,35.000,36.000,31.000,26.000,164.000000
20741934.000000,1,35.000,36.000,36.000,31.000,26.000,164.000000
20742288.000000,1,36.000,36.000,36.000,31.000,26.000,165.000000
20742642.000000,1,36.000,35.000,35.000,30.000,23.000,159.000000
20742993.000000,1,36.000,36.000,36.000,29.000,24.000,161.000000
20743340.000000,1,35.000,36.000,36.000,31.000,29.000,167.000000
20743697.000000,1,36.000,36.000,35.000,31.000,27.000,165.000000
20744046.000000,1,36.000,35.000,36.000,32.000,27.000,166.000000
20744393.000000,1,35.000,32.000,36.000,27.000,26.000,156.000000
20744741.000000,1,36.000,30.000,31.000,26.000,25.000,148.000000
20745093.000000,1,36.000,30.000,30.000,28.000,25.000,149.000000
20745458.000000,1,36.000,30.000,31.000,31.000,26.000,154.000000
20745813.000000,1,35.000,36.000,36.000,29.000,26.000,162.000000
20746162.000000,1,36.000,36.000,36.000,29.000,25.000,162.000000
20746514.000000,1,36.000,36.000,36.000,29.000,25.000,162.000000
20746870.000000,1,35.000,35.000,35.000,30.000,26.000,161.000000
20747215.000000,1,36.000,36.000,36.000,30.000,25.000,163.000000
20747576.000000,1,36.000,36.000,34.000,29.000,25.000,160.000000
20747929.000000,1,36.000,35.000,30.000,30.000,26.000,157.000000
20748281.000000,1,35.000,33.000,33.000,32.000,26.000,159.000000
20748626.000000,1,36.000,32.000,36.000,28.000,24.000,156.000000
20748977.000000,1,36.000,36.000,35.000,28.000,23.000,158.000000
20749316.000000,1,35.000,36.000,36.000,27.000,24.000,158.000000
20749666.000000,1,36.000,35.000,36.000,30.000,25.000,162.000000
20750012.000000,1,36.000,36.000,36.000,28.000,26.000,162.000000
20750365.000000,1,36.000,36.000,35.000,29.000,27.000,163.000000
20750714.000000,1,35.000,36.000,36.000,29.000,27.000,163.000000
20751064.000000,1,36.000,35.000,36.000,31.000,26.000,164.000000
20751421.000000,1,36.000,36.000,35.000,29.000,26.000,162.000000
20751764.000000,1,35.000,36.000,36.000,28.000,26.000,161.000000
20752112.000000,1,36.000,35.000,33.000,30.000,26.000,160.000000
20752470.000000,1,36.000,36.000,30.000,28.000,26.000,156.000000
20752826.000000,1,36.000,36.000,35.000,31.000,26.000,164.000000
20753174.000000,1,35.000,36.000,36.000,30.000,26.000,163.000000
20753536.000000,1,36.000,35.000,36.000,29.000,26.000,162.000000
20753896.000000,1,36.000,36.000,36.000,31.000,25.000,164.000000
20754247.000000,1,35.000,36.000,35.000,31.000,25.000,162.000000
20754607.000000,1,36.000,35.000,36.000,30.000,26.000,163.000000
20754968.000000,1,36.000,36.000,36.000,35.000,23.000,166.000000
20755320.000000,1,36.000,36.000,35.000,28.000,28.000,163.000000
20755661.000000,1,35.000,36.000,36.000,25.000,35.000,167.000000
20756017.000000,1,36.000,35.000,36.000,25.000,31.000,163.000000
20756375.000000,1,36.000,33.000,33.000,26.000,24.000,152.000000
20756715.000000,1,35.000,32.000,35.000,28.000,23.000,153.000000
20757052.000000,1,36.000,36.000,36.000,30.000,24.000,162.000000
20757397.000000,1,36.000,36.000,36.000,29.000,24.000,161.000000
20757747.000000,1,36.000,36.000,36.000,29.000,25.000,162.000000
20758103.000000,1,35.000,35.000,35.000,28.000,26.000,159.000000
20758462.000000,1,36.000,36.000,36.000,30.000,22.000,160.000000
20758813.000000,1,32.000,35.000,32.000,33.000,23.000,155.000000
20759165.000000,1,30.000,36.000,32.000,36.000,23.000,157.000000
20759523.000000,1,33.000,32.000,34.000,31.000,23.000,153.000000
20759873.000000,1,36.000,31.000,36.000,29.000,25.000,157.000000
20760220.000000,1,36.000,32.000,35.000,30.000,25.000,158.000000
20760568.000000,1,35.000,36.000,36.000,30.000,28.000,165.000000
20760928.000000,1,36.000,36.000,36.000,30.000,26.000,164.000000
20761278.000000,1,36.000,35.000,31.000,30.000,26.000,158.000000
20761629.000000,1,35.000,36.000,30.000,29.000,25.000,155.000000
20761981.000000,1,36.000,36.000,34.000,30.000,26.000,162.000000
20762344.000000,1,36.000,36.000,36.000,30.000,26.000,164.000000
20762705.000000,1,36.000,35.000,35.000,30.000,26.000,162.000000
20763066.000000,1,35.000,36.000,36.000,30.000,26.000,163.000000
20763408.000000,1,36.000,36.000,36.000,30.000,25.000,163.000000
20763761.000000,1,36.000,35.000,36.000,29.000,26.000,162.000000
20764110.000000,1,35.000,36.000,35.000,30.000,24.000,160.000000
20764469.000000,1,36.000,36.000,36.000,30.000,25.000,163.000000
20764815.000000,1,36.000,36.000,36.000,30.000,25.000,163.000000
20765164.000000,1,36.000,32.000,35.000,30.000,24.000,157.000000
20765513.000000,1,35.000,29.000,36.000,30.000,23.000,153.000000
20765863.000000,1,36.000,31.000,36.000,30.000,23.000,156.000000
20766222.000000,1,36.000,30.000,36.000,29.000,27.000,158.000000
20766570.000000,1,35.000,33.000,35.000,31.000,25.000,159.000000
20766908.000000,1,36.000,36.000,36.000,30.000,26.000,164.000000
20767262.000000,1,36.000,36.000,36.000,30.000,25.000,163.000000
20767614.000000,1,36.000,36.000,35.000,31.000,25.000,163.000000
20767956.000000,1,35.000,35.000,36.000,29.000,25.000,160.000000
20768321.000000,1,36.000,36.000,36.000,30.000,25.000,163.000000
20768671.000000,1,36.000,36.000,36.000,31.000,26.000,165.000000
20769025.000000,1,35.000,35.000,35.000,28.000,25.000,158.000000
20769383.000000,1,36.000,36.000,36.000,30.000,25.000,163.000000
20769733.000000,1,36.000,36.000,35.000,30.000,26.000,163.000000
20770080.000000,1,36.000,36.000,35.000,29.000,26.000,162.000000
20770430.000000,1,35.000,35.000,36.000,30.000,25.000,161.000000
20770775.000000,1,36.000,36.000,36.000,30.000,25.000,163.000000
20771128.000000,1,36.000,32.000,35.000,30.000,25.000,158.000000
20771480.000000,1,35.000,30.000,36.000,30.000,26.000,157.000000
20771833.000000,1,36.000,30.000,36.000,28.000,26.000,156.000000
20772196.000000,1,36.000,29.000,36.000,28.000,24.000,153.000000
20772561.000000,1,36.000,30.000,35.000,31.000,24.000,156.000000
20772908.000000,1,35.000,35.000,36.000,26.000,23.000,155.000000
20773266.000000,1,36.000,35.000,36.000,26.000,23.000,156.000000
20773623.000000,1,36.000,36.000,35.000,26.000,23.000,156.000000
20773988.000000,1,35.000,33.000,36.000,26.000,24.000,154.000000
20774349.000000,1,36.000,34.000,36.000,26.000,22.000,154.000000
20774707.000000,1,36.000,35.000,36.000,25.000,24.000,156.000000
20775063.000000,1,36.000,36.000,31.000,26.000,24.000,153.000000
20775409.000000,1,35.000,36.000,36.000,26.000,22.000,155.000000
20775758.000000,1,36.000,36.000,36.000,26.000,23.000,157.000000
20776104.000000,1,36.000,35.000,35.000,31.000,24.000,161.000000
20776458.000000,1,35.000,36.000,36.000,32.000,23.000,162.000000
20776813.000000,1,36.000,36.000,36.000,31.000,23.000,162.000000
20777174.000000,1,36.000,35.000,35.000,31.000,24.000,161.000000
20777537.000000,1,36.000,36.000,36.000,29.000,23.000,160.000000
20777890.000000,1,35.000,33.000,36.000,27.000,24.000,155.000000
20778232.000000,1,36.000,36.000,36.000,27.000,26.000,161.000000
20778581.000000,1,36.000,36.000,35.000,25.000,26.000,158.000000
20778932.000000,1,35.000,35.000,36.000,31.000,25.000,162.000000
20779281.000000,1,36.000,36.000,36.000,31.000,25.000,164.000000
20779634.000000,1,36.000,36.000,35.000,32.000,27.000,166.000000
20779983.000000,1,36.000,36.000,36.000,31.000,26.000,165.000000
20780337.000000,1,35.000,35.000,35.000,31.000,25.000,161.000000
20780689.000000,1,36.000,32.000,36.000,31.000,26.000,161.000000
20781048.000000,1,36.000,36.000,36.000,32.000,23.000,163.000000
20781391.000000,1,35.000,36.000,35.000,31.000,26.000,163.000000
20781727.000000,1,36.000,35.000,36.000,27.000,25.000,159.000000
20782088.000000,1,36.000,36.000,36.000,26.000,24.000,158.000000
20782446.000000,1,36.000,32.000,36.000,26.000,24.000,154.000000
20782796.000000,1,35.000,30.000,35.000,26.000,24.000,150.000000
20783145.000000,1,36.000,33.000,33.000,25.000,25.000,152.000000
20783507.000000,1,36.000,32.000,34.000,27.000,24.000,153.000000
20783861.000000,1,35.000,29.000,35.000,26.000,24.000,149.000000
20784214.000000,1,36.000,30.000,36.000,26.000,24.000,152.000000
20784566.000000,1,36.000,30.000,36.000,26.000,23.000,151.000000
20784927.000000,1,36.000,30.000,35.000,27.000,23.000,151.000000
20785284.000000,1,35.000,33.000,32.000,26.000,24.000,150.000000
20785648.000000,1,36.000,30.000,36.000,26.000,24.000,152.000000
20785997.000000,1,36.000,31.000,36.000,29.000,26.000,158.000000
20786347.000000,1,35.000,35.000,32.000,34.000,24.000,160.000000
20786706.000000,1,36.000,36.000,33.000,31.000,27.000,163.000000
20787055.000000,1,36.000,36.000,34.000,28.000,26.000,160.000000
20787403.000000,1,36.000,35.000,35.000,26.000,25.000,157.000000
20787759.000000,1,35.000,36.000,36.000,25.000,25.000,157.000000
20788107.000000,1,36.000,36.000,36.000,23.000,26.000,157.000000
20788466.000000,1,36.000,36.000,31.000,25.000,25.000,153.000000
20788823.000000,1,35.000,35.000,30.000,25.000,24.000,149.000000
20789180.000000,1,36.000,36.000,30.000,26.000,25.000,153.000000
20789530.000000,1,36.000,33.000,35.000,26.000,25.000,155.000000
20789885.000000,1,36.000,36.000,36.000,31.000,25.000,164.000000
20790247.000000,1,35.000,35.000,35.000,30.000,23.000,158.000000
20790595.000000,1,36.000,36.000,36.000,31.000,26.000,165.000000
20790955.000000,1,36.000,36.000,36.000,30.000,25.000,163.000000
20791310.000000,1,35.000,36.000,34.000,28.000,24.000,157.000000
20791650.000000,1,36.000,35.000,36.000,28.000,23.000,158.000000
20792003.000000,1,36.000,33.000,36.000,26.000,26.000,157.000000
20792358.000000,1,36.000,32.000,35.000,30.000,26.000,159.000000
20792716.000000,1,35.000,36.000,35.000,28.000,25.000,159.000000
20793075.000000,1,36.000,33.000,36.000,27.000,25.000,157.000000
20793430.000000,1,36.000,35.000,36.000,30.000,24.000,161.000000
20793792.000000,1,35.000,35.000,36.000,30.000,25.000,161.000000
20794149.000000,1,36.000,36.000,35.000,29.000,24.000,160.000000
20794504.000000,1,36.000,36.000,36.000,31.000,23.000,162.000000
20794861.000000,1,36.000,35.000,36.000,30.000,24.000,161.000000
20795209.000000,1,35.000,36.000,35.000,31.000,24.000,161.000000
20795557.000000,1,36.000,36.000,36.000,31.000,24.000,163.000000
20795910.000000,1,36.000,36.000,36.000,31.000,25.000,164.000000
20796270.000000,1,35.000,35.000,36.000,30.000,25.000,161.000000
20796620.000000,1,36.000,36.000,35.000,31.000,24.000,162.000000
20796981.000000,1,36.000,36.000,36.000,26.000,24.000,158.000000
20797337.000000,1,36.000,35.000,36.000,26.000,24.000,157.000000
20797690.000000,1,35.000,36.000,35.000,26.000,26.000,158.000000
20798060.000000,1,36.000,36.000,36.000,25.000,28.000,161.000000
20798417.000000,1,36.000,36.000,36.000,29.000,30.000,167.000000
20798765.000000,1,35.000,35.000,34.000,31.000,26.000,161.000000
20799128.000000,1,36.000,35.000,36.000,31.000,25.000,163.000000
20799483.000000,1,36.000,36.000,35.000,30.000,27.000,164.000000
20799841.000000,1,36.000,36.000,36.000,25.000,31.000,164.000000
20800195.000000,1,35.000,35.000,36.000,26.000,28.000,160.000000
20800554.000000,1,36.000,36.000,36.000,26.000,26.000,160.000000
20800912.000000,1,36.000,36.000,35.000,29.000,25.000,161.000000
20801270.000000,1,35.000,36.000,36.000,30.000,26.000,163.000000
20801629.000000,1,36.000,35.000,36.000,30.000,25.000,162.000000
20801986.000000,1,36.000,36.000,35.000,29.000,26.000,162.000000
20802353.000000,1,36.000,36.000,36.000,29.000,25.000,162.000000
20802702.000000,1,35.000,35.000,36.000,26.000,27.000,159.000000
20803059.000000,1,36.000,36.000,36.000,25.000,25.000,158.000000
20803406.000000,1,36.000,36.000,35.000,26.000,26.000,159.000000
20803759.000000,1,35.000,36.000,36.000,27.000,26.000,160.000000
20804108.000000,1,36.000,35.000,36.000,29.000,25.000,161.000000
20804465.000000,1,36.000,36.000,35.000,31.000,26.000,164.000000
20804813.000000,1,36.000,36.000,36.000,32.000,25.000,165.000000
20805168.000000,1,35.000,35.000,36.000,31.000,25.000,162.000000
20805519.000000,1,36.000,36.000,36.000,31.000,25.000,164.000000
20805851.000000,1,36.000,36.000,35.000,31.000,25.000,163.000000
20806194.000000,1,35.000,36.000,36.000,32.000,26.000,165.000000
20806549.000000,1,36.000,35.000,36.000,31.000,25.000,163.000000
20806911.000000,1,36.000,36.000,35.000,31.000,25.000,163.000000
20807272.000000,1,36.000,36.000,36.000,31.000,25.000,164.000000
20807633.000000,1,35.000,35.000,36.000,32.000,27.000,165.000000
20807975.000000,1,36.000,36.000,36.000,31.000,25.000,164.000000
20808320.000000,1,36.000,36.000,35.000,31.000,24.000,162.000000
20808677.000000,1,35.000,36.000,36.000,31.000,27.000,165.000000
20809035.000000,1,36.000,35.000,36.000,32.000,26.000,165.000000
20809392.000000,1,36.000,36.000,35.000,31.000,26.000,164.000000
20809755.000000,1,36.000,36.000,36.000,28.000,27.000,163.000000
20810117.000000,1,35.000,35.000,36.000,31.000,26.000,163.000000
20810474.000000,1,36.000,36.000,36.000,30.000,25.000,163.000000
20810831.000000,1,36.000,36.000,35.000,30.000,26.000,163.000000
20811185.000000,1,35.000,36.000,36.000,30.000,25.000,162.000000
20811515.000000,1,36.000,35.000,36.000,31.000,26.000,164.000000
20811859.000000,1,36.000,36.000,35.000,31.000,27.000,165.000000
20812213.000000,1,36.000,34.000,36.000,27.000,26.000,159.000000
20812554.000000,1,35.000,29.000,36.000,27.000,25.000,152.000000
20812907.000000,1,36.000,36.000,36.000,29.000,26.000,163.000000
20813253.000000,1,36.000,31.000,34.000,25.000,24.000,150.000000
20813606.000000,2,35.000,30.000,35.000,29.000,25.000,154.000000
20813959.000000,2,0.000,0.000,0.000,0.000,1.000,1.000000
20814317.000000,2,0.000,0.000,0.000,0.000,0.000,0.000000
20814671.000000,2,0.000,0.000,0.000,0.000,0.000,0.000000
20815029.000000,2,0.000,0.000,0.000,0.000,0.000,0.000000
20815389.000000,2,0.000,0.000,0.000,0.000,0.000,0.000000
20815745.000000,2,0.000,0.000,0.000,0.000,0.000,0.000000
20816105.000000,2,0.000,0.000,0.000,0.000,0.000,0.000000
20816451.000000,2,0.000,0.000,0.000,0.000,0.000,0.000000
20816804.000000,2,5.000,0.000,0.000,0.000,0.000,5.000000
20817163.000000,2,12.000,0.000,0.000,0.000,0.000,12.000000
20817519.000000,2,26.000,19.000,0.000,0.000,0.000,45.000000
20817878.000000,2,22.000,23.000,0.000,0.000,0.000,45.000000
20818233.000000,2,24.000,0.000,0.000,0.000,0.000,24.000000
20818592.000000,2,7.000,0.000,0.000,0.000,0.000,7.000000
20818941.000000,2,0.000,0.000,0.000,0.000,0.000,0.000000
20819289.000000,2,0.000,0.000,0.000,0.000,0.000,0.000000
20819639.000000,2,0.000,0.000,0.000,0.000,0.000,0.000000
20819999.000000,2,14.000,0.000,0.000,0.000,0.000,14.000000
20820355.000000,2,26.000,0.000,0.000,0.000,0.000,26.000000
20820699.000000,2,24.000,0.000,0.000,0.000,0.000,24.000000
20821055.000000,2,25.000,8.000,0.000,0.000,0.000,33.000000
20821412.000000,2,26.000,0.000,0.000,0.000,0.000,26.000000
20821764.000000,2,9.000,0.000,0.000,0.000,0.000,9.000000
20822120.000000,2,0.000,0.000,0.000,0.000,0.000,0.000000
20822472.000000,2,0.000,0.000,0.000,0.000,0.000,0.000000
20822826.000000,2,0.000,0.000,0.000,0.000,0.000,0.000000
20823178.000000,2,0.000,0.000,0.000,0.000,0.000,0.000000
20823532.000000,2,0.000,0.000,0.000,0.000,0.000,0.000000
20823887.000000,2,0.000,0.000,0.000,0.000,0.000,0.000000
20824232.000000,2,0.000,0.000,0.000,0.000,0.000,0.000000
20824588.000000,2,0.000,0.000,0.000,0.000,0.000,0.000000
20824938.000000,2,0.000,0.000,0.000,0.000,0.000,0.000000
20825296.000000,2,0.000,0.000,0.000,0.000,0.000,0.000000
20825656.000000,2,7.000,0.000,0.000,0.000,0.000,7.000000
20826004.000000,2,23.000,0.000,0.000,0.000,0.000,23.000000
20826359.000000,2,23.000,0.000,0.000,0.000,0.000,23.000000
20826715.000000,2,23.000,0.000,0.000,0.000,0.000,23.000000
20827069.000000,2,23.000,19.000,0.000,0.000,0.000,42.000000
20827430.000000,2,25.000,23.000,2.000,0.000,0.000,50.000000
20827775.000000,2,27.000,7.000,4.000,0.000,0.000,38.000000
20828135.000000,2,25.000,0.000,0.000,0.000,0.000,25.000000
20828486.000000,2,27.000,0.000,0.000,0.000,0.000,27.000000
20828834.000000,2,27.000,0.000,0.000,0.000,0.000,27.000000
20829185.000000,2,26.000,0.000,0.000,0.000,0.000,26.000000
20829549.000000,2,15.000,0.000,0.000,0.000,0.000,15.000000
20829900.000000,2,0.000,0.000,0.000,0.000,0.000,0.000000
20830256.000000,2,0.000,0.000,0.000,0.000,0.000,0.000000
20830620.000000,2,0.000,0.000,0.000,0.000,0.000,0.000000
20830975.000000,2,0.000,0.000,0.000,0.000,0.000,0.000000
20831327.000000,2,0.000,0.000,0.000,0.000,0.000,0.000000
20831686.000000,2,0.000,0.000,0.000,0.000,0.000,0.000000
20832039.000000,2,0.000,0.000,0.000,0.000,0.000,0.000000
20832388.000000,2,0.000,0.000,0.000,0.000,0.000,0.000000
20832739.000000,2,0.000,0.000,0.000,0.000,0.000,0.000000
20833101.000000,2,3.000,0.000,0.000,0.000,0.000,3.000000
20833436.000000,2,0.000,0.000,0.000,0.000,0.000,0.000000
20833795.000000,2,0.000,0.000,0.000,0.000,0.000,0.000000
20834150.000000,2,0.000,0.000,0.000,0.000,0.000,0.000000
20834513.000000,2,0.000,0.000,0.000,0.000,0.000,0.000000
20834870.000000,2,0.000,0.000,0.000,0.000,0.000,0.000000
20835215.000000,2,4.000,0.000,0.000,0.000,0.000,4.000000
20835575.000000,2,22.000,5.000,0.000,0.000,0.000,27.000000
20835919.000000,2,21.000,0.000,0.000,0.000,0.000,21.000000
20836274.000000,2,0.000,0.000,0.000,0.000,0.000,0.000000
20836625.000000,2,0.000,0.000,0.000,0.000,0.000,0.000000
20836977.000000,2,0.000,0.000,0.000,0.000,0.000,0.000000
20837326.000000,2,0.000,0.000,0.000,0.000,0.000,0.000000
20837684.000000,2,0.000,0.000,0.000,0.000,0.000,0.000000
20838042.000000,2,0.000,0.000,0.000,0.000,0.000,0.000000
20838386.000000,2,0.000,0.000,0.000,0.000,0.000,0.000000
20838741.000000,2,0.000,0.000,0.000,0.000,0.000,0.000000
20839090.000000,2,0.000,0.000,0.000,0.000,0.000,0.000000
20839444.000000,2,0.000,0.000,0.000,0.000,0.000,0.000000
20839793.000000,2,0.000,0.000,0.000,0.000,0.000,0.000000
20840150.000000,2,0.000,0.000,0.000,0.000,0.000,0.000000
20840506.000000,2,0.000,0.000,0.000,0.000,0.000,0.000000
20840854.000000,2,0.000,0.000,0.000,0.000,0.000,0.000000
20841210.000000,2,0.000,0.000,0.000,0.000,0.000,0.000000
20841561.000000,2,0.000,0.000,0.000,0.000,0.000,0.000000
20841904.000000,2,0.000,0.000,0.000,0.000,0.000,0.000000
20842256.000000,2,0.000,0.000,0.000,0.000,0.000,0.000000
20842605.000000,2,2.000,0.000,0.000,0.000,0.000,2.000000
20842957.000000,2,6.000,0.000,0.000,0.000,0.000,6.000000
20843304.000000,2,0.000,0.000,0.000,0.000,0.000,0.000000
20843656.000000,2,0.000,0.000,0.000,0.000,0.000,0.000000
20844003.000000,2,17.000,0.000,0.000,0.000,0.000,17.000000
20844351.000000,2,22.000,12.000,0.000,0.000,0.000,34.000000
20844699.000000,2,24.000,3.000,0.000,0.000,0.000,27.000000
20845062.000000,2,21.000,0.000,0.000,0.000,0.000,21.000000
20845420.000000,2,0.000,0.000,0.000,0.000,0.000,0.000000
20845781.000000,2,0.000,0.000,0.000,0.000,0.000,0.000000
20846147.000000,2,0.000,0.000,0.000,0.000,0.000,0.000000
20846504.000000,2,0.000,0.000,0.000,0.000,0.000,0.000000
20846874.000000,2,0.000,0.000,0.000,0.000,0.000,0.000000
20847233.000000,2,0.000,0.000,0.000,0.000,0.000,0.000000
20847589.000000,2,6.000,0.000,0.000,0.000,0.000,6.000000
20847938.000000,2,0.000,0.000,0.000,0.000,0.000,0.000000
20848300.000000,2,0.000,0.000,0.000,0.000,0.000,0.000000
20848653.000000,2,0.000,0.000,0.000,0.000,0.000,0.000000
20849004.000000,2,0.000,0.000,0.000,0.000,0.000,0.000000
20849367.000000,2,0.000,0.000,0.000,0.000,0.000,0.000000
20849727.000000,2,0.000,0.000,0.000,0.000,0.000,0.000000
20850092.000000,2,0.000,0.000,0.000,0.000,0.000,0.000000
20850454.000000,2,0.000,0.000,0.000,0.000,0.000,0.000000
20850809.000000,2,0.000,0.000,0.000,0.000,0.000,0.000000
20851164.000000,2,0.000,0.000,0.000,0.000,0.000,0.000000
20851522.000000,2,0.000,0.000,0.000,0.000,0.000,0.000000
20851872.000000,2,0.000,0.000,0.000,0.000,0.000,0.000000
20852216.000000,2,16.000,0.000,0.000,0.000,0.000,16.000000
20852575.000000,2,0.000,0.000,0.000,0.000,0.000,0.000000
20852925.000000,2,0.000,0.000,0.000,0.000,0.000,0.000000
20853275.000000,2,0.000,0.000,0.000,0.000,0.000,0.000000
20853615.000000,2,0.000,0.000,0.000,0.000,0.000,0.000000
20853958.000000,2,0.000,0.000,0.000,0.000,0.000,0.000000
20854313.000000,2,0.000,0.000,0.000,0.000,0.000,0.000000
20854661.000000,2,0.000,0.000,0.000,0.000,0.000,0.000000
20855010.000000,2,0.000,0.000,0.000,0.000,0.000,0.000000
20855359.000000,2,0.000,0.000,0.000,0.000,0.000,0.000000
20855694.000000,2,0.000,0.000,0.000,0.000,0.000,0.000000
20856030.000000,2,0.000,0.000,0.000,0.000,0.000,0.000000
20856383.000000,2,0.000,0.000,0.000,0.000,0.000,0.000000
20856736.000000,2,24.000,0.000,0.000,0.000,0.000,24.000000
20857086.000000,2,25.000,0.000,0.000,0.000,0.000,25.000000
20857429.000000,2,26.000,4.000,0.000,0.000,0.000,30.000000
20857780.000000,2,26.000,0.000,0.000,0.000,0.000,26.000000
20858126.000000,2,14.000,0.000,0.000,0.000,0.000,14.000000
20858472.000000,2,0.000,0.000,0.000,0.000,0.000,0.000000
20858827.000000,2,0.000,0.000,0.000,0.000,0.000,0.000000
20859177.000000,2,0.000,0.000,0.000,0.000,0.000,0.000000
20859527.000000,2,13.000,0.000,0.000,0.000,0.000,13.000000
20859875.000000,2,21.000,0.000,0.000,0.000,0.000,21.000000
20860219.000000,2,0.000,0.000,0.000,0.000,0.000,0.000000
20860566.000000,2,25.000,0.000,0.000,0.000,0.000,25.000000
20860916.000000,2,25.000,0.000,0.000,0.000,0.000,25.000000
20861268.000000,2,24.000,0.000,0.000,0.000,0.000,24.000000
20861619.000000,2,26.000,0.000,0.000,0.000,0.000,26.000000
20861962.000000,2,25.000,0.000,0.000,0.000,0.000,25.000000
20862310.000000,2,0.000,0.000,0.000,0.000,0.000,0.000000
20862656.000000,2,19.000,3.000,0.000,0.000,0.000,22.000000
20862993.000000,2,25.000,0.000,0.000,0.000,0.000,25.000000
20863351.000000,2,26.000,0.000,0.000,0.000,0.000,26.000000
20863706.000000,2,15.000,0.000,0.000,0.000,0.000,15.000000
20864068.000000,2,0.000,0.000,0.000,0.000,0.000,0.000000
20864427.000000,2,0.000,0.000,0.000,0.000,0.000,0.000000
20864770.000000,2,0.000,0.000,0.000,0.000,0.000,0.000000
20865121.000000,2,0.000,0.000,0.000,0.000,0.000,0.000000
20865460.000000,2,29.000,0.000,0.000,0.000,0.000,29.000000
20865809.000000,2,29.000,0.000,0.000,0.000,0.000,29.000000
20866156.000000,2,31.000,0.000,0.000,0.000,0.000,31.000000
20866508.000000,2,26.000,9.000,0.000,0.000,0.000,35.000000
20866853.000000,2,30.000,0.000,0.000,0.000,0.000,30.000000
20867198.000000,2,2.000,0.000,0.000,0.000,0.000,2.000000
20867544.000000,2,0.000,0.000,0.000,0.000,0.000,0.000000
20867898.000000,2,0.000,0.000,0.000,0.000,0.000,0.000000
20868253.000000,2,0.000,0.000,0.000,0.000,0.000,0.000000
20868600.000000,2,0.000,0.000,0.000,0.000,0.000,0.000000
20868952.000000,2,14.000,0.000,0.000,0.000,0.000,14.000000
20869305.000000,2,25.000,0.000,0.000,0.000,0.000,25.000000
20869650.000000,2,15.000,0.000,0.000,0.000,0.000,15.000000
20870001.000000,2,15.000,0.000,0.000,0.000,0.000,15.000000
20870344.000000,2,27.000,0.000,0.000,0.000,0.000,27.000000
20870698.000000,2,26.000,0.000,0.000,0.000,0.000,26.000000
20871047.000000,2,26.000,0.000,0.000,0.000,0.000,26.000000
20871400.000000,2,26.000,0.000,0.000,0.000,0.000,26.000000
20871745.000000,2,26.000,0.000,0.000,0.000,0.000,26.000000
20872100.000000,2,25.000,0.000,0.000,0.000,0.000,25.000000
20872447.000000,2,25.000,0.000,0.000,0.000,0.000,25.000000
20872790.000000,2,26.000,0.000,0.000,0.000,0.000,26.000000
20873143.000000,2,26.000,0.000,0.000,0.000,0.000,26.000000
20873498.000000,2,26.000,0.000,0.000,0.000,0.000,26.000000
20873842.000000,2,26.000,0.000,0.000,0.000,0.000,26.000000
20874189.000000,2,23.000,0.000,0.000,0.000,0.000,23.000000
20874536.000000,2,24.000,0.000,0.000,0.000,0.000,24.000000
20874885.000000,2,26.000,0.000,0.000,0.000,0.000,26.000000
20875245.000000,2,25.000,14.000,0.000,0.000,0.000,39.000000
20875596.000000,2,21.000,0.000,0.000,0.000,0.000,21.000000
20875937.000000,2,0.000,0.000,0.000,0.000,0.000,0.000000
20876279.000000,2,0.000,0.000,0.000,0.000,0.000,0.000000
20876630.000000,2,0.000,0.000,0.000,0.000,0.000,0.000000
20876977.000000,2,0.000,0.000,0.000,0.000,0.000,0.000000
20877331.000000,2,0.000,0.000,0.000,0.000,0.000,0.000000
20877669.000000,2,0.000,0.000,0.000,0.000,0.000,0.000000
20878011.000000,2,12.000,0.000,0.000,0.000,0.000,12.000000
20878365.000000,2,0.000,0.000,0.000,0.000,0.000,0.000000
20878718.000000,2,17.000,0.000,0.000,0.000,0.000,17.000000
20879064.000000,2,0.000,0.000,0.000,0.000,0.000,0.000000
20879416.000000,2,14.000,0.000,0.000,0.000,0.000,14.000000
20879764.000000,2,28.000,0.000,0.000,0.000,0.000,28.000000
20880107.000000,2,24.000,0.000,0.000,0.000,0.000,24.000000
20880451.000000,2,8.000,0.000,0.000,0.000,0.000,8.000000
20880803.000000,2,0.000,0.000,0.000,0.000,0.000,0.000000
20881155.000000,2,0.000,0.000,0.000,0.000,0.000,0.000000
20881504.000000,2,0.000,0.000,0.000,0.000,0.000,0.000000
20881856.000000,2,5.000,0.000,0.000,0.000,0.000,5.000000
20882201.000000,2,27.000,0.000,0.000,0.000,0.000,27.000000
20882544.000000,2,25.000,6.000,0.000,0.000,0.000,31.000000
20882886.000000,2,25.000,0.000,0.000,0.000,0.000,25.000000
20883228.000000,2,11.000,0.000,0.000,0.000,0.000,11.000000
20883581.000000,2,21.000,0.000,0.000,0.000,0.000,21.000000
20883942.000000,2,18.000,0.000,0.000,0.000,0.000,18.000000
20884299.000000,2,0.000,0.000,0.000,0.000,0.000,0.000000
20884658.000000,2,19.000,0.000,0.000,0.000,0.000,19.000000
20885015.000000,2,15.000,0.000,0.000,0.000,0.000,15.000000
20885356.000000,2,13.000,0.000,0.000,0.000,0.000,13.000000
20885701.000000,2,20.000,0.000,0.000,0.000,0.000,20.000000
20886041.000000,2,27.000,0.000,0.000,0.000,0.000,27.000000
20886399.000000,2,30.000,0.000,0.000,0.000,0.000,30.000000
20886740.000000,2,30.000,0.000,0.000,0.000,0.000,30.000000
20887084.000000,2,27.000,0.000,0.000,0.000,0.000,27.000000
20887437.000000,2,10.000,0.000,0.000,0.000,0.000,10.000000
20887780.000000,2,0.000,0.000,0.000,0.000,0.000,0.000000
20888139.000000,2,0.000,0.000,0.000,0.000,0.000,0.000000
20888482.000000,2,0.000,0.000,0.000,0.000,0.000,0.000000
20888824.000000,2,0.000,0.000,0.000,0.000,0.000,0.000000
20889172.000000,2,0.000,0.000,0.000,0.000,0.000,0.000000
20889512.000000,2,0.000,0.000,0.000,0.000,0.000,0.000000
20889864.000000,2,0.000,0.000,0.000,0.000,0.000,0.000000
20890207.000000,2,0.000,0.000,0.000,0.000,0.000,0.000000
20890562.000000,2,4.000,0.000,0.000,0.000,0.000,4.000000
20890917.000000,2,17.000,0.000,0.000,0.000,0.000,17.000000
20891266.000000,2,2.000,0.000,0.000,0.000,0.000,2.000000
20891607.000000,2,26.000,0.000,0.000,0.000,0.000,26.000000
20891960.000000,2,31.000,0.000,0.000,0.000,0.000,31.000000
20892318.000000,2,4.000,0.000,0.000,0.000,0.000,4.000000
20892670.000000,2,0.000,0.000,0.000,0.000,0.000,0.000000
20893018.000000,2,0.000,0.000,0.000,0.000,0.000,0.000000
20893364.000000,2,0.000,0.000,0.000,0.000,0.000,0.000000
20893716.000000,2,7.000,0.000,0.000,0.000,0.000,7.000000
20894055.000000,2,26.000,17.000,0.000,0.000,0.000,43.000000
20894407.000000,2,25.000,0.000,0.000,0.000,0.000,25.000000
20894753.000000,2,26.000,0.000,0.000,0.000,0.000,26.000000
20895105.000000,2,25.000,0.000,0.000,0.000,0.000,25.000000
20895449.000000,2,25.000,0.000,0.000,0.000,0.000,25.000000
20895803.000000,2,26.000,0.000,0.000,0.000,0.000,26.000000
20896155.000000,2,25.000,0.000,0.000,0.000,0.000,25.000000
20896501.000000,2,26.000,0.000,0.000,0.000,0.000,26.000000
20896858.000000,2,25.000,0.000,0.000,0.000,0.000,25.000000
20897213.000000,2,25.000,0.000,0.000,0.000,0.000,25.000000
20897559.000000,2,25.000,0.000,0.000,0.000,0.000,25.000000
20897917.000000,2,25.000,0.000,0.000,0.000,0.000,25.000000
20898266.000000,2,25.000,0.000,0.000,0.000,0.000,25.000000
20898606.000000,2,26.000,0.000,0.000,0.000,0.000,26.000000
20898958.000000,2,0.000,0.000,0.000,0.000,0.000,0.000000
20899310.000000,2,0.000,0.000,0.000,0.000,0.000,0.000000
20899656.000000,2,0.000,0.000,0.000,0.000,0.000,0.000000
20900004.000000,2,16.000,0.000,0.000,0.000,0.000,16.000000
20900350.000000,2,8.000,0.000,0.000,0.000,0.000,8.000000
20900684.000000,2,14.000,0.000,0.000,0.000,0.000,14.000000
20901021.000000,2,23.000,0.000,0.000,0.000,0.000,23.000000
20901363.000000,2,0.000,0.000,0.000,0.000,0.000,0.000000
20901714.000000,2,0.000,0.000,0.000,0.000,0.000,0.000000
20902062.000000,2,15.000,0.000,0.000,0.000,0.000,15.000000
20902420.000000,2,20.000,8.000,0.000,0.000,0.000,28.000000
20902767.000000,2,23.000,17.000,0.000,0.000,0.000,40.000000
20903120.000000,2,16.000,0.000,0.000,0.000,0.000,16.000000
20903474.000000,2,19.000,0.000,0.000,0.000,0.000,19.000000
20903822.000000,2,17.000,0.000,0.000,0.000,0.000,17.000000
20904165.000000,2,21.000,8.000,0.000,0.000,0.000,29.000000
20904508.000000,2,19.000,0.000,0.000,0.000,0.000,19.000000
20904856.000000,2,20.000,7.000,0.000,0.000,0.000,27.000000
20905207.000000,2,18.000,4.000,0.000,0.000,0.000,22.000000
20905563.000000,2,17.000,0.000,0.000,0.000,0.000,17.000000
20905907.000000,2,17.000,0.000,0.000,0.000,0.000,17.000000
20906258.000000,2,19.000,5.000,0.000,0.000,0.000,24.000000
20906608.000000,2,25.000,16.000,0.000,0.000,0.000,41.000000
20906952.000000,2,20.000,8.000,0.000,0.000,0.000,28.000000
20907296.000000,2,18.000,0.000,0.000,0.000,0.000,18.000000
20907645.000000,2,18.000,0.000,0.000,0.000,0.000,18.000000
20907982.000000,2,19.000,0.000,0.000,0.000,0.000,19.000000
20908336.000000,2,12.000,0.000,0.000,0.000,0.000,12.000000
20908678.000000,2,0.000,0.000,0.000,0.000,0.000,0.000000
20909027.000000,2,0.000,0.000,0.000,0.000,0.000,0.000000
20909371.000000,2,0.000,0.000,0.000,0.000,0.000,0.000000
20909718.000000,2,0.000,0.000,0.000,0.000,0.000,0.000000
20910072.000000,2,0.000,0.000,0.000,0.000,0.000,0.000000
20910421.000000,2,0.000,0.000,0.000,0.000,0.000,0.000000
20910763.000000,2,0.000,0.000,0.000,0.000,0.000,0.000000
20911103.000000,2,0.000,0.000,0.000,0.000,0.000,0.000000
20911458.000000,2,0.000,0.000,0.000,0.000,0.000,0.000000
20911807.000000,2,3.000,0.000,0.000,0.000,0.000,3.000000
20912158.000000,2,0.000,0.000,0.000,0.000,0.000,0.000000
20912519.000000,2,4.000,0.000,0.000,0.000,0.000,4.000000
20912866.000000,2,6.000,0.000,0.000,0.000,0.000,6.000000
20913217.000000,2,0.000,0.000,0.000,0.000,0.000,0.000000
20913566.000000,2,8.000,0.000,0.000,0.000,0.000,8.000000
20913916.000000,2,0.000,0.000,0.000,0.000,0.000,0.000000
20914274.000000,2,0.000,0.000,0.000,0.000,0.000,0.000000
20914631.000000,2,3.000,0.000,0.000,0.000,0.000,3.000000
20914978.000000,2,8.000,0.000,0.000,0.000,0.000,8.000000
20915325.000000,2,4.000,0.000,0.000,0.000,0.000,4.000000
20915678.000000,2,16.000,0.000,0.000,0.000,0.000,16.000000
20916033.000000,2,17.000,0.000,0.000,0.000,0.000,17.000000
20916382.000000,2,18.000,0.000,0.000,0.000,0.000,18.000000
20916729.000000,2,18.000,0.000,0.000,0.000,0.000,18.000000
20917085.000000,2,19.000,0.000,0.000,0.000,0.000,19.000000
20917433.000000,2,18.000,0.000,0.000,0.000,0.000,18.000000
20917782.000000,2,12.000,0.000,0.000,0.000,0.000,12.000000
20918130.000000,2,16.000,0.000,0.000,0.000,0.000,16.000000
20918478.000000,2,20.000,6.000,0.000,0.000,0.000,26.000000
20918826.000000,2,21.000,0.000,0.000,0.000,0.000,21.000000
20919173.000000,2,18.000,0.000,0.000,0.000,0.000,18.000000
20919518.000000,2,18.000,0.000,0.000,0.000,0.000,18.000000
20919862.000000,2,18.000,0.000,0.000,0.000,0.000,18.000000
20920211.000000,2,20.000,5.000,0.000,0.000,0.000,25.000000
20920562.000000,2,26.000,17.000,0.000,0.000,0.000,43.000000
20920911.000000,2,23.000,13.000,0.000,0.000,0.000,36.000000
20921259.000000,2,17.000,0.000,0.000,0.000,0.000,17.000000
20921603.000000,2,17.000,0.000,0.000,0.000,0.000,17.000000
20921940.000000,2,18.000,0.000,0.000,0.000,0.000,18.000000
20922287.000000,2,23.000,14.000,0.000,0.000,0.000,37.000000
20922629.000000,2,23.000,19.000,0.000,0.000,0.000,42.000000
20922975.000000,2,23.000,12.000,0.000,0.000,0.000,35.000000
20923324.000000,2,16.000,0.000,0.000,0.000,0.000,16.000000
20923665.000000,2,17.000,0.000,0.000,0.000,0.000,17.000000
20924004.000000,2,22.000,17.000,4.000,0.000,0.000,43.000000
20924347.000000,2,21.000,7.000,0.000,0.000,0.000,28.000000
20924688.000000,2,19.000,0.000,0.000,0.000,0.000,19.000000
20925048.000000,2,18.000,3.000,0.000,0.000,0.000,21.000000
20925412.000000,2,20.000,6.000,0.000,0.000,0.000,26.000000
20925765.000000,2,16.000,0.000,0.000,0.000,0.000,16.000000
20926109.000000,2,16.000,0.000,0.000,0.000,0.000,16.000000
20926464.000000,2,24.000,0.000,0.000,0.000,0.000,24.000000
20926813.000000,2,17.000,0.000,0.000,0.000,0.000,17.000000
20927172.000000,2,0.000,0.000,0.000,0.000,0.000,0.000000
20927518.000000,2,11.000,4.000,0.000,0.000,0.000,15.000000
20927880.000000,2,16.000,0.000,0.000,0.000,0.000,16.000000
20928243.000000,2,20.000,0.000,0.000,0.000,0.000,20.000000
20928582.000000,2,19.000,0.000,0.000,0.000,0.000,19.000000
20928937.000000,2,0.000,0.000,0.000,0.000,0.000,0.000000
20929292.000000,2,0.000,0.000,0.000,0.000,0.000,0.000000
20929650.000000,2,0.000,0.000,0.000,0.000,0.000,0.000000
20930006.000000,2,0.000,0.000,0.000,0.000,0.000,0.000000
20930345.000000,2,0.000,0.000,0.000,0.000,0.000,0.000000
20930689.000000,2,0.000,0.000,0.000,0.000,0.000,0.000000
20931045.000000,2,0.000,0.000,0.000,0.000,0.000,0.000000
20931389.000000,2,0.000,0.000,0.000,0.000,0.000,0.000000
20931746.000000,2,0.000,0.000,0.000,0.000,0.000,0.000000
20932081.000000,2,13.000,0.000,0.000,0.000,0.000,13.000000
20932423.000000,2,0.000,0.000,0.000,0.000,0.000,0.000000
20932766.000000,2,0.000,0.000,0.000,0.000,0.000,0.000000
20933119.000000,2,6.000,0.000,0.000,0.000,0.000,6.000000
20933472.000000,2,0.000,0.000,0.000,0.000,0.000,0.000000
20933822.000000,2,0.000,0.000,0.000,0.000,0.000,0.000000
20934173.000000,2,0.000,0.000,0.000,0.000,0.000,0.000000
20934520.000000,3,27.000,0.000,0.000,0.000,0.000,27.000000
20934862.000000,3,36.000,0.000,0.000,0.000,0.000,36.000000
20935213.000000,3,32.000,11.000,0.000,0.000,0.000,43.000000
20935558.000000,3,27.000,25.000,0.000,0.000,0.000,52.000000
20935917.000000,3,29.000,27.000,0.000,0.000,0.000,56.000000
20936268.000000,3,27.000,33.000,0.000,0.000,0.000,60.000000
20936619.000000,3,25.000,36.000,0.000,0.000,0.000,61.000000
20936972.000000,3,26.000,35.000,0.000,0.000,0.000,61.000000
20937326.000000,3,25.000,36.000,0.000,0.000,0.000,61.000000
20937679.000000,3,28.000,24.000,0.000,0.000,0.000,52.000000
20938028.000000,3,36.000,0.000,0.000,0.000,0.000,36.000000
20938385.000000,3,36.000,0.000,0.000,0.000,0.000,36.000000
20938747.000000,3,35.000,0.000,0.000,0.000,0.000,35.000000
20939112.000000,3,36.000,0.000,0.000,0.000,0.000,36.000000
20939459.000000,3,36.000,0.000,0.000,0.000,0.000,36.000000
20939812.000000,3,36.000,0.000,0.000,0.000,0.000,36.000000
20940153.000000,3,35.000,0.000,0.000,0.000,0.000,35.000000
20940500.000000,3,36.000,0.000,0.000,0.000,0.000,36.000000
20940857.000000,3,36.000,0.000,0.000,0.000,0.000,36.000000
20941208.000000,3,35.000,0.000,0.000,0.000,0.000,35.000000
20941561.000000,3,36.000,0.000,0.000,0.000,0.000,36.000000
20941904.000000,3,34.000,0.000,0.000,0.000,0.000,34.000000
20942251.000000,3,29.000,0.000,0.000,0.000,0.000,29.000000
20942604.000000,3,24.000,0.000,0.000,0.000,0.000,24.000000
20942963.000000,3,5.000,0.000,0.000,0.000,0.000,5.000000
20943309.000000,3,25.000,1.000,0.000,0.000,0.000,26.000000
20943659.000000,3,25.000,30.000,0.000,0.000,0.000,55.000000
20943994.000000,3,25.000,29.000,0.000,0.000,0.000,54.000000
20944358.000000,3,26.000,30.000,0.000,0.000,0.000,56.000000
20944704.000000,3,24.000,31.000,0.000,0.000,0.000,55.000000
20945065.000000,3,28.000,13.000,0.000,0.000,0.000,41.000000
20945418.000000,3,30.000,0.000,0.000,0.000,0.000,30.000000
20945775.000000,3,30.000,0.000,0.000,0.000,0.000,30.000000
20946126.000000,3,29.000,0.000,0.000,0.000,0.000,29.000000
20946481.000000,3,31.000,0.000,0.000,0.000,0.000,31.000000
20946836.000000,3,34.000,0.000,0.000,0.000,0.000,34.000000
20947199.000000,3,36.000,0.000,0.000,0.000,0.000,36.000000
20947545.000000,3,35.000,0.000,0.000,0.000,0.000,35.000000
20947890.000000,3,36.000,0.000,0.000,0.000,0.000,36.000000
20948237.000000,3,36.000,0.000,0.000,0.000,0.000,36.000000
20948572.000000,3,35.000,0.000,0.000,0.000,0.000,35.000000
20948925.000000,3,36.000,0.000,0.000,0.000,0.000,36.000000
20949277.000000,3,36.000,0.000,0.000,0.000,0.000,36.000000
20949629.000000,3,36.000,0.000,0.000,0.000,0.000,36.000000
20949977.000000,3,35.000,10.000,0.000,0.000,0.000,45.000000
20950328.000000,3,34.000,0.000,0.000,0.000,0.000,34.000000
20950670.000000,3,36.000,0.000,0.000,0.000,0.000,36.000000
20951016.000000,3,36.000,0.000,0.000,0.000,0.000,36.000000
20951379.000000,3,35.000,0.000,0.000,0.000,0.000,35.000000
20951728.000000,3,35.000,2.000,0.000,0.000,0.000,37.000000
20952086.000000,3,26.000,23.000,0.000,0.000,0.000,49.000000
20952429.000000,3,29.000,15.000,0.000,0.000,0.000,44.000000
20952782.000000,3,36.000,0.000,0.000,0.000,0.000,36.000000
20953128.000000,3,32.000,9.000,0.000,0.000,0.000,41.000000
20953485.000000,3,26.000,30.000,0.000,0.000,0.000,56.000000
20953831.000000,3,24.000,31.000,0.000,0.000,0.000,55.000000
20954174.000000,3,24.000,36.000,0.000,0.000,0.000,60.000000
20954523.000000,3,26.000,31.000,12.000,0.000,0.000,69.000000
20954869.000000,3,27.000,15.000,0.000,0.000,0.000,42.000000
20955217.000000,3,31.000,0.000,0.000,0.000,0.000,31.000000
20955569.000000,3,32.000,0.000,0.000,0.000,0.000,32.000000
20955918.000000,3,36.000,0.000,0.000,0.000,0.000,36.000000
20956258.000000,3,35.000,0.000,0.000,0.000,0.000,35.000000
20956608.000000,3,36.000,0.000,0.000,0.000,0.000,36.000000
20956954.000000,3,36.000,0.000,0.000,0.000,0.000,36.000000
20957307.000000,3,35.000,0.000,0.000,0.000,0.000,35.000000
20957654.000000,3,0.000,0.000,0.000,0.000,0.000,0.000000
20957992.000000,3,0.000,0.000,0.000,0.000,0.000,0.000000
20958339.000000,3,0.000,0.000,0.000,0.000,0.000,0.000000
20958683.000000,3,0.000,0.000,0.000,0.000,0.000,0.000000
20959028.000000,3,14.000,13.000,0.000,0.000,0.000,27.000000
20959378.000000,3,26.000,34.000,0.000,0.000,0.000,60.000000
20959710.000000,3,28.000,15.000,0.000,0.000,0.000,43.000000
20960051.000000,3,30.000,0.000,0.000,0.000,0.000,30.000000
20960393.000000,3,29.000,4.000,0.000,0.000,0.000,33.000000
20960737.000000,3,28.000,13.000,0.000,0.000,0.000,41.000000
20961090.000000,3,30.000,2.000,0.000,0.000,0.000,32.000000
20961443.000000,3,30.000,0.000,0.000,0.000,0.000,30.000000
20961791.000000,3,31.000,0.000,0.000,0.000,0.000,31.000000
20962132.000000,3,30.000,0.000,0.000,0.000,0.000,30.000000
20962480.000000,3,35.000,0.000,0.000,0.000,0.000,35.000000
20962836.000000,3,36.000,0.000,0.000,0.000,0.000,36.000000
20963196.000000,3,36.000,0.000,0.000,0.000,0.000,36.000000
20963548.000000,3,35.000,0.000,0.000,0.000,0.000,35.000000
20963885.000000,3,36.000,0.000,0.000,0.000,0.000,36.000000
20964228.000000,3,36.000,0.000,0.000,0.000,0.000,36.000000
20964578.000000,3,36.000,0.000,0.000,0.000,0.000,36.000000
20964939.000000,3,35.000,0.000,0.000,0.000,0.000,35.000000
20965298.000000,3,36.000,0.000,0.000,0.000,0.000,36.000000
20965647.000000,3,36.000,0.000,0.000,0.000,0.000,36.000000
20965997.000000,3,35.000,0.000,0.000,0.000,0.000,35.000000
20966350.000000,3,31.000,0.000,0.000,0.000,0.000,31.000000
20966693.000000,3,29.000,0.000,0.000,0.000,0.000,29.000000
20967039.000000,3,27.000,0.000,0.000,0.000,0.000,27.000000
20967382.000000,3,28.000,21.000,0.000,0.000,0.000,49.000000
20967741.000000,3,27.000,25.000,0.000,0.000,0.000,52.000000
20968085.000000,3,36.000,0.000,0.000,0.000,0.000,36.000000
20968435.000000,3,36.000,0.000,0.000,0.000,0.000,36.000000
20968769.000000,3,35.000,0.000,0.000,0.000,0.000,35.000000
20969122.000000,3,36.000,0.000,0.000,0.000,0.000,36.000000
20969479.000000,3,36.000,0.000,0.000,0.000,0.000,36.000000
20969831.000000,3,36.000,0.000,0.000,0.000,0.000,36.000000
20970193.000000,3,35.000,0.000,0.000,0.000,0.000,35.000000
20970552.000000,3,36.000,0.000,0.000,0.000,0.000,36.000000
20970923.000000,3,36.000,0.000,0.000,0.000,0.000,36.000000
20971281.000000,3,35.000,0.000,0.000,0.000,0.000,35.000000
20971642.000000,3,36.000,0.000,0.000,0.000,0.000,36.000000
20972005.000000,3,36.000,0.000,0.000,0.000,0.000,36.000000
20972368.000000,3,34.000,0.000,0.000,0.000,0.000,34.000000
20972729.000000,3,30.000,0.000,0.000,0.000,0.000,30.000000
20973083.000000,3,33.000,0.000,0.000,0.000,0.000,33.000000
20973449.000000,3,33.000,0.000,0.000,0.000,0.000,33.000000
20973811.000000,3,29.000,0.000,0.000,0.000,0.000,29.000000
20974178.000000,3,31.000,0.000,0.000,0.000,0.000,31.000000
20974543.000000,3,30.000,0.000,0.000,0.000,0.000,30.000000
20974910.000000,3,29.000,0.000,0.000,0.000,0.000,29.000000
20975264.000000,3,30.000,0.000,0.000,0.000,0.000,30.000000
20975611.000000,3,32.000,0.000,0.000,0.000,0.000,32.000000
20975959.000000,3,36.000,0.000,0.000,0.000,0.000,36.000000
20976310.000000,3,36.000,0.000,0.000,0.000,0.000,36.000000
20976654.000000,3,35.000,0.000,0.000,0.000,0.000,35.000000
20977008.000000,3,36.000,0.000,0.000,0.000,0.000,36.000000
20977366.000000,3,35.000,0.000,0.000,0.000,0.000,35.000000
20977712.000000,3,36.000,0.000,0.000,0.000,0.000,36.000000
20978061.000000,3,36.000,0.000,0.000,0.000,0.000,36.000000
20978411.000000,3,36.000,0.000,0.000,0.000,0.000,36.000000
20978760.000000,3,35.000,0.000,0.000,0.000,0.000,35.000000
20979124.000000,3,36.000,0.000,0.000,0.000,0.000,36.000000
20979470.000000,3,36.000,0.000,0.000,0.000,0.000,36.000000
20979818.000000,3,35.000,0.000,0.000,0.000,0.000,35.000000
20980153.000000,3,36.000,0.000,0.000,0.000,0.000,36.000000
20980509.000000,3,36.000,0.000,0.000,0.000,0.000,36.000000
20980858.000000,3,36.000,0.000,0.000,0.000,0.000,36.000000
20981212.000000,3,35.000,0.000,0.000,0.000,0.000,35.000000
20981564.000000,3,36.000,0.000,0.000,0.000,0.000,36.000000
20981919.000000,3,36.000,0.000,0.000,0.000,0.000,36.000000
20982277.000000,3,35.000,0.000,0.000,0.000,0.000,35.000000
20982637.000000,3,36.000,0.000,0.000,0.000,0.000,36.000000
20982997.000000,3,36.000,0.000,0.000,0.000,0.000,36.000000
20983356.000000,3,36.000,0.000,0.000,0.000,0.000,36.000000
20983709.000000,3,35.000,0.000,0.000,0.000,0.000,35.000000
20984054.000000,3,20.000,0.000,0.000,0.000,0.000,20.000000
20984409.000000,3,22.000,0.000,0.000,0.000,0.000,22.000000
20984758.000000,3,0.000,0.000,0.000,0.000,0.000,0.000000
20985117.000000,3,18.000,0.000,0.000,0.000,0.000,18.000000
20985460.000000,3,31.000,16.000,0.000,0.000,0.000,47.000000
20985817.000000,3,36.000,0.000,0.000,0.000,0.000,36.000000
20986167.000000,3,36.000,0.000,0.000,0.000,0.000,36.000000
20986509.000000,3,35.000,0.000,0.000,0.000,0.000,35.000000
20986858.000000,3,36.000,0.000,0.000,0.000,0.000,36.000000
20987204.000000,3,36.000,0.000,0.000,0.000,0.000,36.000000
20987556.000000,3,35.000,0.000,0.000,0.000,0.000,35.000000
20987900.000000,3,36.000,0.000,0.000,0.000,0.000,36.000000
20988259.000000,3,36.000,0.000,0.000,0.000,0.000,36.000000
20988613.000000,3,36.000,0.000,0.000,0.000,0.000,36.000000
20988972.000000,3,35.000,0.000,0.000,0.000,0.000,35.000000
20989329.000000,3,36.000,0.000,0.000,0.000,0.000,36.000000
20989670.000000,3,32.000,11.000,0.000,0.000,0.000,43.000000
20990024.000000,3,35.000,0.000,0.000,0.000,0.000,35.000000
20990366.000000,3,36.000,0.000,0.000,0.000,0.000,36.000000
20990710.000000,3,36.000,0.000,0.000,0.000,0.000,36.000000
20991049.000000,3,36.000,0.000,0.000,0.000,0.000,36.000000
20991403.000000,3,35.000,0.000,0.000,0.000,0.000,35.000000
20991749.000000,3,36.000,0.000,0.000,0.000,0.000,36.000000
20992100.000000,3,32.000,11.000,0.000,0.000,0.000,43.000000
20992453.000000,3,23.000,36.000,0.000,0.000,0.000,59.000000
20992803.000000,3,36.000,23.000,0.000,0.000,0.000,59.000000
20993145.000000,3,25.000,34.000,0.000,0.000,0.000,59.000000
20993487.000000,3,30.000,18.000,0.000,0.000,0.000,48.000000
20993847.000000,3,36.000,0.000,0.000,0.000,0.000,36.000000
20994193.000000,3,35.000,0.000,0.000,0.000,0.000,35.000000
20994545.000000,3,36.000,0.000,0.000,0.000,0.000,36.000000
20994893.000000,3,36.000,0.000,0.000,0.000,0.000,36.000000
20995243.000000,3,35.000,0.000,0.000,0.000,0.000,35.000000
20995584.000000,3,36.000,0.000,0.000,0.000,0.000,36.000000
20995932.000000,3,36.000,0.000,0.000,0.000,0.000,36.000000
20996284.000000,3,36.000,0.000,0.000,0.000,0.000,36.000000
20996622.000000,3,35.000,0.000,0.000,0.000,0.000,35.000000
20996967.000000,3,36.000,0.000,0.000,0.000,0.000,36.000000
20997313.000000,3,33.000,0.000,0.000,0.000,0.000,33.000000
20997654.000000,3,4.000,0.000,0.000,0.000,0.000,4.000000
20997998.000000,3,0.000,0.000,0.000,0.000,0.000,0.000000
20998341.000000,3,0.000,0.000,0.000,0.000,0.000,0.000000
20998676.000000,3,20.000,0.000,0.000,0.000,0.000,20.000000
20999019.000000,3,26.000,31.000,0.000,0.000,0.000,57.000000
20999362.000000,3,32.000,15.000,0.000,0.000,0.000,47.000000
20999710.000000,3,36.000,0.000,0.000,0.000,0.000,36.000000
21000074.000000,3,35.000,0.000,0.000,0.000,0.000,35.000000
21000428.000000,3,36.000,0.000,0.000,0.000,0.000,36.000000
21000792.000000,3,36.000,0.000,0.000,0.000,0.000,36.000000
21001150.000000,3,35.000,0.000,0.000,0.000,0.000,35.000000
21001512.000000,3,36.000,0.000,0.000,0.000,0.000,36.000000
21001867.000000,3,36.000,0.000,0.000,0.000,0.000,36.000000
21002221.000000,3,36.000,0.000,0.000,0.000,0.000,36.000000
21002558.000000,3,35.000,0.000,0.000,0.000,0.000,35.000000
21002910.000000,3,36.000,0.000,0.000,0.000,0.000,36.000000
21003264.000000,3,36.000,0.000,0.000,0.000,0.000,36.000000
21003613.000000,3,35.000,0.000,0.000,0.000,0.000,35.000000
21003960.000000,3,36.000,0.000,0.000,0.000,0.000,36.000000
21004308.000000,3,36.000,0.000,0.000,0.000,0.000,36.000000
21004656.000000,3,36.000,0.000,0.000,0.000,0.000,36.000000
21005001.000000,3,35.000,0.000,0.000,0.000,0.000,35.000000
21005339.000000,3,36.000,0.000,0.000,0.000,0.000,36.000000
21005695.000000,3,36.000,0.000,0.000,0.000,0.000,36.000000
21006040.000000,3,35.000,0.000,0.000,0.000,0.000,35.000000
21006383.000000,3,36.000,0.000,0.000,0.000,0.000,36.000000
21006728.000000,3,36.000,0.000,0.000,0.000,0.000,36.000000
21007071.000000,3,36.000,0.000,0.000,0.000,0.000,36.000000
21007419.000000,3,35.000,0.000,0.000,0.000,0.000,35.000000
21007768.000000,3,36.000,0.000,0.000,0.000,0.000,36.000000
21008113.000000,3,33.000,9.000,0.000,0.000,0.000,42.000000
21008467.000000,3,36.000,0.000,0.000,0.000,0.000,36.000000
21008806.000000,3,35.000,0.000,0.000,0.000,0.000,35.000000
21009160.000000,3,36.000,0.000,0.000,0.000,0.000,36.000000
21009511.000000,3,36.000,0.000,0.000,0.000,0.000,36.000000
21009872.000000,3,35.000,0.000,0.000,0.000,0.000,35.000000
21010222.000000,3,36.000,0.000,0.000,0.000,0.000,36.000000
21010578.000000,3,36.000,0.000,0.000,0.000,0.000,36.000000
21010924.000000,3,36.000,0.000,0.000,0.000,0.000,36.000000
21011268.000000,3,35.000,0.000,0.000,0.000,0.000,35.000000
21011626.000000,3,36.000,0.000,0.000,0.000,0.000,36.000000
21012007.000000,3,36.000,0.000,0.000,0.000,0.000,36.000000
21012391.000000,3,35.000,0.000,0.000,0.000,0.000,35.000000
21012749.000000,3,36.000,0.000,0.000,0.000,0.000,36.000000
21013099.000000,3,36.000,0.000,0.000,0.000,0.000,36.000000
21013478.000000,3,36.000,0.000,0.000,0.000,0.000,36.000000
21013850.000000,3,35.000,0.000,0.000,0.000,0.000,35.000000
21014196.000000,3,36.000,0.000,0.000,0.000,0.000,36.000000
21014554.000000,3,36.000,0.000,0.000,0.000,0.000,36.000000
21014902.000000,3,35.000,0.000,0.000,0.000,0.000,35.000000
21015247.000000,3,36.000,0.000,0.000,0.000,0.000,36.000000
21015597.000000,3,36.000,0.000,0.000,0.000,0.000,36.000000
21015946.000000,3,36.000,0.000,0.000,0.000,0.000,36.000000
21016301.000000,3,35.000,0.000,0.000,0.000,0.000,35.000000
21016656.000000,3,36.000,0.000,0.000,0.000,0.000,36.000000
21017007.000000,3,36.000,0.000,0.000,0.000,0.000,36.000000
21017361.000000,3,34.000,4.000,0.000,0.000,0.000,38.000000
21017715.000000,3,36.000,0.000,0.000,0.000,0.000,36.000000
21018062.000000,3,35.000,0.000,0.000,0.000,0.000,35.000000
21018427.000000,3,36.000,0.000,0.000,0.000,0.000,36.000000
21018769.000000,3,36.000,0.000,0.000,0.000,0.000,36.000000
21019132.000000,3,35.000,0.000,0.000,0.000,0.000,35.000000
21019493.000000,3,36.000,0.000,0.000,0.000,0.000,36.000000
21019843.000000,3,36.000,0.000,0.000,0.000,0.000,36.000000
21020189.000000,3,36.000,0.000,0.000,0.000,0.000,36.000000
21020541.000000,3,32.000,23.000,0.000,0.000,0.000,55.000000
21020890.000000,3,21.000,35.000,0.000,0.000,0.000,56.000000
21021232.000000,3,23.000,34.000,0.000,0.000,0.000,57.000000
21021577.000000,3,36.000,15.000,0.000,0.000,0.000,51.000000
21021921.000000,3,36.000,0.000,0.000,0.000,0.000,36.000000
21022278.000000,3,36.000,0.000,0.000,0.000,0.000,36.000000
21022627.000000,3,35.000,0.000,0.000,0.000,0.000,35.000000
21022980.000000,3,36.000,0.000,0.000,0.000,0.000,36.000000
21023335.000000,3,34.000,6.000,0.000,0.000,0.000,40.000000
21023681.000000,3,36.000,0.000,0.000,0.000,0.000,36.000000
21024033.000000,3,36.000,0.000,0.000,0.000,0.000,36.000000
21024387.000000,3,35.000,0.000,0.000,0.000,0.000,35.000000
21024750.000000,3,36.000,0.000,0.000,0.000,0.000,36.000000
21025103.000000,3,36.000,0.000,0.000,0.000,0.000,36.000000
21025456.000000,3,36.000,0.000,0.000,0.000,0.000,36.000000
21025815.000000,3,35.000,0.000,0.000,0.000,0.000,35.000000
21026165.000000,3,36.000,0.000,0.000,0.000,0.000,36.000000
21026510.000000,3,33.000,0.000,0.000,0.000,0.000,33.000000
21026866.000000,3,30.000,0.000,0.000,0.000,0.000,30.000000
21027218.000000,3,27.000,16.000,0.000,0.000,0.000,43.000000
21027567.000000,3,32.000,8.000,0.000,0.000,0.000,40.000000
21027914.000000,3,35.000,0.000,0.000,0.000,0.000,35.000000
21028260.000000,3,36.000,0.000,0.000,0.000,0.000,36.000000
21028604.000000,3,36.000,0.000,0.000,0.000,0.000,36.000000
21028966.000000,3,35.000,0.000,0.000,0.000,0.000,35.000000
21029319.000000,3,36.000,0.000,0.000,0.000,0.000,36.000000
21029668.000000,3,36.000,0.000,0.000,0.000,0.000,36.000000
21030017.000000,3,36.000,0.000,0.000,0.000,0.000,36.000000
21030360.000000,3,35.000,0.000,0.000,0.000,0.000,35.000000
21030712.000000,3,36.000,0.000,0.000,0.000,0.000,36.000000
21031057.000000,3,36.000,0.000,0.000,0.000,0.000,36.000000
21031409.000000,3,35.000,0.000,0.000,0.000,0.000,35.000000
21031748.000000,3,36.000,0.000,0.000,0.000,0.000,36.000000
21032099.000000,3,36.000,0.000,0.000,0.000,0.000,36.000000
21032451.000000,3,36.000,0.000,0.000,0.000,0.000,36.000000
21032803.000000,3,35.000,0.000,0.000,0.000,0.000,35.000000
21033154.000000,3,36.000,0.000,0.000,0.000,0.000,36.000000
21033513.000000,3,36.000,0.000,0.000,0.000,0.000,36.000000
21033868.000000,3,35.000,0.000,0.000,0.000,0.000,35.000000
21034221.000000,3,36.000,0.000,0.000,0.000,0.000,36.000000
21034588.000000,3,36.000,0.000,0.000,0.000,0.000,36.000000
21034944.000000,3,36.000,4.000,0.000,0.000,0.000,40.000000
21035297.000000,3,35.000,23.000,0.000,0.000,0.000,58.000000
21035648.000000,3,32.000,26.000,0.000,0.000,0.000,58.000000
21036007.000000,3,23.000,36.000,0.000,0.000,0.000,59.000000
21036365.000000,3,25.000,34.000,0.000,0.000,0.000,59.000000
21036712.000000,3,35.000,23.000,0.000,0.000,0.000,58.000000
21037063.000000,3,36.000,24.000,0.000,0.000,0.000,60.000000
21037417.000000,3,35.000,24.000,0.000,0.000,0.000,59.000000
21037765.000000,3,36.000,23.000,0.000,0.000,0.000,59.000000
21038114.000000,3,36.000,23.000,0.000,0.000,0.000,59.000000
21038465.000000,3,29.000,30.000,0.000,0.000,0.000,59.000000
21038812.000000,3,23.000,35.000,0.000,0.000,0.000,58.000000
21039161.000000,3,22.000,36.000,0.000,0.000,0.000,58.000000
21039508.000000,3,36.000,21.000,0.000,0.000,0.000,57.000000
21039858.000000,3,36.000,23.000,0.000,0.000,0.000,59.000000
21040195.000000,3,36.000,23.000,0.000,0.000,0.000,59.000000
21040548.000000,3,35.000,23.000,0.000,0.000,0.000,58.000000
21040897.000000,3,36.000,23.000,0.000,0.000,0.000,59.000000
21041241.000000,3,34.000,25.000,0.000,0.000,0.000,59.000000
21041580.000000,3,22.000,30.000,0.000,0.000,0.000,52.000000
21041931.000000,3,24.000,22.000,0.000,0.000,0.000,46.000000
21042272.000000,3,23.000,36.000,0.000,0.000,0.000,59.000000
21042607.000000,3,23.000,35.000,0.000,0.000,0.000,58.000000
21042962.000000,3,36.000,23.000,0.000,0.000,0.000,59.000000
21043314.000000,3,36.000,23.000,0.000,0.000,0.000,59.000000
21043663.000000,3,36.000,23.000,0.000,0.000,0.000,59.000000
21044025.000000,3,35.000,16.000,0.000,0.000,0.000,51.000000
21044367.000000,3,36.000,0.000,0.000,0.000,0.000,36.000000
21044722.000000,3,36.000,0.000,0.000,0.000,0.000,36.000000
21045066.000000,3,35.000,0.000,0.000,0.000,0.000,35.000000
21045412.000000,3,36.000,0.000,0.000,0.000,0.000,36.000000
21045777.000000,3,36.000,0.000,0.000,0.000,0.000,36.000000
21046115.000000,3,36.000,0.000,0.000,0.000,0.000,36.000000
21046465.000000,3,35.000,0.000,0.000,0.000,0.000,35.000000
21046807.000000,3,28.000,0.000,0.000,0.000,0.000,28.000000
21047147.000000,3,36.000,0.000,0.000,0.000,0.000,36.000000
21047503.000000,3,36.000,0.000,0.000,0.000,0.000,36.000000
21047849.000000,3,35.000,0.000,0.000,0.000,0.000,35.000000
21048208.000000,3,36.000,0.000,0.000,0.000,0.000,36.000000
21048563.000000,3,36.000,0.000,0.000,0.000,0.000,36.000000
21048923.000000,3,36.000,0.000,0.000,0.000,0.000,36.000000
21049272.000000,3,35.000,0.000,0.000,0.000,0.000,35.000000
21049628.000000,3,36.000,0.000,0.000,0.000,0.000,36.000000
21049979.000000,3,36.000,0.000,0.000,0.000,0.000,36.000000
21050328.000000,3,35.000,0.000,0.000,0.000,0.000,35.000000
21050677.000000,3,36.000,0.000,0.000,0.000,0.000,36.000000
21051040.000000,3,36.000,0.000,0.000,0.000,0.000,36.000000
21051386.000000,3,36.000,0.000,0.000,0.000,0.000,36.000000
21051735.000000,3,35.000,0.000,0.000,0.000,0.000,35.000000
21052083.000000,3,36.000,0.000,0.000,0.000,0.000,36.000000
21052436.000000,3,36.000,0.000,0.000,0.000,0.000,36.000000
21052782.000000,3,35.000,0.000,0.000,0.000,0.000,35.000000
21053137.000000,3,36.000,0.000,0.000,0.000,0.000,36.000000
21053483.000000,3,36.000,0.000,0.000,0.000,0.000,36.000000
21053836.000000,3,36.000,0.000,0.000,0.000,0.000,36.000000
21054192.000000,3,35.000,0.000,0.000,0.000,0.000,35.000000
21054539.000000,3,36.000,0.000,0.000,0.000,0.000,36.000000
21054890.000000,3,36.000,0.000,0.000,0.000,0.000,36.000000
21055236.000000,3,35.000,0.000,0.000,0.000,0.000,35.000000
21055587.000000,3,36.000,0.000,0.000,0.000,0.000,36.000000
21055937.000000,3,36.000,0.000,0.000,0.000,0.000,36.000000
21056283.000000,3,36.000,0.000,0.000,0.000,0.000,36.000000
21056628.000000,3,35.000,0.000,0.000,0.000,0.000,35.000000
21056981.000000,3,36.000,0.000,0.000,0.000,0.000,36.000000
21057334.000000,3,36.000,0.000,0.000,0.000,0.000,36.000000
21057686.000000,3,35.000,0.000,0.000,0.000,0.000,35.000000
21058045.000000,3,36.000,0.000,0.000,0.000,0.000,36.000000
21058405.000000,3,36.000,0.000,0.000,0.000,0.000,36.000000
21058758.000000,3,36.000,0.000,0.000,0.000,0.000,36.000000
21059106.000000,3,35.000,0.000,0.000,0.000,0.000,35.000000
21059455.000000,3,36.000,0.000,0.000,0.000,0.000,36.000000
21059794.000000,3,36.000,0.000,0.000,0.000,0.000,36.000000
21060143.000000,3,35.000,0.000,0.000,0.000,0.000,35.000000
21060495.000000,3,36.000,0.000,0.000,0.000,0.000,36.000000
21060837.000000,3,36.000,0.000,0.000,0.000,0.000,36.000000
21061186.000000,3,36.000,0.000,0.000,0.000,0.000,36.000000
21061535.000000,4,35.000,18.000,0.000,0.000,0.000,53.000000
21061886.000000,4,36.000,21.000,0.000,0.000,0.000,57.000000
21062236.000000,4,36.000,21.000,0.000,0.000,0.000,57.000000
21062579.000000,4,35.000,20.000,0.000,0.000,0.000,55.000000
21062917.000000,4,36.000,21.000,0.000,0.000,0.000,57.000000
21063257.000000,4,36.000,20.000,0.000,0.000,0.000,56.000000
21063612.000000,4,36.000,21.000,0.000,0.000,0.000,57.000000
21063968.000000,4,35.000,19.000,0.000,0.000,0.000,54.000000
21064313.000000,4,36.000,0.000,0.000,0.000,0.000,36.000000
21064670.000000,4,36.000,0.000,0.000,0.000,0.000,36.000000
21065028.000000,4,35.000,0.000,0.000,0.000,0.000,35.000000
21065372.000000,4,36.000,0.000,0.000,0.000,0.000,36.000000
21065723.000000,4,36.000,0.000,0.000,0.000,0.000,36.000000
21066068.000000,4,36.000,0.000,0.000,0.000,0.000,36.000000
21066412.000000,4,35.000,0.000,0.000,0.000,0.000,35.000000
21066774.000000,4,36.000,0.000,0.000,0.000,0.000,36.000000
21067117.000000,4,36.000,0.000,0.000,0.000,0.000,36.000000
21067471.000000,4,35.000,0.000,0.000,0.000,0.000,35.000000
21067814.000000,4,36.000,5.000,0.000,0.000,0.000,41.000000
21068176.000000,4,36.000,22.000,0.000,0.000,0.000,58.000000
21068517.000000,4,36.000,21.000,0.000,0.000,0.000,57.000000
21068868.000000,4,35.000,22.000,0.000,0.000,0.000,57.000000
21069215.000000,4,36.000,22.000,0.000,0.000,0.000,58.000000
21069562.000000,4,36.000,21.000,0.000,0.000,0.000,57.000000
21069913.000000,4,35.000,22.000,0.000,0.000,0.000,57.000000
21070267.000000,4,36.000,22.000,0.000,0.000,0.000,58.000000
21070608.000000,4,36.000,8.000,0.000,0.000,0.000,44.000000
21070960.000000,4,36.000,0.000,0.000,0.000,0.000,36.000000
21071314.000000,4,35.000,0.000,0.000,0.000,0.000,35.000000
21071669.000000,4,36.000,0.000,0.000,0.000,0.000,36.000000
21072018.000000,4,36.000,0.000,0.000,0.000,0.000,36.000000
21072372.000000,4,35.000,0.000,0.000,0.000,0.000,35.000000
21072716.000000,4,36.000,0.000,0.000,0.000,0.000,36.000000
21073078.000000,4,36.000,0.000,0.000,0.000,0.000,36.000000
21073416.000000,4,36.000,0.000,0.000,0.000,0.000,36.000000
21073759.000000,4,35.000,0.000,0.000,0.000,0.000,35.000000
21074102.000000,4,36.000,0.000,0.000,0.000,0.000,36.000000
21074443.000000,4,36.000,0.000,0.000,0.000,0.000,36.000000
21074788.000000,4,35.000,0.000,0.000,0.000,0.000,35.000000
21075135.000000,4,36.000,0.000,0.000,0.000,0.000,36.000000
21075482.000000,4,36.000,9.000,0.000,0.000,0.000,45.000000
21075834.000000,4,36.000,22.000,19.000,0.000,0.000,77.000000
21076186.000000,4,35.000,22.000,23.000,0.000,0.000,80.000000
21076525.000000,4,36.000,21.000,23.000,0.000,0.000,80.000000
21076875.000000,4,36.000,21.000,16.000,0.000,0.000,73.000000
21077218.000000,4,35.000,21.000,0.000,0.000,0.000,56.000000
21077576.000000,4,36.000,7.000,0.000,0.000,0.000,43.000000
21077922.000000,4,36.000,15.000,0.000,0.000,0.000,51.000000
21078266.000000,4,36.000,8.000,0.000,0.000,0.000,44.000000
21078608.000000,4,35.000,21.000,0.000,0.000,0.000,56.000000
21078955.000000,4,36.000,20.000,0.000,0.000,0.000,56.000000
21079306.000000,4,36.000,22.000,0.000,0.000,0.000,58.000000
21079653.000000,4,35.000,19.000,0.000,0.000,0.000,54.000000
21079998.000000,4,36.000,0.000,0.000,0.000,0.000,36.000000
21080342.000000,4,36.000,0.000,0.000,0.000,0.000,36.000000
21080688.000000,4,36.000,0.000,0.000,0.000,0.000,36.000000
21081033.000000,4,35.000,0.000,0.000,0.000,0.000,35.000000
21081388.000000,4,36.000,0.000,0.000,0.000,0.000,36.000000
21081735.000000,4,36.000,0.000,0.000,0.000,0.000,36.000000
21082087.000000,4,35.000,0.000,0.000,0.000,0.000,35.000000
21082437.000000,4,36.000,0.000,0.000,0.000,0.000,36.000000
21082795.000000,4,36.000,0.000,0.000,0.000,0.000,36.000000
21083139.000000,4,36.000,0.000,0.000,0.000,0.000,36.000000
21083488.000000,4,35.000,0.000,0.000,0.000,0.000,35.000000
21083835.000000,4,36.000,0.000,0.000,0.000,0.000,36.000000
21084180.000000,4,36.000,1.000,0.000,0.000,0.000,37.000000
21084536.000000,4,33.000,18.000,0.000,0.000,0.000,51.000000
21084880.000000,4,35.000,20.000,0.000,0.000,0.000,55.000000
21085220.000000,4,35.000,22.000,10.000,0.000,0.000,67.000000
21085567.000000,4,36.000,18.000,19.000,0.000,0.000,73.000000
21085916.000000,4,36.000,0.000,0.000,0.000,0.000,36.000000
21086265.000000,4,35.000,3.000,0.000,0.000,0.000,38.000000
21086619.000000,4,36.000,18.000,0.000,0.000,0.000,54.000000
21086967.000000,4,36.000,21.000,0.000,0.000,0.000,57.000000
21087321.000000,4,36.000,11.000,0.000,0.000,0.000,47.000000
21087672.000000,4,35.000,0.000,0.000,0.000,0.000,35.000000
21088015.000000,4,36.000,0.000,0.000,0.000,0.000,36.000000
21088370.000000,4,36.000,0.000,0.000,0.000,0.000,36.000000
21088725.000000,4,35.000,0.000,0.000,0.000,0.000,35.000000
21089073.000000,4,36.000,0.000,0.000,0.000,0.000,36.000000
21089433.000000,4,36.000,0.000,0.000,0.000,0.000,36.000000
21089788.000000,4,36.000,0.000,0.000,0.000,0.000,36.000000
21090139.000000,4,35.000,0.000,0.000,0.000,0.000,35.000000
21090494.000000,4,36.000,12.000,2.000,0.000,0.000,50.000000
21090844.000000,4,36.000,22.000,5.000,0.000,0.000,63.000000
21091193.000000,4,35.000,22.000,5.000,0.000,0.000,62.000000
21091538.000000,4,36.000,22.000,23.000,0.000,0.000,81.000000
21091888.000000,4,36.000,23.000,22.000,0.000,0.000,81.000000
21092237.000000,4,36.000,22.000,23.000,0.000,0.000,81.000000
21092591.000000,4,35.000,21.000,22.000,0.000,0.000,78.000000
21092932.000000,4,36.000,2.000,0.000,0.000,0.000,38.000000
21093279.000000,4,36.000,0.000,0.000,0.000,0.000,36.000000
21093626.000000,4,35.000,0.000,0.000,0.000,0.000,35.000000
21093978.000000,4,36.000,0.000,0.000,0.000,0.000,36.000000
21094331.000000,4,36.000,0.000,0.000,0.000,0.000,36.000000
21094686.000000,4,36.000,0.000,0.000,0.000,0.000,36.000000
21095034.000000,4,35.000,0.000,0.000,0.000,0.000,35.000000
21095384.000000,4,36.000,0.000,0.000,0.000,0.000,36.000000
21095720.000000,4,36.000,0.000,0.000,0.000,0.000,36.000000
21096068.000000,4,35.000,8.000,0.000,0.000,0.000,43.000000
21096424.000000,4,36.000,6.000,0.000,0.000,0.000,42.000000
21096774.000000,4,36.000,21.000,0.000,0.000,0.000,57.000000
21097126.000000,4,36.000,21.000,0.000,0.000,0.000,57.000000
21097477.000000,4,35.000,21.000,0.000,0.000,0.000,56.000000
21097830.000000,4,36.000,7.000,0.000,0.000,0.000,43.000000
21098176.000000,4,36.000,13.000,0.000,0.000,0.000,49.000000
21098523.000000,4,35.000,21.000,0.000,0.000,0.000,56.000000
21098859.000000,4,36.000,16.000,0.000,0.000,0.000,52.000000
21099203.000000,4,36.000,21.000,0.000,0.000,0.000,57.000000
21099557.000000,4,36.000,8.000,0.000,0.000,0.000,44.000000
21099896.000000,4,35.000,0.000,0.000,0.000,0.000,35.000000
21100248.000000,4,36.000,0.000,0.000,0.000,0.000,36.000000
21100607.000000,4,36.000,0.000,0.000,0.000,0.000,36.000000
21100951.000000,4,35.000,0.000,0.000,0.000,0.000,35.000000
21101303.000000,4,36.000,0.000,0.000,0.000,0.000,36.000000
21101646.000000,4,36.000,0.000,0.000,0.000,0.000,36.000000
21101992.000000,4,36.000,14.000,0.000,0.000,0.000,50.000000
21102333.000000,4,35.000,19.000,0.000,0.000,0.000,54.000000
21102695.000000,4,36.000,23.000,0.000,0.000,0.000,59.000000
21103052.000000,4,36.000,23.000,0.000,0.000,0.000,59.000000
21103399.000000,4,35.000,23.000,0.000,0.000,0.000,58.000000
21103746.000000,4,36.000,23.000,0.000,0.000,0.000,59.000000
21104095.000000,4,36.000,24.000,0.000,0.000,0.000,60.000000
21104453.000000,4,36.000,20.000,13.000,0.000,0.000,69.000000
21104796.000000,4,35.000,21.000,20.000,7.000,0.000,83.000000
21105150.000000,4,36.000,22.000,18.000,0.000,0.000,76.000000
21105488.000000,4,36.000,22.000,20.000,16.000,0.000,94.000000
21105846.000000,4,35.000,25.000,21.000,12.000,0.000,93.000000
21106187.000000,4,36.000,24.000,22.000,10.000,0.000,92.000000
21106545.000000,4,36.000,23.000,21.000,0.000,0.000,80.000000
21106896.000000,4,36.000,23.000,22.000,0.000,0.000,81.000000
21107241.000000,4,35.000,24.000,21.000,0.000,0.000,80.000000
21107593.000000,4,36.000,22.000,20.000,0.000,0.000,78.000000
21107940.000000,4,36.000,19.000,11.000,0.000,0.000,66.000000
21108292.000000,4,35.000,0.000,0.000,0.000,0.000,35.000000
21108636.000000,4,36.000,0.000,0.000,0.000,0.000,36.000000
21108980.000000,4,36.000,0.000,0.000,0.000,0.000,36.000000
21109331.000000,4,36.000,17.000,0.000,0.000,0.000,53.000000
21109677.000000,4,35.000,22.000,0.000,0.000,0.000,57.000000
21110031.000000,4,36.000,2.000,0.000,0.000,0.000,38.000000
21110389.000000,4,36.000,0.000,0.000,0.000,0.000,36.000000
21110743.000000,4,35.000,0.000,0.000,0.000,0.000,35.000000
21111095.000000,4,36.000,0.000,0.000,0.000,0.000,36.000000
21111450.000000,4,36.000,0.000,0.000,0.000,0.000,36.000000
21111796.000000,4,36.000,0.000,0.000,0.000,0.000,36.000000
21112151.000000,4,35.000,0.000,0.000,0.000,0.000,35.000000
21112506.000000,4,36.000,0.000,0.000,0.000,0.000,36.000000
21112840.000000,4,36.000,0.000,0.000,0.000,0.000,36.000000
21113179.000000,4,35.000,16.000,0.000,0.000,0.000,51.000000
21113535.000000,4,36.000,15.000,0.000,0.000,0.000,51.000000
21113884.000000,4,36.000,0.000,0.000,0.000,0.000,36.000000
21114232.000000,4,36.000,14.000,0.000,0.000,0.000,50.000000
21114586.000000,4,35.000,22.000,0.000,0.000,0.000,57.000000
21114930.000000,4,36.000,20.000,0.000,0.000,0.000,56.000000
21115284.000000,4,36.000,16.000,0.000,0.000,0.000,52.000000
21115634.000000,4,35.000,13.000,0.000,0.000,0.000,48.000000
21115987.000000,4,36.000,19.000,0.000,0.000,0.000,55.000000
21116339.000000,4,36.000,20.000,0.000,0.000,0.000,56.000000
21116687.000000,4,36.000,1.000,0.000,0.000,0.000,37.000000
21117035.000000,4,35.000,0.000,0.000,0.000,0.000,35.000000
21117378.000000,4,36.000,0.000,0.000,0.000,0.000,36.000000
21117728.000000,4,36.000,6.000,0.000,0.000,0.000,42.000000
21118078.000000,4,35.000,20.000,0.000,0.000,0.000,55.000000
21118428.000000,4,36.000,0.000,0.000,0.000,0.000,36.000000
21118781.000000,4,36.000,0.000,0.000,0.000,0.000,36.000000
21119130.000000,4,36.000,0.000,0.000,0.000,0.000,36.000000
21119480.000000,4,35.000,1.000,0.000,0.000,0.000,36.000000
21119835.000000,4,36.000,21.000,0.000,0.000,0.000,57.000000
21120181.000000,4,36.000,23.000,0.000,0.000,0.000,59.000000
21120525.000000,4,35.000,23.000,0.000,0.000,0.000,58.000000
21120881.000000,4,36.000,9.000,0.000,0.000,0.000,45.000000
21121235.000000,4,36.000,0.000,0.000,0.000,0.000,36.000000
21121588.000000,4,36.000,0.000,0.000,0.000,0.000,36.000000
21121935.000000,4,35.000,0.000,0.000,0.000,0.000,35.000000
21122278.000000,4,36.000,14.000,0.000,0.000,0.000,50.000000
21122619.000000,4,36.000,8.000,0.000,0.000,0.000,44.000000
21122968.000000,4,35.000,0.000,0.000,0.000,0.000,35.000000
21123320.000000,4,36.000,0.000,0.000,0.000,0.000,36.000000
21123657.000000,4,36.000,0.000,0.000,0.000,0.000,36.000000
21124010.000000,4,36.000,0.000,0.000,0.000,0.000,36.000000
21124361.000000,4,35.000,0.000,0.000,0.000,0.000,35.000000
21124718.000000,4,36.000,14.000,0.000,0.000,0.000,50.000000
21125067.000000,4,36.000,21.000,0.000,0.000,0.000,57.000000
21125412.000000,4,35.000,21.000,0.000,0.000,0.000,56.000000
21125759.000000,4,36.000,22.000,0.000,0.000,0.000,58.000000
21126100.000000,4,36.000,20.000,0.000,0.000,0.000,56.000000
21126445.000000,4,36.000,20.000,0.000,0.000,0.000,56.000000
21126801.000000,4,35.000,20.000,0.000,0.000,0.000,55.000000
21127157.000000,4,36.000,20.000,0.000,0.000,0.000,56.000000
21127517.000000,4,36.000,19.000,0.000,0.000,0.000,55.000000
21127869.000000,4,35.000,19.000,0.000,0.000,0.000,54.000000
21128220.000000,4,36.000,19.000,0.000,0.000,0.000,55.000000
21128572.000000,4,36.000,16.000,0.000,0.000,0.000,52.000000
21128923.000000,4,36.000,0.000,0.000,0.000,0.000,36.000000
21129275.000000,4,35.000,0.000,0.000,0.000,0.000,35.000000
21129621.000000,4,36.000,4.000,0.000,0.000,0.000,40.000000
21129965.000000,4,36.000,3.000,0.000,0.000,0.000,39.000000
21130322.000000,4,35.000,19.000,0.000,0.000,0.000,54.000000
21130679.000000,4,36.000,19.000,0.000,0.000,0.000,55.000000
21131040.000000,4,36.000,19.000,0.000,0.000,0.000,55.000000
21131388.000000,4,36.000,20.000,0.000,0.000,0.000,56.000000
21131742.000000,4,35.000,15.000,0.000,0.000,0.000,50.000000
21132094.000000,4,36.000,5.000,0.000,0.000,0.000,41.000000
21132448.000000,4,36.000,19.000,0.000,0.000,0.000,55.000000
21132798.000000,4,35.000,6.000,0.000,0.000,0.000,41.000000
21133139.000000,4,36.000,0.000,0.000,0.000,0.000,36.000000
21133487.000000,4,36.000,19.000,0.000,0.000,0.000,55.000000
21133842.000000,4,36.000,20.000,0.000,0.000,0.000,56.000000
21134199.000000,4,35.000,22.000,0.000,0.000,0.000,57.000000
21134550.000000,4,36.000,21.000,0.000,0.000,0.000,57.000000
21134895.000000,4,36.000,24.000,0.000,0.000,0.000,60.000000
21135247.000000,4,35.000,23.000,0.000,0.000,0.000,58.000000
21135600.000000,4,36.000,21.000,4.000,0.000,0.000,61.000000
21135956.000000,4,36.000,20.000,21.000,0.000,0.000,77.000000
21136307.000000,4,36.000,22.000,20.000,0.000,0.000,78.000000
21136647.000000,4,35.000,22.000,20.000,0.000,0.000,77.000000
21136993.000000,4,36.000,23.000,21.000,0.000,0.000,80.000000
21137348.000000,4,36.000,23.000,20.000,0.000,0.000,79.000000
21137696.000000,4,35.000,22.000,20.000,0.000,0.000,77.000000
21138048.000000,4,36.000,21.000,20.000,0.000,0.000,77.000000
21138391.000000,4,36.000,22.000,20.000,0.000,0.000,78.000000
21138748.000000,4,36.000,22.000,21.000,0.000,0.000,79.000000
21139098.000000,4,35.000,23.000,11.000,0.000,0.000,69.000000
21139443.000000,4,36.000,23.000,0.000,0.000,0.000,59.000000
21139788.000000,4,36.000,23.000,16.000,0.000,0.000,75.000000
21140147.000000,4,35.000,22.000,20.000,0.000,0.000,77.000000
21140502.000000,4,36.000,23.000,19.000,0.000,0.000,78.000000
21140855.000000,4,36.000,22.000,20.000,0.000,0.000,78.000000
21141209.000000,4,36.000,23.000,19.000,0.000,0.000,78.000000
21141562.000000,4,35.000,22.000,20.000,0.000,0.000,77.000000
21141910.000000,4,36.000,23.000,20.000,0.000,0.000,79.000000
21142267.000000,4,36.000,23.000,20.000,0.000,0.000,79.000000
21142616.000000,4,35.000,22.000,20.000,0.000,0.000,77.000000
21142960.000000,4,36.000,23.000,20.000,0.000,0.000,79.000000
21143308.000000,4,36.000,22.000,20.000,0.000,0.000,78.000000
21143658.000000,4,36.000,22.000,21.000,0.000,0.000,79.000000
21144002.000000,4,35.000,23.000,4.000,0.000,0.000,62.000000
21144353.000000,4,36.000,24.000,13.000,0.000,0.000,73.000000
21144691.000000,4,36.000,21.000,19.000,0.000,0.000,76.000000
21145036.000000,4,35.000,11.000,11.000,0.000,0.000,57.000000
21145380.000000,4,36.000,0.000,0.000,0.000,0.000,36.000000
21145716.000000,4,36.000,0.000,0.000,0.000,0.000,36.000000
21146066.000000,4,36.000,0.000,0.000,0.000,0.000,36.000000
21146414.000000,4,35.000,0.000,0.000,0.000,0.000,35.000000
21146763.000000,4,36.000,0.000,0.000,0.000,0.000,36.000000
21147113.000000,4,36.000,5.000,0.000,0.000,0.000,41.000000
21147457.000000,4,35.000,4.000,0.000,0.000,0.000,39.000000
21147800.000000,4,36.000,4.000,0.000,0.000,0.000,40.000000
21148163.000000,4,36.000,0.000,0.000,0.000,0.000,36.000000
21148521.000000,4,36.000,0.000,0.000,0.000,0.000,36.000000
21148864.000000,4,35.000,0.000,0.000,0.000,0.000,35.000000
21149213.000000,4,36.000,0.000,0.000,0.000,0.000,36.000000
21149551.000000,4,36.000,0.000,0.000,0.000,0.000,36.000000
21149906.000000,4,35.000,0.000,0.000,0.000,0.000,35.000000
21150266.000000,4,36.000,0.000,0.000,0.000,0.000,36.000000
21150620.000000,4,36.000,0.000,0.000,0.000,0.000,36.000000
21150957.000000,4,36.000,0.000,0.000,0.000,0.000,36.000000
21151309.000000,4,35.000,0.000,0.000,0.000,0.000,35.000000
21151657.000000,4,36.000,0.000,0.000,0.000,0.000,36.000000
21152013.000000,4,36.000,0.000,0.000,0.000,0.000,36.000000
21152361.000000,4,35.000,0.000,0.000,0.000,0.000,35.000000
21152706.000000,4,36.000,0.000,0.000,0.000,0.000,36.000000
21153052.000000,4,36.000,0.000,0.000,0.000,0.000,36.000000
21153399.000000,4,36.000,0.000,0.000,0.000,0.000,36.000000
21153750.000000,4,35.000,0.000,0.000,0.000,0.000,35.000000
21154097.000000,4,36.000,0.000,0.000,0.000,0.000,36.000000
21154447.000000,4,36.000,0.000,0.000,0.000,0.000,36.000000
21154793.000000,4,35.000,0.000,0.000,0.000,0.000,35.000000
21155130.000000,4,27.000,0.000,0.000,0.000,0.000,27.000000
21155474.000000,4,24.000,0.000,0.000,0.000,0.000,24.000000
21155819.000000,4,24.000,0.000,0.000,0.000,0.000,24.000000
21156177.000000,4,30.000,0.000,0.000,0.000,0.000,30.000000
21156521.000000,4,33.000,0.000,0.000,0.000,0.000,33.000000
21156879.000000,4,36.000,0.000,0.000,0.000,0.000,36.000000
21157213.000000,4,36.000,16.000,0.000,0.000,0.000,52.000000
21157556.000000,4,35.000,8.000,0.000,0.000,0.000,43.000000
21157911.000000,4,36.000,0.000,0.000,0.000,0.000,36.000000
21158253.000000,4,36.000,0.000,0.000,0.000,0.000,36.000000
21158593.000000,4,35.000,0.000,0.000,0.000,0.000,35.000000
21158946.000000,4,36.000,0.000,0.000,0.000,0.000,36.000000
21159297.000000,4,36.000,0.000,0.000,0.000,0.000,36.000000
21159649.000000,4,36.000,0.000,0.000,0.000,0.000,36.000000
21159992.000000,4,35.000,0.000,0.000,0.000,0.000,35.000000
21160349.000000,4,36.000,0.000,0.000,0.000,0.000,36.000000
21160699.000000,4,36.000,0.000,0.000,0.000,0.000,36.000000
21161060.000000,4,35.000,0.000,0.000,0.000,0.000,35.000000
21161410.000000,4,36.000,0.000,0.000,0.000,0.000,36.000000
21161764.000000,4,36.000,0.000,0.000,0.000,0.000,36.000000
21162111.000000,4,32.000,0.000,0.000,0.000,0.000,32.000000
21162461.000000,4,29.000,12.000,0.000,0.000,0.000,41.000000
21162804.000000,4,30.000,0.000,0.000,0.000,0.000,30.000000
21163146.000000,4,30.000,0.000,0.000,0.000,0.000,30.000000
21163495.000000,4,35.000,0.000,0.000,0.000,0.000,35.000000
21163833.000000,4,36.000,0.000,0.000,0.000,0.000,36.000000
21164184.000000,4,36.000,0.000,0.000,0.000,0.000,36.000000
21164535.000000,4,36.000,0.000,0.000,0.000,0.000,36.000000
21164885.000000,4,35.000,0.000,0.000,0.000,0.000,35.000000
21165242.000000,4,36.000,0.000,0.000,0.000,0.000,36.000000
21165587.000000,4,33.000,0.000,0.000,0.000,0.000,33.000000
21165933.000000,4,30.000,0.000,0.000,0.000,0.000,30.000000
21166283.000000,4,31.000,0.000,0.000,0.000,0.000,31.000000
21166621.000000,4,36.000,0.000,0.000,0.000,0.000,36.000000
21166971.000000,4,35.000,0.000,0.000,0.000,0.000,35.000000
21167319.000000,4,36.000,0.000,0.000,0.000,0.000,36.000000
21167679.000000,4,36.000,0.000,0.000,0.000,0.000,36.000000
21168043.000000,4,36.000,0.000,0.000,0.000,0.000,36.000000
21168396.000000,4,35.000,0.000,0.000,0.000,0.000,35.000000
21168733.000000,4,36.000,0.000,0.000,0.000,0.000,36.000000
21169086.000000,4,36.000,0.000,0.000,0.000,0.000,36.000000
21169429.000000,4,35.000,0.000,0.000,0.000,0.000,35.000000
21169785.000000,4,36.000,0.000,0.000,0.000,0.000,36.000000
21170125.000000,4,36.000,0.000,0.000,0.000,0.000,36.000000
21170475.000000,4,36.000,0.000,0.000,0.000,0.000,36.000000
21170817.000000,4,35.000,0.000,0.000,0.000,0.000,35.000000
21171163.000000,4,36.000,0.000,0.000,0.000,0.000,36.000000
21171502.000000,4,36.000,0.000,0.000,0.000,0.000,36.000000
21171842.000000,4,35.000,0.000,0.000,0.000,0.000,35.000000
21172194.000000,4,36.000,0.000,0.000,0.000,0.000,36.000000
21172543.000000,4,36.000,0.000,0.000,0.000,0.000,36.000000
21172895.000000,4,36.000,0.000,0.000,0.000,0.000,36.000000
21173246.000000,4,35.000,0.000,0.000,0.000,0.000,35.000000
21173586.000000,4,36.000,0.000,0.000,0.000,0.000,36.000000
21173932.000000,4,36.000,0.000,0.000,0.000,0.000,36.000000
21174279.000000,4,35.000,0.000,0.000,0.000,0.000,35.000000
21174617.000000,4,36.000,0.000,0.000,0.000,0.000,36.000000
21174940.000000,4,36.000,0.000,0.000,0.000,0.000,36.000000
21175298.000000,4,36.000,0.000,0.000,0.000,0.000,36.000000
21175644.000000,4,35.000,0.000,0.000,0.000,0.000,35.000000
21175995.000000,4,36.000,0.000,0.000,0.000,0.000,36.000000
21176343.000000,4,30.000,6.000,0.000,0.000,0.000,36.000000
21176695.000000,4,29.000,12.000,0.000,0.000,0.000,41.000000
21177043.000000,4,33.000,0.000,0.000,0.000,0.000,33.000000
21177393.000000,4,36.000,0.000,0.000,0.000,0.000,36.000000
21177743.000000,4,35.000,0.000,0.000,0.000,0.000,35.000000
21178092.000000,4,36.000,0.000,0.000,0.000,0.000,36.000000
21178441.000000,4,36.000,0.000,0.000,0.000,0.000,36.000000
21178789.000000,4,36.000,0.000,0.000,0.000,0.000,36.000000
21179137.000000,4,35.000,0.000,0.000,0.000,0.000,35.000000
21179489.000000,4,36.000,0.000,0.000,0.000,0.000,36.000000
21179834.000000,4,36.000,0.000,0.000,0.000,0.000,36.000000
21180187.000000,4,35.000,0.000,0.000,0.000,0.000,35.000000
21180529.000000,4,36.000,0.000,0.000,0.000,0.000,36.000000
21180891.000000,4,36.000,0.000,0.000,0.000,0.000,36.000000
21181247.000000,4,36.000,0.000,0.000,0.000,0.000,36.000000
21181596.000000,4,35.000,0.000,0.000,0.000,0.000,35.000000
21181941.000000,4,36.000,0.000,0.000,0.000,0.000,36.000000
21182287.000000,4,29.000,0.000,0.000,0.000,0.000,29.000000
21182643.000000,4,30.000,3.000,0.000,0.000,0.000,33.000000
21182995.000000,4,26.000,15.000,0.000,0.000,0.000,41.000000
21183345.000000,4,31.000,0.000,0.000,0.000,0.000,31.000000
21183682.000000,4,29.000,0.000,0.000,0.000,0.000,29.000000
21184030.000000,4,31.000,0.000,0.000,0.000,0.000,31.000000
21184376.000000,4,30.000,0.000,0.000,0.000,0.000,30.000000
21184726.000000,4,32.000,0.000,0.000,0.000,0.000,32.000000
21185079.000000,4,35.000,0.000,0.000,0.000,0.000,35.000000
21185432.000000,4,36.000,0.000,0.000,0.000,0.000,36.000000
21185774.000000,4,36.000,0.000,0.000,0.000,0.000,36.000000
21186120.000000,4,35.000,0.000,0.000,0.000,0.000,35.000000
21186476.000000,4,36.000,0.000,0.000,0.000,0.000,36.000000
21186824.000000,4,36.000,0.000,0.000,0.000,0.000,36.000000
21187177.000000,4,36.000,0.000,0.000,0.000,0.000,36.000000
21187518.000000,4,35.000,0.000,0.000,0.000,0.000,35.000000
21187867.000000,4,36.000,0.000,0.000,0.000,0.000,36.000000
21188219.000000,4,36.000,0.000,0.000,0.000,0.000,36.000000
21188569.000000,4,35.000,0.000,0.000,0.000,0.000,35.000000
21188913.000000,4,36.000,0.000,0.000,0.000,0.000,36.000000
21189262.000000,4,36.000,0.000,0.000,0.000,0.000,36.000000
21189614.000000,4,36.000,0.000,0.000,0.000,0.000,36.000000
21189959.000000,4,35.000,0.000,0.000,0.000,0.000,35.000000
21190317.000000,4,36.000,0.000,0.000,0.000,0.000,36.000000
21190665.000000,4,36.000,0.000,0.000,0.000,0.000,36.000000
21191021.000000,4,35.000,0.000,0.000,0.000,0.000,35.000000
21191374.000000,5,36.000,30.000,24.000,0.000,0.000,90.000000
21191722.000000,5,36.000,35.000,30.000,0.000,0.000,101.000000
21192077.000000,5,36.000,36.000,30.000,0.000,0.000,102.000000
21192419.000000,5,35.000,36.000,29.000,0.000,0.000,100.000000
21192765.000000,5,36.000,36.000,31.000,0.000,0.000,103.000000
21193111.000000,5,36.000,35.000,31.000,0.000,0.000,102.000000
21193456.000000,5,35.000,36.000,32.000,0.000,0.000,103.000000
21193808.000000,5,36.000,36.000,31.000,0.000,0.000,103.000000
21194163.000000,5,36.000,35.000,31.000,0.000,0.000,102.000000
21194513.000000,5,36.000,36.000,31.000,0.000,0.000,103.000000
21194858.000000,5,42.000,36.000,32.000,0.000,0.000,110.000000
21195209.000000,5,40.000,37.000,31.000,0.000,0.000,108.000000
21195556.000000,5,36.000,41.000,31.000,0.000,0.000,108.000000
21195897.000000,5,36.000,42.000,31.000,0.000,0.000,109.000000
21196250.000000,5,36.000,42.000,31.000,0.000,0.000,109.000000
21196591.000000,5,35.000,41.000,30.000,0.000,0.000,106.000000
21196939.000000,5,38.000,42.000,27.000,15.000,0.000,122.000000
21197284.000000,5,42.000,39.000,21.000,30.000,0.000,132.000000
21197639.000000,5,36.000,36.000,30.000,0.000,0.000,102.000000
21197996.000000,5,36.000,36.000,30.000,0.000,0.000,102.000000
21198345.000000,5,36.000,35.000,30.000,0.000,0.000,101.000000
21198697.000000,5,35.000,36.000,30.000,0.000,0.000,101.000000
21199054.000000,5,36.000,36.000,28.000,0.000,0.000,100.000000
21199403.000000,5,36.000,35.000,28.000,0.000,0.000,99.000000
21199751.000000,5,36.000,36.000,29.000,0.000,0.000,101.000000
21200093.000000,5,35.000,36.000,30.000,0.000,0.000,101.000000
21200436.000000,5,36.000,36.000,33.000,0.000,0.000,105.000000
21200776.000000,5,36.000,35.000,32.000,0.000,0.000,103.000000
21201139.000000,5,35.000,36.000,29.000,0.000,0.000,100.000000
21201485.000000,5,36.000,36.000,29.000,0.000,0.000,101.000000
21201836.000000,5,36.000,35.000,30.000,0.000,0.000,101.000000
21202193.000000,5,36.000,36.000,30.000,0.000,0.000,102.000000
21202542.000000,5,35.000,36.000,31.000,0.000,0.000,102.000000
21202877.000000,5,36.000,36.000,28.000,0.000,0.000,100.000000
21203224.000000,5,36.000,35.000,32.000,0.000,0.000,103.000000
21203573.000000,5,35.000,36.000,30.000,0.000,0.000,101.000000
21203921.000000,5,36.000,36.000,30.000,0.000,0.000,102.000000
21204266.000000,5,36.000,35.000,30.000,0.000,0.000,101.000000
21204618.000000,5,35.000,36.000,30.000,0.000,0.000,101.000000
21204967.000000,5,36.000,36.000,29.000,0.000,0.000,101.000000
21205316.000000,5,36.000,35.000,29.000,0.000,0.000,100.000000
21205665.000000,5,35.000,36.000,31.000,0.000,0.000,102.000000
21206005.000000,5,36.000,36.000,29.000,3.000,0.000,104.000000
21206343.000000,5,36.000,35.000,31.000,0.000,0.000,102.000000
21206692.000000,5,35.000,36.000,29.000,0.000,0.000,100.000000
21207039.000000,5,36.000,36.000,30.000,0.000,0.000,102.000000
21207384.000000,5,36.000,36.000,30.000,0.000,0.000,102.000000
21207736.000000,5,36.000,35.000,30.000,0.000,0.000,101.000000
21208083.000000,5,35.000,36.000,30.000,0.000,0.000,101.000000
21208437.000000,5,36.000,36.000,31.000,0.000,0.000,103.000000
21208780.000000,5,36.000,35.000,30.000,0.000,0.000,101.000000
21209130.000000,5,35.000,36.000,29.000,0.000,0.000,100.000000
21209481.000000,5,36.000,36.000,29.000,0.000,0.000,101.000000
21209824.000000,5,36.000,36.000,30.000,0.000,0.000,102.000000
21210176.000000,5,36.000,35.000,29.000,0.000,0.000,100.000000
21210521.000000,5,35.000,36.000,29.000,0.000,0.000,100.000000
21210872.000000,5,36.000,36.000,31.000,0.000,0.000,103.000000
21211215.000000,5,36.000,35.000,32.000,0.000,0.000,103.000000
21211559.000000,5,35.000,36.000,31.000,0.000,0.000,102.000000
21211898.000000,5,36.000,36.000,31.000,0.000,0.000,103.000000
21212250.000000,5,36.000,36.000,31.000,0.000,0.000,103.000000
21212603.000000,5,36.000,35.000,32.000,0.000,0.000,103.000000
21212942.000000,5,35.000,36.000,31.000,0.000,0.000,102.000000
21213295.000000,5,36.000,36.000,31.000,0.000,0.000,103.000000
21213653.000000,5,36.000,35.000,31.000,0.000,0.000,102.000000
21214003.000000,5,35.000,36.000,31.000,0.000,0.000,102.000000
21214349.000000,5,36.000,36.000,29.000,0.000,0.000,101.000000
21214695.000000,5,36.000,36.000,31.000,0.000,0.000,103.000000
21215042.000000,5,36.000,35.000,25.000,14.000,0.000,110.000000
21215396.000000,5,35.000,36.000,19.000,30.000,0.000,120.000000
21215733.000000,5,36.000,35.000,19.000,30.000,0.000,120.000000
21216075.000000,5,36.000,36.000,23.000,21.000,0.000,116.000000
21216423.000000,5,35.000,36.000,30.000,0.000,0.000,101.000000
21216768.000000,5,36.000,36.000,29.000,0.000,0.000,101.000000
21217113.000000,5,36.000,35.000,30.000,0.000,0.000,101.000000
21217464.000000,5,36.000,36.000,30.000,0.000,0.000,102.000000
21217816.000000,5,35.000,36.000,28.000,0.000,0.000,99.000000
21218166.000000,5,36.000,35.000,30.000,0.000,0.000,101.000000
21218512.000000,5,36.000,36.000,29.000,0.000,0.000,101.000000
21218863.000000,5,35.000,36.000,28.000,0.000,0.000,99.000000
21219209.000000,5,36.000,36.000,31.000,0.000,0.000,103.000000
21219546.000000,5,36.000,35.000,30.000,0.000,0.000,101.000000
21219881.000000,5,36.000,36.000,29.000,0.000,0.000,101.000000
21220223.000000,5,35.000,36.000,29.000,0.000,0.000,100.000000
21220571.000000,5,36.000,35.000,30.000,0.000,0.000,101.000000
21220920.000000,5,36.000,36.000,29.000,0.000,0.000,101.000000
21221264.000000,5,35.000,36.000,30.000,0.000,0.000,101.000000
21221617.000000,5,36.000,36.000,30.000,0.000,0.000,102.000000
21221962.000000,5,36.000,35.000,30.000,0.000,0.000,101.000000
21222309.000000,5,36.000,36.000,30.000,0.000,0.000,102.000000
21222670.000000,5,35.000,36.000,30.000,0.000,0.000,101.000000
21223018.000000,5,36.000,35.000,30.000,0.000,0.000,101.000000
21223356.000000,5,36.000,36.000,30.000,0.000,0.000,102.000000
21223705.000000,5,35.000,36.000,29.000,0.000,0.000,100.000000
21224059.000000,5,36.000,36.000,30.000,0.000,0.000,102.000000
21224406.000000,5,36.000,35.000,31.000,0.000,0.000,102.000000
21224745.000000,5,36.000,36.000,29.000,0.000,0.000,101.000000
21225087.000000,5,35.000,36.000,29.000,0.000,0.000,100.000000
21225421.000000,5,36.000,35.000,32.000,0.000,0.000,103.000000
21225765.000000,5,36.000,36.000,31.000,0.000,0.000,103.000000
21226118.000000,5,35.000,36.000,31.000,0.000,0.000,102.000000
21226470.000000,5,36.000,36.000,31.000,0.000,0.000,103.000000
21226812.000000,5,36.000,35.000,32.000,0.000,0.000,103.000000
21227165.000000,5,36.000,36.000,31.000,0.000,0.000,103.000000
21227516.000000,5,35.000,36.000,30.000,0.000,0.000,101.000000
21227862.000000,5,36.000,35.000,28.000,0.000,0.000,99.000000
21228206.000000,5,36.000,36.000,25.000,10.000,0.000,107.000000
21228551.000000,5,35.000,36.000,30.000,2.000,0.000,103.000000
21228899.000000,5,36.000,36.000,29.000,0.000,0.000,101.000000
21229243.000000,5,36.000,35.000,29.000,0.000,0.000,100.000000
21229596.000000,5,36.000,36.000,28.000,0.000,0.000,100.000000
21229942.000000,5,35.000,36.000,30.000,0.000,0.000,101.000000
21230287.000000,5,36.000,35.000,31.000,0.000,0.000,102.000000
21230636.000000,5,36.000,35.000,31.000,0.000,0.000,102.000000
21230976.000000,5,35.000,35.000,30.000,0.000,0.000,100.000000
21231331.000000,5,36.000,36.000,30.000,0.000,0.000,102.000000
21231682.000000,5,36.000,36.000,29.000,0.000,0.000,101.000000
21232035.000000,5,36.000,36.000,30.000,0.000,0.000,102.000000
21232382.000000,5,35.000,30.000,30.000,0.000,0.000,95.000000
21232729.000000,5,36.000,30.000,29.000,0.000,0.000,95.000000
21233074.000000,5,36.000,29.000,30.000,0.000,0.000,95.000000
21233419.000000,5,34.000,31.000,30.000,0.000,0.000,95.000000
21233761.000000,5,31.000,35.000,32.000,0.000,0.000,98.000000
21234106.000000,5,36.000,36.000,36.000,0.000,0.000,108.000000
21234457.000000,5,35.000,36.000,36.000,0.000,0.000,107.000000
21234790.000000,5,36.000,35.000,35.000,0.000,0.000,106.000000
21235139.000000,5,36.000,36.000,36.000,0.000,0.000,108.000000
21235486.000000,5,35.000,36.000,32.000,0.000,0.000,103.000000
21235849.000000,5,36.000,35.000,29.000,0.000,0.000,100.000000
21236199.000000,5,35.000,36.000,29.000,0.000,0.000,100.000000
21236552.000000,5,36.000,36.000,31.000,0.000,0.000,103.000000
21236900.000000,5,35.000,34.000,30.000,0.000,0.000,99.000000
21237244.000000,5,36.000,29.000,31.000,0.000,0.000,96.000000
21237596.000000,5,35.000,31.000,29.000,0.000,0.000,95.000000
21237938.000000,5,36.000,36.000,30.000,0.000,0.000,102.000000
21238279.000000,5,36.000,35.000,31.000,0.000,0.000,102.000000
21238628.000000,5,35.000,36.000,30.000,0.000,0.000,101.000000
21238972.000000,5,36.000,36.000,31.000,0.000,0.000,103.000000
21239320.000000,5,36.000,35.000,29.000,0.000,0.000,100.000000
21239665.000000,5,36.000,31.000,29.000,0.000,0.000,96.000000
21240006.000000,5,35.000,30.000,31.000,0.000,0.000,96.000000
21240356.000000,5,36.000,29.000,30.000,0.000,0.000,95.000000
21240696.000000,5,36.000,34.000,28.000,0.000,0.000,98.000000
21241053.000000,5,35.000,35.000,31.000,0.000,0.000,101.000000
21241398.000000,5,36.000,36.000,30.000,0.000,0.000,102.000000
21241759.000000,5,36.000,36.000,29.000,0.000,0.000,101.000000
21242106.000000,5,36.000,30.000,30.000,0.000,0.000,96.000000
21242463.000000,5,35.000,29.000,29.000,3.000,0.000,96.000000
21242815.000000,5,36.000,31.000,30.000,0.000,0.000,97.000000
21243159.000000,5,30.000,35.000,29.000,0.000,0.000,94.000000
21243504.000000,5,30.000,36.000,29.000,0.000,0.000,95.000000
21243854.000000,5,30.000,36.000,30.000,0.000,0.000,96.000000
21244205.000000,5,34.000,32.000,29.000,0.000,0.000,95.000000
21244562.000000,5,35.000,34.000,30.000,0.000,0.000,99.000000
21244916.000000,5,36.000,36.000,29.000,0.000,0.000,101.000000
21245251.000000,5,36.000,35.000,28.000,0.000,0.000,99.000000
21245609.000000,5,36.000,30.000,28.000,0.000,0.000,94.000000
21245956.000000,5,35.000,30.000,29.000,0.000,0.000,94.000000
21246305.000000,5,36.000,30.000,29.000,0.000,0.000,95.000000
21246656.000000,5,36.000,30.000,29.000,0.000,0.000,95.000000
21246999.000000,5,35.000,33.000,29.000,0.000,0.000,97.000000
21247345.000000,5,36.000,35.000,30.000,0.000,0.000,101.000000
21247700.000000,5,32.000,35.000,29.000,0.000,0.000,96.000000
21248056.000000,5,36.000,34.000,30.000,0.000,0.000,100.000000
21248403.000000,5,36.000,35.000,30.000,0.000,0.000,101.000000
21248757.000000,5,35.000,36.000,30.000,0.000,0.000,101.000000
21249108.000000,5,36.000,31.000,30.000,0.000,0.000,97.000000
21249455.000000,5,36.000,29.000,30.000,0.000,0.000,95.000000
21249795.000000,5,36.000,29.000,30.000,0.000,0.000,95.000000
21250140.000000,5,35.000,30.000,30.000,0.000,0.000,95.000000
21250491.000000,5,36.000,30.000,30.000,0.000,0.000,96.000000
21250836.000000,5,36.000,30.000,31.000,0.000,0.000,97.000000
21251180.000000,5,35.000,31.000,29.000,0.000,0.000,95.000000
21251516.000000,5,36.000,30.000,30.000,0.000,0.000,96.000000
21251864.000000,5,36.000,31.000,31.000,0.000,0.000,98.000000
21252209.000000,5,36.000,31.000,30.000,0.000,0.000,97.000000
21252561.000000,5,35.000,30.000,31.000,0.000,0.000,96.000000
21252909.000000,5,36.000,29.000,28.000,0.000,0.000,93.000000
21253256.000000,5,36.000,30.000,30.000,0.000,0.000,96.000000
21253599.000000,5,32.000,33.000,29.000,0.000,0.000,94.000000
21253957.000000,5,31.000,36.000,31.000,0.000,0.000,98.000000
21254298.000000,5,36.000,36.000,28.000,0.000,0.000,100.000000
21254650.000000,5,35.000,35.000,31.000,0.000,0.000,101.000000
21254999.000000,5,42.000,36.000,29.000,0.000,0.000,107.000000
21255339.000000,5,41.000,35.000,31.000,0.000,0.000,107.000000
21255693.000000,5,38.000,36.000,29.000,0.000,0.000,103.000000
21256033.000000,5,36.000,33.000,30.000,0.000,0.000,99.000000
21256380.000000,5,35.000,29.000,28.000,0.000,0.000,92.000000
21256729.000000,5,30.000,35.000,31.000,0.000,0.000,96.000000
21257075.000000,5,30.000,36.000,30.000,0.000,0.000,96.000000
21257436.000000,5,32.000,33.000,30.000,0.000,0.000,95.000000
21257778.000000,5,36.000,34.000,28.000,0.000,0.000,98.000000
21258131.000000,5,36.000,36.000,32.000,0.000,0.000,104.000000
21258482.000000,5,35.000,36.000,28.000,0.000,0.000,99.000000
21258833.000000,5,36.000,35.000,28.000,0.000,0.000,99.000000
21259176.000000,5,36.000,36.000,29.000,0.000,0.000,101.000000
21259520.000000,5,36.000,36.000,31.000,0.000,0.000,103.000000
21259871.000000,5,35.000,35.000,29.000,0.000,0.000,99.000000
21260210.000000,5,36.000,36.000,29.000,0.000,0.000,101.000000
21260555.000000,5,36.000,36.000,30.000,0.000,0.000,102.000000
21260912.000000,5,35.000,36.000,30.000,0.000,0.000,101.000000
21261259.000000,5,36.000,35.000,28.000,0.000,0.000,99.000000
21261596.000000,5,36.000,33.000,30.000,0.000,0.000,99.000000
21261942.000000,5,36.000,29.000,31.000,0.000,0.000,96.000000
21262296.000000,5,35.000,31.000,30.000,0.000,0.000,96.000000
21262636.000000,5,36.000,36.000,28.000,0.000,0.000,100.000000
21262973.000000,5,36.000,36.000,29.000,0.000,0.000,101.000000
21263326.000000,5,35.000,35.000,28.000,0.000,0.000,98.000000
21263675.000000,5,37.000,32.000,30.000,0.000,0.000,99.000000
21264013.000000,5,42.000,32.000,28.000,0.000,0.000,102.000000
21264369.000000,5,35.000,35.000,31.000,0.000,0.000,101.000000
21264716.000000,5,36.000,36.000,30.000,0.000,0.000,102.000000
21265064.000000,5,36.000,36.000,30.000,0.000,0.000,102.000000
21265411.000000,5,36.000,33.000,28.000,0.000,0.000,97.000000
21265754.000000,5,32.000,33.000,29.000,0.000,0.000,94.000000
21266105.000000,5,30.000,36.000,30.000,0.000,0.000,96.000000
21266465.000000,5,30.000,36.000,29.000,0.000,0.000,95.000000
21266806.000000,5,34.000,34.000,29.000,0.000,0.000,97.000000
21267159.000000,5,35.000,36.000,31.000,0.000,0.000,102.000000
21267510.000000,5,36.000,35.000,30.000,0.000,0.000,101.000000
21267850.000000,5,36.000,36.000,29.000,0.000,0.000,101.000000
21268204.000000,5,36.000,36.000,29.000,0.000,0.000,101.000000
21268546.000000,5,35.000,36.000,29.000,0.000,0.000,100.000000
21268901.000000,5,33.000,35.000,19.000,27.000,0.000,114.000000
21269249.000000,5,35.000,35.000,26.000,9.000,0.000,105.000000
21269596.000000,5,36.000,30.000,29.000,0.000,0.000,95.000000
21269950.000000,5,35.000,29.000,30.000,0.000,0.000,94.000000
21270294.000000,5,36.000,30.000,30.000,0.000,0.000,96.000000
21270637.000000,5,35.000,30.000,31.000,0.000,0.000,96.000000
21270992.000000,5,31.000,34.000,31.000,0.000,0.000,96.000000
21271339.000000,5,30.000,35.000,29.000,0.000,0.000,94.000000
21271688.000000,5,33.000,35.000,28.000,0.000,0.000,96.000000
21272039.000000,5,36.000,35.000,31.000,0.000,0.000,102.000000
21272380.000000,5,36.000,36.000,31.000,0.000,0.000,103.000000
21272726.000000,5,36.000,31.000,31.000,0.000,0.000,98.000000
21273073.000000,5,35.000,30.000,31.000,5.000,0.000,101.000000
21273416.000000,5,36.000,31.000,28.000,0.000,0.000,95.000000
21273753.000000,5,36.000,31.000,32.000,0.000,0.000,99.000000
21274098.000000,5,35.000,30.000,28.000,0.000,0.000,93.000000
21274442.000000,5,36.000,36.000,25.000,0.000,0.000,97.000000
21274785.000000,5,36.000,36.000,26.000,19.000,0.000,117.000000
21275130.000000,5,36.000,32.000,26.000,11.000,0.000,105.000000
21275482.000000,5,35.000,26.000,29.000,0.000,0.000,90.000000
21275833.000000,5,36.000,30.000,31.000,0.000,0.000,97.000000
21276187.000000,5,36.000,29.000,30.000,0.000,0.000,95.000000
21276543.000000,5,35.000,29.000,30.000,0.000,0.000,94.000000
21276904.000000,5,36.000,31.000,25.000,0.000,0.000,92.000000
21277256.000000,5,36.000,29.000,27.000,10.000,0.000,102.000000
21277604.000000,5,36.000,30.000,26.000,23.000,0.000,115.000000
21277951.000000,5,34.000,30.000,27.000,6.000,0.000,97.000000
21278294.000000,5,30.000,36.000,26.000,6.000,0.000,98.000000
21278643.000000,5,30.000,35.000,27.000,0.000,0.000,92.000000
21278994.000000,5,30.000,36.000,25.000,0.000,0.000,91.000000
21279340.000000,5,30.000,36.000,26.000,0.000,0.000,92.000000
21279687.000000,5,34.000,32.000,25.000,0.000,0.000,91.000000
21280035.000000,5,36.000,31.000,25.000,0.000,0.000,92.000000
21280388.000000,5,36.000,36.000,26.000,0.000,0.000,98.000000
21280742.000000,5,36.000,36.000,25.000,0.000,0.000,97.000000
21281091.000000,5,35.000,35.000,26.000,2.000,0.000,98.000000
21281434.000000,5,36.000,36.000,25.000,0.000,0.000,97.000000
21281783.000000,5,36.000,34.000,27.000,0.000,0.000,97.000000
21282133.000000,5,35.000,29.000,31.000,0.000,0.000,95.000000
21282473.000000,5,36.000,31.000,31.000,0.000,0.000,98.000000
21282821.000000,5,36.000,30.000,30.000,0.000,0.000,96.000000
21283170.000000,5,36.000,31.000,26.000,0.000,0.000,93.000000
21283511.000000,5,35.000,30.000,25.000,0.000,0.000,90.000000
21283860.000000,5,36.000,30.000,27.000,0.000,0.000,93.000000
21284205.000000,5,36.000,30.000,31.000,0.000,0.000,97.000000
21284559.000000,5,33.000,31.000,30.000,0.000,0.000,94.000000
21284903.000000,5,31.000,36.000,25.000,0.000,0.000,92.000000
21285250.000000,5,30.000,35.000,26.000,0.000,0.000,91.000000
21285600.000000,5,30.000,36.000,26.000,0.000,0.000,92.000000
21285958.000000,5,33.000,33.000,25.000,7.000,0.000,98.000000
21286301.000000,5,35.000,30.000,26.000,0.000,0.000,91.000000
21286648.000000,5,36.000,30.000,26.000,0.000,0.000,92.000000
21286990.000000,5,36.000,30.000,26.000,0.000,0.000,92.000000
21287342.000000,5,36.000,30.000,26.000,0.000,0.000,92.000000
21287689.000000,5,35.000,30.000,25.000,0.000,0.000,90.000000
21288030.000000,5,36.000,30.000,26.000,0.000,0.000,92.000000
21288378.000000,5,36.000,30.000,26.000,0.000,0.000,92.000000
21288732.000000,5,35.000,29.000,25.000,0.000,0.000,89.000000
21289085.000000,5,36.000,29.000,26.000,0.000,0.000,91.000000
21289437.000000,5,36.000,30.000,28.000,0.000,0.000,94.000000
21289788.000000,5,36.000,31.000,28.000,12.000,0.000,107.000000
21290138.000000,5,35.000,30.000,27.000,2.000,0.000,94.000000
21290487.000000,5,36.000,31.000,26.000,2.000,0.000,95.000000
21290837.000000,5,36.000,30.000,26.000,0.000,0.000,92.000000
21291186.000000,5,35.000,29.000,27.000,5.000,0.000,96.000000
21291544.000000,5,36.000,28.000,29.000,10.000,0.000,103.000000
21291894.000000,5,36.000,31.000,29.000,18.000,0.000,114.000000
21292247.000000,5,36.000,29.000,28.000,0.000,0.000,93.000000
21292596.000000,5,35.000,30.000,26.000,0.000,0.000,91.000000
21292943.000000,5,36.000,30.000,27.000,0.000,0.000,93.000000
21293299.000000,5,36.000,30.000,26.000,0.000,0.000,92.000000
21293646.000000,5,35.000,30.000,26.000,0.000,0.000,91.000000
21293992.000000,5,36.000,30.000,26.000,0.000,0.000,92.000000
21294343.000000,5,36.000,30.000,25.000,0.000,0.000,91.000000
21294698.000000,5,36.000,33.000,26.000,0.000,0.000,95.000000
21295047.000000,5,35.000,35.000,27.000,0.000,0.000,97.000000
21295397.000000,5,36.000,36.000,25.000,0.000,0.000,97.000000
21295749.000000,5,36.000,36.000,26.000,0.000,0.000,98.000000
21296094.000000,5,35.000,30.000,26.000,0.000,0.000,91.000000
21296440.000000,5,36.000,29.000,25.000,0.000,0.000,90.000000
21296792.000000,5,36.000,28.000,27.000,0.000,0.000,91.000000
21297136.000000,5,36.000,32.000,29.000,0.000,0.000,97.000000
21297486.000000,5,34.000,31.000,32.000,0.000,0.000,97.000000
21297841.000000,5,35.000,28.000,26.000,0.000,0.000,89.000000
21298185.000000,5,36.000,30.000,27.000,0.000,0.000,93.000000
21298518.000000,5,35.000,31.000,25.000,0.000,0.000,91.000000
21298871.000000,5,36.000,30.000,26.000,0.000,0.000,92.000000
21299218.000000,5,36.000,29.000,31.000,0.000,0.000,96.000000
21299560.000000,5,36.000,30.000,31.000,0.000,0.000,97.000000
21299907.000000,5,35.000,30.000,32.000,0.000,0.000,97.000000
21300250.000000,5,36.000,29.000,31.000,0.000,0.000,96.000000
21300613.000000,5,36.000,30.000,31.000,0.000,0.000,97.000000
21300962.000000,5,35.000,29.000,31.000,0.000,0.000,95.000000
21301318.000000,5,36.000,29.000,30.000,0.000,0.000,95.000000
21301675.000000,5,36.000,28.000,30.000,0.000,0.000,94.000000
21302019.000000,5,36.000,29.000,31.000,0.000,0.000,96.000000
21302384.000000,5,35.000,31.000,28.000,0.000,0.000,94.000000
21302729.000000,5,36.000,29.000,31.000,0.000,0.000,96.000000
21303085.000000,5,36.000,30.000,28.000,0.000,0.000,94.000000
21303432.000000,5,35.000,31.000,25.000,0.000,0.000,91.000000
21303784.000000,5,29.000,33.000,28.000,0.000,0.000,90.000000
21304145.000000,5,30.000,34.000,26.000,0.000,0.000,90.000000
21304507.000000,5,36.000,30.000,26.000,0.000,0.000,92.000000
21304854.000000,5,36.000,36.000,27.000,0.000,0.000,99.000000
21305208.000000,5,35.000,36.000,26.000,0.000,0.000,97.000000
21305558.000000,5,36.000,35.000,29.000,0.000,0.000,100.000000
21305901.000000,5,36.000,36.000,30.000,0.000,0.000,102.000000
21306239.000000,5,35.000,36.000,30.000,0.000,0.000,101.000000
21306574.000000,5,36.000,35.000,29.000,0.000,0.000,100.000000
21306923.000000,5,36.000,36.000,31.000,0.000,0.000,103.000000
21307267.000000,5,36.000,36.000,29.000,0.000,0.000,101.000000
21307611.000000,5,35.000,35.000,30.000,0.000,0.000,100.000000
21307953.000000,5,36.000,29.000,31.000,0.000,0.000,96.000000
21308300.000000,5,36.000,31.000,30.000,0.000,0.000,97.000000
21308653.000000,5,35.000,29.000,29.000,0.000,0.000,93.000000
21308994.000000,6,36.000,31.000,22.000,0.000,0.000,89.000000
21309340.000000,6,36.000,35.000,0.000,0.000,0.000,71.000000
21309688.000000,6,36.000,36.000,0.000,0.000,0.000,72.000000
21310037.000000,6,35.000,35.000,0.000,0.000,0.000,70.000000
21310387.000000,6,36.000,29.000,0.000,0.000,0.000,65.000000
21310732.000000,6,36.000,29.000,0.000,0.000,0.000,65.000000
21311075.000000,6,35.000,31.000,0.000,0.000,0.000,66.000000
21311439.000000,6,36.000,29.000,0.000,0.000,0.000,65.000000
21311787.000000,6,36.000,30.000,0.000,0.000,0.000,66.000000
21312128.000000,6,36.000,30.000,0.000,0.000,0.000,66.000000
21312472.000000,6,35.000,31.000,0.000,0.000,0.000,66.000000
21312824.000000,6,36.000,29.000,0.000,0.000,0.000,65.000000
21313173.000000,6,36.000,31.000,0.000,0.000,0.000,67.000000
21313509.000000,6,35.000,34.000,0.000,0.000,0.000,69.000000
21313848.000000,6,36.000,36.000,0.000,0.000,0.000,72.000000
21314197.000000,6,36.000,36.000,0.000,0.000,0.000,72.000000
21314561.000000,6,36.000,35.000,0.000,0.000,0.000,71.000000
21314912.000000,6,35.000,36.000,0.000,0.000,0.000,71.000000
21315262.000000,6,36.000,31.000,0.000,0.000,0.000,67.000000
21315602.000000,6,36.000,30.000,0.000,0.000,0.000,66.000000
21315952.000000,6,35.000,28.000,0.000,0.000,0.000,63.000000
21316311.000000,6,36.000,31.000,0.000,0.000,0.000,67.000000
21316654.000000,6,36.000,29.000,0.000,0.000,0.000,65.000000
21316997.000000,6,38.000,27.000,0.000,0.000,0.000,65.000000
21317334.000000,6,42.000,30.000,0.000,0.000,0.000,72.000000
21317688.000000,6,41.000,30.000,0.000,0.000,0.000,71.000000
21318022.000000,6,42.000,30.000,0.000,0.000,0.000,72.000000
21318375.000000,6,37.000,30.000,0.000,0.000,0.000,67.000000
21318725.000000,6,35.000,34.000,0.000,0.000,0.000,69.000000
21319063.000000,6,36.000,32.000,0.000,0.000,0.000,68.000000
21319414.000000,6,36.000,31.000,0.000,0.000,0.000,67.000000
21319758.000000,6,36.000,30.000,0.000,0.000,0.000,66.000000
21320107.000000,6,35.000,29.000,0.000,0.000,0.000,64.000000
21320452.000000,6,36.000,30.000,0.000,0.000,0.000,66.000000
21320795.000000,6,36.000,28.000,7.000,0.000,0.000,71.000000
21321147.000000,6,35.000,32.000,5.000,0.000,0.000,72.000000
21321482.000000,6,36.000,30.000,9.000,0.000,0.000,75.000000
21321837.000000,6,36.000,36.000,0.000,0.000,0.000,72.000000
21322191.000000,6,36.000,33.000,5.000,0.000,0.000,74.000000
21322545.000000,6,35.000,23.000,25.000,0.000,0.000,83.000000
21322882.000000,6,36.000,21.000,29.000,0.000,0.000,86.000000
21323241.000000,6,36.000,20.000,34.000,0.000,0.000,90.000000
21323595.000000,6,35.000,21.000,36.000,0.000,0.000,92.000000
21323928.000000,6,36.000,20.000,31.000,0.000,0.000,87.000000
21324277.000000,6,36.000,21.000,30.000,0.000,0.000,87.000000
21324625.000000,6,36.000,20.000,30.000,0.000,0.000,86.000000
21324973.000000,6,35.000,28.000,7.000,0.000,0.000,70.000000
21325330.000000,6,36.000,29.000,0.000,0.000,0.000,65.000000
21325679.000000,6,36.000,31.000,0.000,0.000,0.000,67.000000
21326024.000000,6,35.000,30.000,0.000,0.000,0.000,65.000000
21326369.000000,6,36.000,30.000,0.000,0.000,0.000,66.000000
21326724.000000,6,36.000,30.000,0.000,0.000,0.000,66.000000
21327068.000000,6,36.000,29.000,0.000,0.000,0.000,65.000000
21327427.000000,6,35.000,29.000,0.000,0.000,0.000,64.000000
21327787.000000,6,36.000,26.000,15.000,0.000,0.000,77.000000
21328135.000000,6,36.000,30.000,0.000,0.000,0.000,66.000000
21328486.000000,6,35.000,30.000,0.000,0.000,0.000,65.000000
21328842.000000,6,36.000,22.000,28.000,5.000,0.000,91.000000
21329190.000000,6,36.000,24.000,26.000,0.000,0.000,86.000000
21329535.000000,6,36.000,32.000,8.000,0.000,0.000,76.000000
21329885.000000,6,35.000,35.000,0.000,0.000,0.000,70.000000
21330237.000000,6,36.000,36.000,0.000,0.000,0.000,72.000000
21330584.000000,6,36.000,36.000,0.000,0.000,0.000,72.000000
21330932.000000,6,35.000,30.000,0.000,0.000,0.000,65.000000
21331290.000000,6,36.000,30.000,0.000,0.000,0.000,66.000000
21331635.000000,6,36.000,30.000,0.000,0.000,0.000,66.000000
21331996.000000,6,36.000,30.000,0.000,0.000,0.000,66.000000
21332342.000000,6,35.000,30.000,0.000,0.000,0.000,65.000000
21332682.000000,6,36.000,30.000,0.000,0.000,0.000,66.000000
21333025.000000,6,36.000,30.000,0.000,0.000,0.000,66.000000
21333380.000000,6,35.000,29.000,0.000,0.000,0.000,64.000000
21333731.000000,6,36.000,29.000,0.000,0.000,0.000,65.000000
21334080.000000,6,36.000,31.000,0.000,0.000,0.000,67.000000
21334434.000000,6,36.000,32.000,0.000,0.000,0.000,68.000000
21334774.000000,6,35.000,36.000,0.000,0.000,0.000,71.000000
21335126.000000,6,36.000,36.000,0.000,0.000,0.000,72.000000
21335470.000000,6,36.000,35.000,0.000,0.000,0.000,71.000000
21335814.000000,6,35.000,36.000,0.000,0.000,0.000,71.000000
21336160.000000,6,36.000,36.000,0.000,0.000,0.000,72.000000
21336507.000000,6,36.000,35.000,0.000,0.000,0.000,71.000000
21336856.000000,6,36.000,36.000,0.000,0.000,0.000,72.000000
21337204.000000,6,35.000,36.000,0.000,0.000,0.000,71.000000
21337555.000000,6,36.000,27.000,0.000,0.000,0.000,63.000000
21337904.000000,6,36.000,28.000,0.000,0.000,0.000,64.000000
21338245.000000,6,35.000,31.000,0.000,0.000,0.000,66.000000
21338590.000000,6,36.000,32.000,0.000,0.000,0.000,68.000000
21338950.000000,6,36.000,29.000,0.000,0.000,0.000,65.000000
21339302.000000,6,36.000,31.000,0.000,0.000,0.000,67.000000
21339647.000000,6,35.000,30.000,0.000,0.000,0.000,65.000000
21339997.000000,6,36.000,31.000,0.000,0.000,0.000,67.000000
21340348.000000,6,36.000,30.000,0.000,0.000,0.000,66.000000
21340686.000000,6,35.000,30.000,0.000,0.000,0.000,65.000000
21341024.000000,6,36.000,29.000,0.000,0.000,0.000,65.000000
21341385.000000,6,36.000,30.000,0.000,0.000,0.000,66.000000
21341728.000000,6,36.000,31.000,0.000,0.000,0.000,67.000000
21342081.000000,6,35.000,28.000,0.000,0.000,0.000,63.000000
21342428.000000,6,36.000,30.000,0.000,0.000,0.000,66.000000
21342775.000000,6,36.000,29.000,0.000,0.000,0.000,65.000000
21343125.000000,6,35.000,30.000,0.000,0.000,0.000,65.000000
21343456.000000,6,36.000,31.000,0.000,0.000,0.000,67.000000
21343805.000000,6,36.000,30.000,0.000,0.000,0.000,66.000000
21344156.000000,6,36.000,30.000,0.000,0.000,0.000,66.000000
21344499.000000,6,35.000,30.000,0.000,0.000,0.000,65.000000
21344852.000000,6,36.000,27.000,11.000,0.000,0.000,74.000000
21345196.000000,6,36.000,30.000,0.000,0.000,0.000,66.000000
21345532.000000,6,35.000,30.000,0.000,0.000,0.000,65.000000
21345878.000000,6,36.000,29.000,0.000,0.000,0.000,65.000000
21346222.000000,6,36.000,31.000,0.000,0.000,0.000,67.000000
21346576.000000,6,36.000,18.000,0.000,0.000,0.000,54.000000
21346921.000000,6,35.000,0.000,0.000,0.000,0.000,35.000000
21347275.000000,6,36.000,26.000,0.000,0.000,0.000,62.000000
21347627.000000,6,36.000,30.000,0.000,0.000,0.000,66.000000
21347970.000000,6,35.000,30.000,0.000,0.000,0.000,65.000000
21348311.000000,6,36.000,34.000,0.000,0.000,0.000,70.000000
21348664.000000,6,36.000,35.000,0.000,0.000,0.000,71.000000
21349014.000000,6,36.000,36.000,0.000,0.000,0.000,72.000000
21349373.000000,6,35.000,26.000,24.000,0.000,0.000,85.000000
21349716.000000,6,36.000,21.000,36.000,0.000,0.000,93.000000
21350060.000000,6,36.000,22.000,35.000,0.000,0.000,93.000000
21350405.000000,6,34.000,22.000,36.000,0.000,0.000,92.000000
21350743.000000,6,24.000,32.000,36.000,0.000,0.000,92.000000
21351092.000000,6,35.000,23.000,35.000,0.000,0.000,93.000000
21351445.000000,6,33.000,25.000,36.000,0.000,0.000,94.000000
21351795.000000,6,35.000,25.000,30.000,0.000,0.000,90.000000
21352147.000000,6,36.000,36.000,0.000,0.000,0.000,72.000000
21352490.000000,6,36.000,35.000,0.000,0.000,0.000,71.000000
21352835.000000,6,36.000,36.000,0.000,0.000,0.000,72.000000
21353183.000000,6,35.000,36.000,0.000,0.000,0.000,71.000000
21353534.000000,6,36.000,35.000,0.000,0.000,0.000,71.000000
21353877.000000,6,36.000,36.000,0.000,0.000,0.000,72.000000
21354228.000000,6,35.000,36.000,0.000,0.000,0.000,71.000000
21354582.000000,6,36.000,36.000,0.000,0.000,0.000,72.000000
21354927.000000,6,36.000,35.000,0.000,0.000,0.000,71.000000
21355273.000000,6,36.000,36.000,0.000,0.000,0.000,72.000000
21355623.000000,6,35.000,35.000,0.000,0.000,0.000,70.000000
21355974.000000,6,36.000,36.000,0.000,0.000,0.000,72.000000
21356322.000000,6,35.000,35.000,0.000,0.000,0.000,70.000000
21356664.000000,6,36.000,36.000,0.000,0.000,0.000,72.000000
21357014.000000,6,36.000,36.000,0.000,0.000,0.000,72.000000
21357369.000000,6,35.000,35.000,0.000,0.000,0.000,70.000000
21357721.000000,6,36.000,36.000,0.000,0.000,0.000,72.000000
21358061.000000,6,36.000,36.000,0.000,0.000,0.000,72.000000
21358408.000000,6,36.000,36.000,0.000,0.000,0.000,72.000000
21358755.000000,6,35.000,35.000,0.000,0.000,0.000,70.000000
21359098.000000,6,36.000,36.000,0.000,0.000,0.000,72.000000
21359457.000000,6,36.000,36.000,0.000,0.000,0.000,72.000000
21359805.000000,6,35.000,35.000,0.000,0.000,0.000,70.000000
21360156.000000,6,36.000,36.000,0.000,0.000,0.000,72.000000
21360498.000000,6,36.000,36.000,0.000,0.000,0.000,72.000000
21360840.000000,6,36.000,36.000,0.000,0.000,0.000,72.000000
21361186.000000,6,35.000,35.000,0.000,0.000,0.000,70.000000
21361544.000000,6,36.000,36.000,0.000,0.000,0.000,72.000000
21361899.000000,6,36.000,36.000,0.000,0.000,0.000,72.000000
21362236.000000,6,35.000,35.000,0.000,0.000,0.000,70.000000
21362582.000000,6,36.000,36.000,0.000,0.000,0.000,72.000000
21362930.000000,6,36.000,36.000,0.000,0.000,0.000,72.000000
21363275.000000,6,36.000,36.000,0.000,0.000,0.000,72.000000
21363618.000000,6,35.000,35.000,0.000,0.000,0.000,70.000000
21363960.000000,6,36.000,36.000,0.000,0.000,0.000,72.000000
21364306.000000,6,36.000,36.000,0.000,0.000,0.000,72.000000
21364664.000000,6,35.000,32.000,8.000,0.000,0.000,75.000000
21365017.000000,6,36.000,29.000,22.000,0.000,0.000,87.000000
21365358.000000,6,36.000,35.000,20.000,0.000,0.000,91.000000
21365706.000000,6,36.000,36.000,11.000,0.000,0.000,83.000000
21366058.000000,6,35.000,36.000,0.000,0.000,0.000,71.000000
21366416.000000,6,36.000,35.000,0.000,0.000,0.000,71.000000
21366772.000000,6,36.000,36.000,0.000,0.000,0.000,72.000000
21367118.000000,6,35.000,36.000,0.000,0.000,0.000,71.000000
21367476.000000,6,36.000,35.000,0.000,0.000,0.000,71.000000
21367834.000000,6,36.000,36.000,0.000,0.000,0.000,72.000000
21368178.000000,6,36.000,36.000,0.000,0.000,0.000,72.000000
21368510.000000,6,35.000,36.000,0.000,0.000,0.000,71.000000
21368871.000000,6,36.000,35.000,0.000,0.000,0.000,71.000000
21369215.000000,6,36.000,36.000,0.000,0.000,0.000,72.000000
21369556.000000,6,35.000,36.000,0.000,0.000,0.000,71.000000
21369887.000000,6,36.000,35.000,0.000,0.000,0.000,71.000000
21370224.000000,6,36.000,36.000,0.000,0.000,0.000,72.000000
21370551.000000,6,36.000,36.000,0.000,0.000,0.000,72.000000
21370898.000000,6,35.000,36.000,0.000,0.000,0.000,71.000000
21371251.000000,6,36.000,35.000,0.000,0.000,0.000,71.000000
21371599.000000,6,36.000,36.000,0.000,0.000,0.000,72.000000
21371945.000000,6,35.000,36.000,0.000,0.000,0.000,71.000000
21372283.000000,6,36.000,35.000,0.000,0.000,0.000,71.000000
21372619.000000,6,36.000,36.000,0.000,0.000,0.000,72.000000
21372956.000000,6,36.000,32.000,8.000,0.000,0.000,76.000000
21373293.000000,6,35.000,36.000,0.000,0.000,0.000,71.000000
21373638.000000,6,36.000,35.000,0.000,0.000,0.000,71.000000
21373983.000000,6,36.000,36.000,0.000,0.000,0.000,72.000000
21374335.000000,6,35.000,36.000,0.000,0.000,0.000,71.000000
21374690.000000,6,36.000,36.000,0.000,0.000,0.000,72.000000
21375036.000000,6,36.000,35.000,0.000,0.000,0.000,71.000000
21375371.000000,6,36.000,36.000,0.000,0.000,0.000,72.000000
21375704.000000,6,35.000,36.000,0.000,0.000,0.000,71.000000
21376048.000000,6,36.000,35.000,0.000,0.000,0.000,71.000000
21376390.000000,6,35.000,36.000,3.000,0.000,0.000,74.000000
21376738.000000,6,35.000,36.000,0.000,0.000,0.000,71.000000
21377083.000000,6,36.000,36.000,0.000,0.000,0.000,72.000000
21377426.000000,6,36.000,35.000,0.000,0.000,0.000,71.000000
21377776.000000,6,36.000,36.000,0.000,0.000,0.000,72.000000
21378134.000000,6,35.000,36.000,0.000,0.000,0.000,71.000000
21378474.000000,6,36.000,35.000,0.000,0.000,0.000,71.000000
21378814.000000,6,36.000,36.000,0.000,0.000,0.000,72.000000
21379159.000000,6,35.000,36.000,0.000,0.000,0.000,71.000000
21379506.000000,6,36.000,36.000,0.000,0.000,0.000,72.000000
21379851.000000,6,36.000,35.000,0.000,0.000,0.000,71.000000
21380190.000000,6,36.000,36.000,0.000,0.000,0.000,72.000000
21380534.000000,6,35.000,36.000,0.000,0.000,0.000,71.000000
21380876.000000,6,36.000,35.000,0.000,0.000,0.000,71.000000
21381217.000000,6,36.000,36.000,0.000,0.000,0.000,72.000000
21381563.000000,6,35.000,36.000,0.000,0.000,0.000,71.000000
21381915.000000,6,36.000,36.000,0.000,0.000,0.000,72.000000
21382254.000000,6,36.000,35.000,0.000,0.000,0.000,71.000000
21382600.000000,6,36.000,36.000,0.000,0.000,0.000,72.000000
21382940.000000,6,35.000,36.000,0.000,0.000,0.000,71.000000
21383280.000000,6,36.000,35.000,0.000,0.000,0.000,71.000000
21383632.000000,6,36.000,36.000,0.000,0.000,0.000,72.000000
21383966.000000,6,35.000,36.000,0.000,0.000,0.000,71.000000
21384305.000000,6,36.000,36.000,0.000,0.000,0.000,72.000000
21384645.000000,6,36.000,35.000,0.000,0.000,0.000,71.000000
21384990.000000,6,36.000,36.000,0.000,0.000,0.000,72.000000
21385330.000000,6,35.000,36.000,0.000,0.000,0.000,71.000000
21385673.000000,6,36.000,35.000,0.000,0.000,0.000,71.000000
21386011.000000,6,36.000,36.000,0.000,0.000,0.000,72.000000
21386349.000000,6,35.000,36.000,0.000,0.000,0.000,71.000000
21386699.000000,6,36.000,36.000,0.000,0.000,0.000,72.000000
21387042.000000,6,36.000,35.000,0.000,0.000,0.000,71.000000
21387384.000000,6,36.000,36.000,0.000,0.000,0.000,72.000000
21387724.000000,6,35.000,36.000,0.000,0.000,0.000,71.000000
21388069.000000,6,36.000,35.000,0.000,0.000,0.000,71.000000
21388413.000000,6,36.000,36.000,0.000,0.000,0.000,72.000000
21388760.000000,6,35.000,36.000,0.000,0.000,0.000,71.000000
21389095.000000,6,36.000,36.000,0.000,0.000,0.000,72.000000
21389435.000000,6,36.000,35.000,0.000,0.000,0.000,71.000000
21389770.000000,6,36.000,36.000,0.000,0.000,0.000,72.000000
21390120.000000,6,35.000,36.000,0.000,0.000,0.000,71.000000
21390467.000000,6,36.000,35.000,0.000,0.000,0.000,71.000000
21390817.000000,6,36.000,36.000,0.000,0.000,0.000,72.000000
21391152.000000,6,35.000,36.000,0.000,0.000,0.000,71.000000
21391484.000000,6,36.000,31.000,0.000,0.000,0.000,67.000000
21391820.000000,6,36.000,30.000,0.000,0.000,0.000,66.000000
21392166.000000,6,36.000,32.000,0.000,0.000,0.000,68.000000
21392515.000000,6,35.000,36.000,0.000,0.000,0.000,71.000000
21392864.000000,6,36.000,35.000,0.000,0.000,0.000,71.000000
21393211.000000,6,36.000,36.000,0.000,0.000,0.000,72.000000
21393548.000000,6,35.000,36.000,0.000,0.000,0.000,71.000000
21393887.000000,6,36.000,35.000,0.000,0.000,0.000,71.000000
21394232.000000,6,36.000,36.000,0.000,0.000,0.000,72.000000
21394572.000000,6,36.000,36.000,0.000,0.000,0.000,72.000000
21394918.000000,6,35.000,36.000,0.000,0.000,0.000,71.000000
21395256.000000,6,36.000,30.000,0.000,0.000,0.000,66.000000
21395604.000000,6,36.000,30.000,0.000,0.000,0.000,66.000000
21395953.000000,6,35.000,35.000,0.000,0.000,0.000,70.000000
21396299.000000,6,36.000,36.000,0.000,0.000,0.000,72.000000
21396629.000000,6,36.000,36.000,0.000,0.000,0.000,72.000000
21396975.000000,6,35.000,36.000,0.000,0.000,0.000,71.000000
21397328.000000,6,36.000,35.000,0.000,0.000,0.000,71.000000
21397670.000000,6,36.000,36.000,0.000,0.000,0.000,72.000000
21398021.000000,6,36.000,36.000,0.000,0.000,0.000,72.000000
21398348.000000,6,35.000,35.000,0.000,0.000,0.000,70.000000
21398689.000000,6,36.000,36.000,0.000,0.000,0.000,72.000000
21399015.000000,6,36.000,36.000,0.000,0.000,0.000,72.000000
21399361.000000,6,35.000,36.000,0.000,0.000,0.000,71.000000
21399713.000000,6,36.000,35.000,0.000,0.000,0.000,71.000000
21400051.000000,6,36.000,36.000,0.000,0.000,0.000,72.000000
21400399.000000,6,36.000,36.000,0.000,0.000,0.000,72.000000
21400735.000000,6,35.000,35.000,0.000,0.000,0.000,70.000000
21401074.000000,6,36.000,36.000,0.000,0.000,0.000,72.000000
21401409.000000,6,36.000,34.000,0.000,0.000,0.000,70.000000
21401749.000000,6,35.000,30.000,0.000,0.000,0.000,65.000000
21402089.000000,6,36.000,30.000,0.000,0.000,0.000,66.000000
21402429.000000,6,33.000,34.000,0.000,0.000,0.000,67.000000
21402767.000000,6,35.000,36.000,0.000,0.000,0.000,71.000000
21403113.000000,6,36.000,35.000,0.000,0.000,0.000,71.000000
21403448.000000,6,36.000,36.000,0.000,0.000,0.000,72.000000
21403786.000000,6,35.000,36.000,0.000,0.000,0.000,71.000000
21404129.000000,6,36.000,36.000,0.000,0.000,0.000,72.000000
21404465.000000,6,36.000,35.000,0.000,0.000,0.000,71.000000
21404815.000000,6,36.000,36.000,0.000,0.000,0.000,72.000000
21405168.000000,6,35.000,35.000,0.000,0.000,0.000,70.000000
21405530.000000,6,36.000,30.000,0.000,0.000,0.000,66.000000
21405897.000000,6,36.000,31.000,0.000,0.000,0.000,67.000000
21406261.000000,6,35.000,31.000,0.000,0.000,0.000,66.000000
21406612.000000,6,36.000,28.000,0.000,0.000,0.000,64.000000
21406970.000000,6,34.000,33.000,0.000,0.000,0.000,67.000000
21407320.000000,6,36.000,36.000,0.000,0.000,0.000,72.000000
21407677.000000,6,35.000,36.000,0.000,0.000,0.000,71.000000
21408024.000000,6,36.000,29.000,10.000,0.000,0.000,75.000000
21408385.000000,6,36.000,30.000,0.000,0.000,0.000,66.000000
21408736.000000,6,35.000,30.000,0.000,0.000,0.000,65.000000
21409093.000000,6,36.000,31.000,0.000,0.000,0.000,67.000000
21409437.000000,6,32.000,34.000,0.000,0.000,0.000,66.000000
21409788.000000,6,36.000,31.000,0.000,0.000,0.000,67.000000
21410143.000000,6,36.000,31.000,0.000,0.000,0.000,67.000000
21410498.000000,6,36.000,29.000,0.000,0.000,0.000,65.000000
21410849.000000,6,35.000,30.000,0.000,0.000,0.000,65.000000
21411196.000000,6,36.000,30.000,0.000,0.000,0.000,66.000000
21411533.000000,6,36.000,35.000,0.000,0.000,0.000,71.000000
21411877.000000,6,35.000,36.000,0.000,0.000,0.000,71.000000
21412227.000000,6,35.000,35.000,0.000,0.000,0.000,70.000000
21412584.000000,6,36.000,36.000,0.000,0.000,0.000,72.000000
21412931.000000,6,36.000,36.000,0.000,0.000,0.000,72.000000
21413285.000000,6,35.000,35.000,0.000,0.000,0.000,70.000000
21413647.000000,6,36.000,36.000,0.000,0.000,0.000,72.000000
21414007.000000,6,36.000,36.000,0.000,0.000,0.000,72.000000
21414354.000000,6,36.000,35.000,0.000,0.000,0.000,71.000000
21414702.000000,6,35.000,36.000,0.000,0.000,0.000,71.000000
21415044.000000,6,36.000,36.000,0.000,0.000,0.000,72.000000
21415394.000000,6,35.000,35.000,0.000,0.000,0.000,70.000000
21415743.000000,6,36.000,36.000,0.000,0.000,0.000,72.000000
21416103.000000,6,36.000,36.000,0.000,0.000,0.000,72.000000
21416450.000000,6,35.000,35.000,0.000,0.000,0.000,70.000000
21416801.000000,6,36.000,36.000,0.000,0.000,0.000,72.000000
21417143.000000,6,36.000,36.000,0.000,0.000,0.000,72.000000
21417493.000000,6,35.000,36.000,0.000,0.000,0.000,71.000000
21417837.000000,6,36.000,35.000,0.000,0.000,0.000,71.000000
21418173.000000,6,36.000,36.000,0.000,0.000,0.000,72.000000
21418514.000000,6,36.000,36.000,0.000,0.000,0.000,72.000000
21418860.000000,6,35.000,35.000,0.000,0.000,0.000,70.000000
21419205.000000,6,36.000,36.000,0.000,0.000,0.000,72.000000
21419557.000000,6,36.000,36.000,0.000,0.000,0.000,72.000000
21419913.000000,6,35.000,36.000,0.000,0.000,0.000,71.000000
21420259.000000,6,36.000,30.000,0.000,0.000,0.000,66.000000
21420613.000000,6,36.000,30.000,0.000,0.000,0.000,66.000000
21420970.000000,6,36.000,35.000,0.000,0.000,0.000,71.000000
21421307.000000,6,35.000,36.000,0.000,0.000,0.000,71.000000
21421656.000000,6,36.000,36.000,0.000,0.000,0.000,72.000000
21422014.000000,6,35.000,35.000,0.000,0.000,0.000,70.000000
21422360.000000,6,36.000,36.000,0.000,0.000,0.000,72.000000
21422707.000000,6,36.000,36.000,0.000,0.000,0.000,72.000000
21423068.000000,6,36.000,36.000,0.000,0.000,0.000,72.000000
21423416.000000,6,35.000,35.000,0.000,0.000,0.000,70.000000
21423760.000000,6,36.000,36.000,0.000,0.000,0.000,72.000000
21424105.000000,6,36.000,35.000,0.000,0.000,0.000,71.000000
21424441.000000,6,35.000,30.000,0.000,0.000,0.000,65.000000
21424795.000000,6,36.000,30.000,0.000,0.000,0.000,66.000000
21425146.000000,6,36.000,30.000,0.000,0.000,0.000,66.000000
21425486.000000,6,36.000,30.000,0.000,0.000,0.000,66.000000
21425834.000000,6,35.000,29.000,0.000,0.000,0.000,64.000000
21426204.000000,6,36.000,29.000,0.000,0.000,0.000,65.000000
21426544.000000,6,36.000,28.000,0.000,0.000,0.000,64.000000
21426893.000000,6,35.000,31.000,0.000,0.000,0.000,66.000000
21427240.000000,6,32.000,34.000,0.000,0.000,0.000,66.000000
21427597.000000,6,36.000,36.000,0.000,0.000,0.000,72.000000
21427951.000000,6,36.000,36.000,0.000,0.000,0.000,72.000000
21428294.000000,6,35.000,35.000,0.000,0.000,0.000,70.000000
21428635.000000,6,35.000,32.000,0.000,0.000,0.000,67.000000
21428982.000000,6,36.000,35.000,0.000,0.000,0.000,71.000000
21429341.000000,6,36.000,36.000,0.000,0.000,0.000,72.000000
21429690.000000,6,36.000,33.000,0.000,0.000,0.000,69.000000
21430051.000000,6,35.000,29.000,0.000,0.000,0.000,64.000000
