/batch
/config,noeldb,1     ! force off writing results to database
*get,_wallstrt,active,,time,wall
! ANSYS input file written by Workbench version 2026 R1
! File used for geometry attach: C:\Users\ricca\OneDrive - University of Pisa\III - Nonlinear analysis through FEM\7-Curve fitting\Workshop7A\WS4a-hyper_files\dp0\SYS\DM\SYS.agdb
/title,WS4a-hyper--Static Structural (A5)
! ****** Begin Custom Load Command Snippet ******
/COM, ACT Extensions:
/COM,     LSDYNA, 2026.1
/COM,     5f463412-bd3e-484b-87e7-cbc0a665e474, wbex
/COM,     ANSYSMotion, 2026.1
/COM,     20180725-3f81-49eb-9f31-41364844c769, wbex
! ****** End   Custom Load Command Snippet ******
*DIM,_wb_ProjectScratch_dir,string,248
_wb_ProjectScratch_dir(1) = 'C:\Users\ricca\OneDrive - University of Pisa\III - Nonlinear analysis through FEM\7-Curve fitting\Workshop7A\_ProjectScratch\ScrAB2A\'
*DIM,_wb_SolverFiles_dir,string,248
_wb_SolverFiles_dir(1) = 'C:\Users\ricca\OneDrive - University of Pisa\III - Nonlinear analysis through FEM\7-Curve fitting\Workshop7A\WS4a-hyper_files\dp0\SYS\MECH\'
*DIM,_wb_userfiles_dir,string,248
_wb_userfiles_dir(1) = 'C:\Users\ricca\OneDrive - University of Pisa\III - Nonlinear analysis through FEM\7-Curve fitting\Workshop7A\WS4a-hyper_files\user_files\'
/com,--- Data in consistent BIN units. See Solving Units in the help system for more information.
/units,BIN
/nopr
/wb,file,start              !  signify a WB generated input file
/prep7
! Turn off shape checking because checks already performed inside WB mesher.
! See help system for more information.
SHPP,OFF,,NOWARN
/nolist
etcon,set             ! allow ANSYS to choose best KEYOP's for 180x elements, resets any applicable keyopt to MAPDL defaults
/com,*********** Send User Defined Coordinate System(s) ***********
csys,0
/com,*********** Nodes for the whole assembly ***********
nblock,3,,3639
(1i9,3e20.9e3)
        1     2.209523755E+00     4.101049869E-01     1.476377953E-02
        2     2.155267982E+00     4.101049869E-01     1.476377953E-02
        3     2.101012209E+00     4.101049869E-01     1.476377953E-02
        4     2.046756436E+00     4.101049869E-01     1.476377953E-02
        5     1.992500663E+00     4.101049869E-01     1.476377953E-02
        6     1.938244890E+00     4.101049869E-01     1.476377953E-02
        7     1.883989116E+00     4.101049869E-01     1.476377953E-02
        8     1.829733343E+00     4.101049869E-01     1.476377953E-02
        9     1.775477570E+00     4.101049869E-01     1.476377953E-02
       10     2.209523757E+00     3.280840067E-01     1.476377953E-02
       11     2.155267986E+00     3.280840067E-01     1.476377953E-02
       12     2.101012215E+00     3.280840067E-01     1.476377953E-02
       13     2.046756445E+00     3.280840067E-01     1.476377953E-02
       14     1.992500674E+00     3.280840067E-01     1.476377953E-02
       15     1.938244903E+00     3.280840067E-01     1.476377953E-02
       16     1.883989132E+00     3.280840067E-01     1.476377953E-02
       17     1.829733362E+00     3.280840067E-01     1.476377953E-02
       18     1.775477591E+00     3.280840067E-01     1.476377953E-02
       19     2.209523755E+00     2.460629921E-01     1.476377953E-02
       20     2.155267982E+00     2.460629921E-01     1.476377953E-02
       21     2.101012209E+00     2.460629921E-01     1.476377953E-02
       22     2.046756436E+00     2.460629921E-01     1.476377953E-02
       23     1.992500663E+00     2.460629921E-01     1.476377953E-02
       24     1.938244890E+00     2.460629921E-01     1.476377953E-02
       25     1.883989116E+00     2.460629921E-01     1.476377953E-02
       26     1.829733343E+00     2.460629921E-01     1.476377953E-02
       27     1.775477570E+00     2.460629921E-01     1.476377953E-02
       28     2.209523757E+00     1.640420023E-01     1.476377953E-02
       29     2.155267986E+00     1.640420023E-01     1.476377953E-02
       30     2.101012215E+00     1.640420023E-01     1.476377953E-02
       31     2.046756445E+00     1.640420023E-01     1.476377953E-02
       32     1.992500674E+00     1.640420023E-01     1.476377953E-02
       33     1.938244903E+00     1.640420023E-01     1.476377953E-02
       34     1.883989132E+00     1.640420023E-01     1.476377953E-02
       35     1.829733362E+00     1.640420023E-01     1.476377953E-02
       36     1.775477591E+00     1.640420023E-01     1.476377953E-02
       37     2.209523755E+00     8.202099738E-02     1.476377953E-02
       38     2.155267982E+00     8.202099738E-02     1.476377953E-02
       39     2.101012209E+00     8.202099738E-02     1.476377953E-02
       40     2.046756436E+00     8.202099738E-02     1.476377953E-02
       41     1.992500663E+00     8.202099738E-02     1.476377953E-02
       42     1.938244890E+00     8.202099738E-02     1.476377953E-02
       43     1.883989116E+00     8.202099738E-02     1.476377953E-02
       44     1.829733343E+00     8.202099738E-02     1.476377953E-02
       45     1.775477570E+00     8.202099738E-02     1.476377953E-02
       46     6.990963109E-01     2.011780467E-02     1.476377953E-02
       47     7.485079943E-01     2.141005356E-02     1.476377953E-02
       48     7.977578688E-01     2.355463618E-02     1.476377953E-02
       49     8.467616766E-01     2.652768303E-02     1.476377953E-02
       50     8.954391363E-01     3.030580399E-02     1.476377953E-02
       51     9.437128917E-01     3.485025066E-02     1.476377953E-02
       52     9.915091965E-01     4.011808240E-02     1.476377953E-02
       53     1.038758142E+00     4.606083872E-02     1.476377953E-02
       54     1.085399676E+00     5.261725392E-02     1.476377953E-02
       55     1.133038968E+00     6.004588290E-02     1.476377953E-02
       56     1.181551119E+00     6.654403577E-02     1.476377953E-02
       57     1.230814266E+00     7.200244032E-02     1.476377953E-02
       58     1.280688331E+00     7.633840486E-02     1.476377953E-02
       59     1.331025314E+00     7.948103807E-02     1.476377953E-02
       60     1.381669475E+00     8.138386193E-02     1.476377953E-02
       61     1.432459696E+00     8.202099738E-02     1.476377953E-02
       62     1.480586717E+00     8.202099738E-02     1.476377953E-02
       63     1.528713737E+00     8.202099738E-02     1.476377953E-02
       64     1.576840758E+00     8.202099738E-02     1.476377953E-02
       65     1.624967779E+00     8.202099738E-02     1.476377953E-02
       66     1.673094799E+00     8.202099738E-02     1.476377953E-02
       67     6.998765261E-01     4.023560967E-02     1.476377953E-02
       68     7.499900967E-01     4.282010777E-02     1.476377953E-02
       69     7.997800492E-01     4.710927333E-02     1.476377953E-02
       70     8.490778685E-01     5.305536736E-02     1.476377953E-02
       71     8.977229913E-01     6.061160963E-02     1.476377953E-02
       72     9.455607057E-01     6.970050333E-02     1.476377953E-02
       73     9.924435189E-01     8.023616722E-02     1.476377953E-02
       74     1.038231614E+00     9.212168032E-02     1.476377953E-02
       75     1.082804885E+00     1.052345112E-01     1.476377953E-02
       76     1.129373673E+00     1.200917698E-01     1.476377953E-02
       77     1.177688177E+00     1.330880761E-01     1.476377953E-02
       78     1.227504676E+00     1.440048857E-01     1.476377953E-02
       79     1.278543009E+00     1.526768153E-01     1.476377953E-02
       80     1.330507179E+00     1.589620822E-01     1.476377953E-02
       81     1.383085706E+00     1.627677303E-01     1.476377953E-02
       82     1.435956350E+00     1.640420015E-01     1.476377953E-02
       83     1.483500595E+00     1.640420017E-01     1.476377953E-02
       84     1.531044840E+00     1.640420018E-01     1.476377953E-02
       85     1.578589085E+00     1.640420020E-01     1.476377953E-02
       86     1.626133330E+00     1.640420021E-01     1.476377953E-02
       87     1.673677575E+00     1.640420022E-01     1.476377953E-02
       88     7.006567414E-01     6.035341400E-02     1.476377953E-02
       89     7.514721990E-01     6.423016067E-02     1.476377953E-02
       90     8.018022296E-01     7.066390854E-02     1.476377953E-02
       91     8.513940602E-01     7.958304908E-02     1.476377953E-02
       92     9.000068463E-01     9.091741198E-02     1.476377953E-02
       93     9.474085197E-01     1.045507520E-01     1.476377953E-02
       94     9.933778413E-01     1.203542472E-01     1.476377953E-02
       95     1.037705085E+00     1.381825162E-01     1.476377953E-02
       96     1.080210095E+00     1.578517618E-01     1.476377953E-02
       97     1.125708379E+00     1.801376487E-01     1.476377953E-02
       98     1.173825236E+00     1.996321073E-01     1.476377953E-02
       99     1.224195086E+00     2.160073209E-01     1.476377953E-02
      100     1.276397687E+00     2.290152146E-01     1.476377953E-02
      101     1.329989044E+00     2.384431142E-01     1.476377953E-02
      102     1.384501936E+00     2.441515858E-01     1.476377953E-02
      103     1.439453004E+00     2.460629921E-01     1.476377953E-02
      104     1.486414473E+00     2.460629921E-01     1.476377953E-02
      105     1.533375943E+00     2.460629921E-01     1.476377953E-02
      106     1.580337412E+00     2.460629921E-01     1.476377953E-02
      107     1.627298882E+00     2.460629921E-01     1.476377953E-02
      108     1.674260351E+00     2.460629921E-01     1.476377953E-02
      109     7.014369567E-01     8.047121942E-02     1.476377953E-02
      110     7.529543013E-01     8.564021571E-02     1.476377953E-02
      111     8.038244100E-01     9.421854692E-02     1.476377953E-02
      112     8.537102521E-01     1.061107350E-01     1.476377953E-02
      113     9.022907014E-01     1.212232197E-01     1.476377953E-02
      114     9.492563338E-01     1.394010072E-01     1.476377953E-02
      115     9.943121638E-01     1.604723351E-01     1.476377953E-02
      116     1.037178557E+00     1.842433614E-01     1.476377953E-02
      117     1.077615304E+00     2.104690233E-01     1.476377953E-02
      118     1.122043083E+00     2.401835406E-01     1.476377953E-02
      119     1.169962295E+00     2.661761534E-01     1.476377953E-02
      120     1.220885496E+00     2.880097729E-01     1.476377953E-02
      121     1.274252365E+00     3.053536322E-01     1.476377953E-02
      122     1.329470909E+00     3.179241661E-01     1.476377953E-02
      123     1.385918166E+00     3.255354624E-01     1.476377953E-02
      124     1.442949659E+00     3.280840049E-01     1.476377953E-02
      125     1.489328352E+00     3.280840053E-01     1.476377953E-02
      126     1.535707046E+00     3.280840056E-01     1.476377953E-02
      127     1.582085740E+00     3.280840060E-01     1.476377953E-02
      128     1.628464433E+00     3.280840062E-01     1.476377953E-02
      129     1.674843127E+00     3.280840065E-01     1.476377953E-02
      130     7.022171719E-01     1.005890233E-01     1.476377953E-02
      131     7.544364036E-01     1.070502678E-01     1.476377953E-02
      132     8.058465903E-01     1.177731809E-01     1.476377953E-02
      133     8.560264438E-01     1.326384151E-01     1.476377953E-02
      134     9.045745563E-01     1.515290200E-01     1.476377953E-02
      135     9.511041477E-01     1.742512533E-01     1.476377953E-02
      136     9.952464861E-01     2.005904120E-01     1.476377953E-02
      137     1.036652028E+00     2.303041936E-01     1.476377953E-02
      138     1.075020513E+00     2.630862696E-01     1.476377953E-02
      139     1.118377789E+00     3.002294145E-01     1.476377953E-02
      140     1.166099354E+00     3.327201789E-01     1.476377953E-02
      141     1.217575906E+00     3.600122016E-01     1.476377953E-02
      142     1.272107043E+00     3.816920243E-01     1.476377953E-02
      143     1.328952774E+00     3.974051904E-01     1.476377953E-02
      144     1.387334396E+00     4.069193097E-01     1.476377953E-02
      145     1.446446312E+00     4.101049869E-01     1.476377953E-02
      146     1.492242230E+00     4.101049869E-01     1.476377953E-02
      147     1.538038148E+00     4.101049869E-01     1.476377953E-02
      148     1.583834066E+00     4.101049869E-01     1.476377953E-02
      149     1.629629984E+00     4.101049869E-01     1.476377953E-02
      150     1.675425902E+00     4.101049869E-01     1.476377953E-02
      151     5.413385827E-02     1.968503937E-02     1.476377953E-02
      152     1.082677165E-01     1.968503937E-02     1.476377953E-02
      153     1.624015748E-01     1.968503937E-02     1.476377953E-02
      154     2.165354378E-01     1.968503937E-02     1.476377953E-02
      155     2.706692913E-01     1.968503937E-02     1.476377953E-02
      156     3.248031496E-01     1.968503937E-02     1.476377953E-02
      157     3.789370079E-01     1.968503937E-02     1.476377953E-02
      158     4.330708755E-01     1.968503937E-02     1.476377953E-02
      159     4.872047244E-01     1.968503937E-02     1.476377953E-02
      160     5.413385827E-01     1.968503937E-02     1.476377953E-02
      161     5.954724409E-01     1.968503937E-02     1.476377953E-02
      162     5.413385827E-02     3.937007991E-02     1.476377953E-02
      163     1.082677165E-01     3.937007991E-02     1.476377953E-02
      164     1.624015748E-01     3.937007991E-02     1.476377953E-02
      165     2.165354378E-01     3.937007991E-02     1.476377953E-02
      166     2.706692913E-01     3.937007991E-02     1.476377953E-02
      167     3.248031496E-01     3.937007991E-02     1.476377953E-02
      168     3.789370079E-01     3.937007991E-02     1.476377953E-02
      169     4.330708755E-01     3.937007991E-02     1.476377953E-02
      170     4.872047244E-01     3.937007991E-02     1.476377953E-02
      171     5.413385827E-01     3.937007991E-02     1.476377953E-02
      172     5.954724409E-01     3.937007991E-02     1.476377953E-02
      173     5.413385827E-02     5.905511811E-02     1.476377953E-02
      174     1.082677165E-01     5.905511811E-02     1.476377953E-02
      175     1.624015748E-01     5.905511811E-02     1.476377953E-02
      176     2.165354378E-01     5.905511811E-02     1.476377953E-02
      177     2.706692913E-01     5.905511811E-02     1.476377953E-02
      178     3.248031496E-01     5.905511811E-02     1.476377953E-02
      179     3.789370079E-01     5.905511811E-02     1.476377953E-02
      180     4.330708755E-01     5.905511811E-02     1.476377953E-02
      181     4.872047244E-01     5.905511811E-02     1.476377953E-02
      182     5.413385827E-01     5.905511811E-02     1.476377953E-02
      183     5.954724409E-01     5.905511811E-02     1.476377953E-02
      184     5.413385827E-02     7.874015983E-02     1.476377953E-02
      185     1.082677165E-01     7.874015983E-02     1.476377953E-02
      186     1.624015748E-01     7.874015983E-02     1.476377953E-02
      187     2.165354378E-01     7.874015983E-02     1.476377953E-02
      188     2.706692913E-01     7.874015983E-02     1.476377953E-02
      189     3.248031496E-01     7.874015983E-02     1.476377953E-02
      190     3.789370079E-01     7.874015983E-02     1.476377953E-02
      191     4.330708755E-01     7.874015983E-02     1.476377953E-02
      192     4.872047244E-01     7.874015983E-02     1.476377953E-02
      193     5.413385827E-01     7.874015983E-02     1.476377953E-02
      194     5.954724409E-01     7.874015983E-02     1.476377953E-02
      195     5.413385827E-02     9.842519685E-02     1.476377953E-02
      196     1.082677165E-01     9.842519685E-02     1.476377953E-02
      197     1.624015748E-01     9.842519685E-02     1.476377953E-02
      198     2.165354378E-01     9.842519685E-02     1.476377953E-02
      199     2.706692913E-01     9.842519685E-02     1.476377953E-02
      200     3.248031496E-01     9.842519685E-02     1.476377953E-02
      201     3.789370079E-01     9.842519685E-02     1.476377953E-02
      202     4.330708755E-01     9.842519685E-02     1.476377953E-02
      203     4.872047244E-01     9.842519685E-02     1.476377953E-02
      204     5.413385827E-01     9.842519685E-02     1.476377953E-02
      205     5.954724409E-01     9.842519685E-02     1.476377953E-02
      206     1.775477570E+00     8.202099738E-02     2.952755906E-02
      207     1.829733343E+00     8.202099738E-02     2.952755906E-02
      208     1.883989116E+00     8.202099738E-02     2.952755906E-02
      209     1.938244890E+00     8.202099738E-02     2.952755906E-02
      210     1.992500663E+00     8.202099738E-02     2.952755906E-02
      211     2.046756436E+00     8.202099738E-02     2.952755906E-02
      212     2.101012209E+00     8.202099738E-02     2.952755906E-02
      213     2.155267982E+00     8.202099738E-02     2.952755906E-02
      214     2.209523755E+00     8.202099738E-02     2.952755906E-02
      215     1.775477591E+00     1.640420023E-01     2.952755906E-02
      216     1.829733362E+00     1.640420023E-01     2.952755906E-02
      217     1.883989132E+00     1.640420023E-01     2.952755906E-02
      218     1.938244903E+00     1.640420023E-01     2.952755906E-02
      219     1.992500674E+00     1.640420023E-01     2.952755906E-02
      220     2.046756445E+00     1.640420023E-01     2.952755906E-02
      221     2.101012215E+00     1.640420023E-01     2.952755906E-02
      222     2.155267986E+00     1.640420023E-01     2.952755906E-02
      223     2.209523757E+00     1.640420023E-01     2.952755906E-02
      224     1.775477570E+00     2.460629921E-01     2.952755906E-02
      225     1.829733343E+00     2.460629921E-01     2.952755906E-02
      226     1.883989116E+00     2.460629921E-01     2.952755906E-02
      227     1.938244890E+00     2.460629921E-01     2.952755906E-02
      228     1.992500663E+00     2.460629921E-01     2.952755906E-02
      229     2.046756436E+00     2.460629921E-01     2.952755906E-02
      230     2.101012209E+00     2.460629921E-01     2.952755906E-02
      231     2.155267982E+00     2.460629921E-01     2.952755906E-02
      232     2.209523755E+00     2.460629921E-01     2.952755906E-02
      233     1.775477591E+00     3.280840067E-01     2.952755906E-02
      234     1.829733362E+00     3.280840067E-01     2.952755906E-02
      235     1.883989132E+00     3.280840067E-01     2.952755906E-02
      236     1.938244903E+00     3.280840067E-01     2.952755906E-02
      237     1.992500674E+00     3.280840067E-01     2.952755906E-02
      238     2.046756445E+00     3.280840067E-01     2.952755906E-02
      239     2.101012215E+00     3.280840067E-01     2.952755906E-02
      240     2.155267986E+00     3.280840067E-01     2.952755906E-02
      241     2.209523757E+00     3.280840067E-01     2.952755906E-02
      242     1.775477570E+00     4.101049869E-01     2.952755906E-02
      243     1.829733343E+00     4.101049869E-01     2.952755906E-02
      244     1.883989116E+00     4.101049869E-01     2.952755906E-02
      245     1.938244890E+00     4.101049869E-01     2.952755906E-02
      246     1.992500663E+00     4.101049869E-01     2.952755906E-02
      247     2.046756436E+00     4.101049869E-01     2.952755906E-02
      248     2.101012209E+00     4.101049869E-01     2.952755906E-02
      249     2.155267982E+00     4.101049869E-01     2.952755906E-02
      250     2.209523755E+00     4.101049869E-01     2.952755906E-02
      251     1.675425902E+00     4.101049869E-01     2.952755906E-02
      252     1.629629984E+00     4.101049869E-01     2.952755906E-02
      253     1.583834066E+00     4.101049869E-01     2.952755906E-02
      254     1.538038148E+00     4.101049869E-01     2.952755906E-02
      255     1.492242230E+00     4.101049869E-01     2.952755906E-02
      256     1.446446312E+00     4.101049869E-01     2.952755906E-02
      257     1.387334396E+00     4.069193097E-01     2.952755906E-02
      258     1.328952774E+00     3.974051904E-01     2.952755906E-02
      259     1.272107043E+00     3.816920243E-01     2.952755906E-02
      260     1.217575906E+00     3.600122016E-01     2.952755906E-02
      261     1.166099354E+00     3.327201789E-01     2.952755906E-02
      262     1.118377789E+00     3.002294145E-01     2.952755906E-02
      263     1.075020513E+00     2.630862696E-01     2.952755906E-02
      264     1.036652028E+00     2.303041936E-01     2.952755906E-02
      265     9.952464861E-01     2.005904120E-01     2.952755906E-02
      266     9.511041477E-01     1.742512533E-01     2.952755906E-02
      267     9.045745563E-01     1.515290200E-01     2.952755906E-02
      268     8.560264438E-01     1.326384151E-01     2.952755906E-02
      269     8.058465903E-01     1.177731809E-01     2.952755906E-02
      270     7.544364036E-01     1.070502678E-01     2.952755906E-02
      271     7.022171719E-01     1.005890233E-01     2.952755906E-02
      272     1.674843127E+00     3.280840065E-01     2.952755906E-02
      273     1.628464433E+00     3.280840062E-01     2.952755906E-02
      274     1.582085740E+00     3.280840060E-01     2.952755906E-02
      275     1.535707046E+00     3.280840056E-01     2.952755906E-02
      276     1.489328352E+00     3.280840053E-01     2.952755906E-02
      277     1.442949659E+00     3.280840049E-01     2.952755906E-02
      278     1.385918166E+00     3.255354624E-01     2.952755906E-02
      279     1.329470909E+00     3.179241661E-01     2.952755906E-02
      280     1.274252365E+00     3.053536322E-01     2.952755906E-02
      281     1.220885496E+00     2.880097729E-01     2.952755906E-02
      282     1.169962295E+00     2.661761534E-01     2.952755906E-02
      283     1.122043083E+00     2.401835406E-01     2.952755906E-02
      284     1.077615304E+00     2.104690233E-01     2.952755906E-02
      285     1.037178557E+00     1.842433614E-01     2.952755906E-02
      286     9.943121638E-01     1.604723351E-01     2.952755906E-02
      287     9.492563338E-01     1.394010072E-01     2.952755906E-02
      288     9.022907014E-01     1.212232197E-01     2.952755906E-02
      289     8.537102521E-01     1.061107350E-01     2.952755906E-02
      290     8.038244100E-01     9.421854692E-02     2.952755906E-02
      291     7.529543013E-01     8.564021571E-02     2.952755906E-02
      292     7.014369567E-01     8.047121942E-02     2.952755906E-02
      293     1.674260351E+00     2.460629921E-01     2.952755906E-02
      294     1.627298882E+00     2.460629921E-01     2.952755906E-02
      295     1.580337412E+00     2.460629921E-01     2.952755906E-02
      296     1.533375943E+00     2.460629921E-01     2.952755906E-02
      297     1.486414473E+00     2.460629921E-01     2.952755906E-02
      298     1.439453004E+00     2.460629921E-01     2.952755906E-02
      299     1.384501936E+00     2.441515858E-01     2.952755906E-02
      300     1.329989044E+00     2.384431142E-01     2.952755906E-02
      301     1.276397687E+00     2.290152146E-01     2.952755906E-02
      302     1.224195086E+00     2.160073209E-01     2.952755906E-02
      303     1.173825236E+00     1.996321073E-01     2.952755906E-02
      304     1.125708379E+00     1.801376487E-01     2.952755906E-02
      305     1.080210095E+00     1.578517618E-01     2.952755906E-02
      306     1.037705085E+00     1.381825162E-01     2.952755906E-02
      307     9.933778413E-01     1.203542472E-01     2.952755906E-02
      308     9.474085197E-01     1.045507520E-01     2.952755906E-02
      309     9.000068463E-01     9.091741198E-02     2.952755906E-02
      310     8.513940602E-01     7.958304908E-02     2.952755906E-02
      311     8.018022296E-01     7.066390854E-02     2.952755906E-02
      312     7.514721990E-01     6.423016067E-02     2.952755906E-02
      313     7.006567414E-01     6.035341400E-02     2.952755906E-02
      314     1.673677575E+00     1.640420022E-01     2.952755906E-02
      315     1.626133330E+00     1.640420021E-01     2.952755906E-02
      316     1.578589085E+00     1.640420020E-01     2.952755906E-02
      317     1.531044840E+00     1.640420018E-01     2.952755906E-02
      318     1.483500595E+00     1.640420017E-01     2.952755906E-02
      319     1.435956350E+00     1.640420015E-01     2.952755906E-02
      320     1.383085706E+00     1.627677303E-01     2.952755906E-02
      321     1.330507179E+00     1.589620822E-01     2.952755906E-02
      322     1.278543009E+00     1.526768153E-01     2.952755906E-02
      323     1.227504676E+00     1.440048857E-01     2.952755906E-02
      324     1.177688177E+00     1.330880761E-01     2.952755906E-02
      325     1.129373673E+00     1.200917698E-01     2.952755906E-02
      326     1.082804885E+00     1.052345112E-01     2.952755906E-02
      327     1.038231614E+00     9.212168032E-02     2.952755906E-02
      328     9.924435189E-01     8.023616722E-02     2.952755906E-02
      329     9.455607057E-01     6.970050333E-02     2.952755906E-02
      330     8.977229913E-01     6.061160963E-02     2.952755906E-02
      331     8.490778685E-01     5.305536736E-02     2.952755906E-02
      332     7.997800492E-01     4.710927333E-02     2.952755906E-02
      333     7.499900967E-01     4.282010777E-02     2.952755906E-02
      334     6.998765261E-01     4.023560967E-02     2.952755906E-02
      335     1.673094799E+00     8.202099738E-02     2.952755906E-02
      336     1.624967779E+00     8.202099738E-02     2.952755906E-02
      337     1.576840758E+00     8.202099738E-02     2.952755906E-02
      338     1.528713737E+00     8.202099738E-02     2.952755906E-02
      339     1.480586717E+00     8.202099738E-02     2.952755906E-02
      340     1.432459696E+00     8.202099738E-02     2.952755906E-02
      341     1.381669475E+00     8.138386193E-02     2.952755906E-02
      342     1.331025314E+00     7.948103807E-02     2.952755906E-02
      343     1.280688331E+00     7.633840486E-02     2.952755906E-02
      344     1.230814266E+00     7.200244032E-02     2.952755906E-02
      345     1.181551119E+00     6.654403577E-02     2.952755906E-02
      346     1.133038968E+00     6.004588290E-02     2.952755906E-02
      347     1.085399676E+00     5.261725392E-02     2.952755906E-02
      348     1.038758142E+00     4.606083872E-02     2.952755906E-02
      349     9.915091965E-01     4.011808240E-02     2.952755906E-02
      350     9.437128917E-01     3.485025066E-02     2.952755906E-02
      351     8.954391363E-01     3.030580399E-02     2.952755906E-02
      352     8.467616766E-01     2.652768303E-02     2.952755906E-02
      353     7.977578688E-01     2.355463618E-02     2.952755906E-02
      354     7.485079943E-01     2.141005356E-02     2.952755906E-02
      355     6.990963109E-01     2.011780467E-02     2.952755906E-02
      356     5.954724409E-01     9.842519685E-02     2.952755906E-02
      357     5.413385827E-01     9.842519685E-02     2.952755906E-02
      358     4.872047244E-01     9.842519685E-02     2.952755906E-02
      359     4.330708755E-01     9.842519685E-02     2.952755906E-02
      360     3.789370079E-01     9.842519685E-02     2.952755906E-02
      361     3.248031496E-01     9.842519685E-02     2.952755906E-02
      362     2.706692913E-01     9.842519685E-02     2.952755906E-02
      363     2.165354378E-01     9.842519685E-02     2.952755906E-02
      364     1.624015748E-01     9.842519685E-02     2.952755906E-02
      365     1.082677165E-01     9.842519685E-02     2.952755906E-02
      366     5.413385827E-02     9.842519685E-02     2.952755906E-02
      367     5.954724409E-01     7.874015983E-02     2.952755906E-02
      368     5.413385827E-01     7.874015983E-02     2.952755906E-02
      369     4.872047244E-01     7.874015983E-02     2.952755906E-02
      370     4.330708755E-01     7.874015983E-02     2.952755906E-02
      371     3.789370079E-01     7.874015983E-02     2.952755906E-02
      372     3.248031496E-01     7.874015983E-02     2.952755906E-02
      373     2.706692913E-01     7.874015983E-02     2.952755906E-02
      374     2.165354378E-01     7.874015983E-02     2.952755906E-02
      375     1.624015748E-01     7.874015983E-02     2.952755906E-02
      376     1.082677165E-01     7.874015983E-02     2.952755906E-02
      377     5.413385827E-02     7.874015983E-02     2.952755906E-02
      378     5.954724409E-01     5.905511811E-02     2.952755906E-02
      379     5.413385827E-01     5.905511811E-02     2.952755906E-02
      380     4.872047244E-01     5.905511811E-02     2.952755906E-02
      381     4.330708755E-01     5.905511811E-02     2.952755906E-02
      382     3.789370079E-01     5.905511811E-02     2.952755906E-02
      383     3.248031496E-01     5.905511811E-02     2.952755906E-02
      384     2.706692913E-01     5.905511811E-02     2.952755906E-02
      385     2.165354378E-01     5.905511811E-02     2.952755906E-02
      386     1.624015748E-01     5.905511811E-02     2.952755906E-02
      387     1.082677165E-01     5.905511811E-02     2.952755906E-02
      388     5.413385827E-02     5.905511811E-02     2.952755906E-02
      389     5.954724409E-01     3.937007991E-02     2.952755906E-02
      390     5.413385827E-01     3.937007991E-02     2.952755906E-02
      391     4.872047244E-01     3.937007991E-02     2.952755906E-02
      392     4.330708755E-01     3.937007991E-02     2.952755906E-02
      393     3.789370079E-01     3.937007991E-02     2.952755906E-02
      394     3.248031496E-01     3.937007991E-02     2.952755906E-02
      395     2.706692913E-01     3.937007991E-02     2.952755906E-02
      396     2.165354378E-01     3.937007991E-02     2.952755906E-02
      397     1.624015748E-01     3.937007991E-02     2.952755906E-02
      398     1.082677165E-01     3.937007991E-02     2.952755906E-02
      399     5.413385827E-02     3.937007991E-02     2.952755906E-02
      400     5.954724409E-01     1.968503937E-02     2.952755906E-02
      401     5.413385827E-01     1.968503937E-02     2.952755906E-02
      402     4.872047244E-01     1.968503937E-02     2.952755906E-02
      403     4.330708755E-01     1.968503937E-02     2.952755906E-02
      404     3.789370079E-01     1.968503937E-02     2.952755906E-02
      405     3.248031496E-01     1.968503937E-02     2.952755906E-02
      406     2.706692913E-01     1.968503937E-02     2.952755906E-02
      407     2.165354378E-01     1.968503937E-02     2.952755906E-02
      408     1.624015748E-01     1.968503937E-02     2.952755906E-02
      409     1.082677165E-01     1.968503937E-02     2.952755906E-02
      410     5.413385827E-02     1.968503937E-02     2.952755906E-02
      411     2.209523755E+00     4.101049869E-01     0.000000000E+00
      412     2.155267982E+00     4.101049869E-01     0.000000000E+00
      413     2.101012209E+00     4.101049869E-01     0.000000000E+00
      414     2.046756436E+00     4.101049869E-01     0.000000000E+00
      415     1.992500663E+00     4.101049869E-01     0.000000000E+00
      416     1.938244890E+00     4.101049869E-01     0.000000000E+00
      417     1.883989116E+00     4.101049869E-01     0.000000000E+00
      418     1.829733343E+00     4.101049869E-01     0.000000000E+00
      419     1.775477570E+00     4.101049869E-01     0.000000000E+00
      420     2.209523757E+00     3.280840067E-01     0.000000000E+00
      421     2.155267986E+00     3.280840067E-01     0.000000000E+00
      422     2.101012215E+00     3.280840067E-01     0.000000000E+00
      423     2.046756445E+00     3.280840067E-01     0.000000000E+00
      424     1.992500674E+00     3.280840067E-01     0.000000000E+00
      425     1.938244903E+00     3.280840067E-01     0.000000000E+00
      426     1.883989132E+00     3.280840067E-01     0.000000000E+00
      427     1.829733362E+00     3.280840067E-01     0.000000000E+00
      428     1.775477591E+00     3.280840067E-01     0.000000000E+00
      429     2.209523755E+00     2.460629921E-01     0.000000000E+00
      430     2.155267982E+00     2.460629921E-01     0.000000000E+00
      431     2.101012209E+00     2.460629921E-01     0.000000000E+00
      432     2.046756436E+00     2.460629921E-01     0.000000000E+00
      433     1.992500663E+00     2.460629921E-01     0.000000000E+00
      434     1.938244890E+00     2.460629921E-01     0.000000000E+00
      435     1.883989116E+00     2.460629921E-01     0.000000000E+00
      436     1.829733343E+00     2.460629921E-01     0.000000000E+00
      437     1.775477570E+00     2.460629921E-01     0.000000000E+00
      438     2.209523757E+00     1.640420023E-01     0.000000000E+00
      439     2.155267986E+00     1.640420023E-01     0.000000000E+00
      440     2.101012215E+00     1.640420023E-01     0.000000000E+00
      441     2.046756445E+00     1.640420023E-01     0.000000000E+00
      442     1.992500674E+00     1.640420023E-01     0.000000000E+00
      443     1.938244903E+00     1.640420023E-01     0.000000000E+00
      444     1.883989132E+00     1.640420023E-01     0.000000000E+00
      445     1.829733362E+00     1.640420023E-01     0.000000000E+00
      446     1.775477591E+00     1.640420023E-01     0.000000000E+00
      447     2.209523755E+00     8.202099738E-02     0.000000000E+00
      448     2.155267982E+00     8.202099738E-02     0.000000000E+00
      449     2.101012209E+00     8.202099738E-02     0.000000000E+00
      450     2.046756436E+00     8.202099738E-02     0.000000000E+00
      451     1.992500663E+00     8.202099738E-02     0.000000000E+00
      452     1.938244890E+00     8.202099738E-02     0.000000000E+00
      453     1.883989116E+00     8.202099738E-02     0.000000000E+00
      454     1.829733343E+00     8.202099738E-02     0.000000000E+00
      455     1.775477570E+00     8.202099738E-02     0.000000000E+00
      456     2.209523757E+00     0.000000000E+00     0.000000000E+00
      457     2.155267986E+00     0.000000000E+00     0.000000000E+00
      458     2.101012215E+00     0.000000000E+00     0.000000000E+00
      459     2.046756445E+00     0.000000000E+00     0.000000000E+00
      460     1.992500674E+00     0.000000000E+00     0.000000000E+00
      461     1.938244903E+00     0.000000000E+00     0.000000000E+00
      462     1.883989132E+00     0.000000000E+00     0.000000000E+00
      463     1.829733362E+00     0.000000000E+00     0.000000000E+00
      464     1.775477591E+00     0.000000000E+00     0.000000000E+00
      465     2.263779528E+00     4.101049869E-01     0.000000000E+00
      466     2.263779528E+00     3.280839895E-01     0.000000000E+00
      467     2.263779528E+00     2.460629921E-01     0.000000000E+00
      468     2.263779528E+00     1.640419948E-01     0.000000000E+00
      469     2.263779528E+00     8.202099738E-02     0.000000000E+00
      470     2.263779528E+00     0.000000000E+00     0.000000000E+00
      471     1.775477591E+00     4.921259843E-01     0.000000000E+00
      472     1.829733362E+00     4.921259843E-01     0.000000000E+00
      473     1.883989132E+00     4.921259843E-01     0.000000000E+00
      474     1.938244903E+00     4.921259843E-01     0.000000000E+00
      475     1.992500674E+00     4.921259843E-01     0.000000000E+00
      476     2.046756445E+00     4.921259843E-01     0.000000000E+00
      477     2.101012215E+00     4.921259843E-01     0.000000000E+00
      478     2.155267986E+00     4.921259843E-01     0.000000000E+00
      479     2.209523757E+00     4.921259843E-01     0.000000000E+00
      480     2.263779528E+00     4.921259843E-01     0.000000000E+00
      481     1.721221820E+00     0.000000000E+00     0.000000000E+00
      482     1.721221820E+00     8.202099738E-02     0.000000000E+00
      483     1.721221820E+00     1.640419948E-01     0.000000000E+00
      484     1.721221820E+00     2.460629921E-01     0.000000000E+00
      485     1.721221820E+00     3.280839895E-01     0.000000000E+00
      486     1.721221820E+00     4.921259843E-01     0.000000000E+00
      487     1.721221820E+00     4.101049869E-01     0.000000000E+00
      488     6.990963109E-01     2.011780467E-02     0.000000000E+00
      489     7.485079943E-01     2.141005356E-02     0.000000000E+00
      490     7.977578688E-01     2.355463618E-02     0.000000000E+00
      491     8.467616766E-01     2.652768303E-02     0.000000000E+00
      492     8.954391363E-01     3.030580399E-02     0.000000000E+00
      493     9.437128917E-01     3.485025066E-02     0.000000000E+00
      494     9.915091965E-01     4.011808240E-02     0.000000000E+00
      495     1.038758142E+00     4.606083872E-02     0.000000000E+00
      496     1.085399676E+00     5.261725392E-02     0.000000000E+00
      497     1.133038968E+00     6.004588290E-02     0.000000000E+00
      498     1.181551119E+00     6.654403577E-02     0.000000000E+00
      499     1.230814266E+00     7.200244032E-02     0.000000000E+00
      500     1.280688331E+00     7.633840486E-02     0.000000000E+00
      501     1.331025314E+00     7.948103807E-02     0.000000000E+00
      502     1.381669475E+00     8.138386193E-02     0.000000000E+00
      503     1.432459696E+00     8.202099738E-02     0.000000000E+00
      504     1.480586717E+00     8.202099738E-02     0.000000000E+00
      505     1.528713737E+00     8.202099738E-02     0.000000000E+00
      506     1.576840758E+00     8.202099738E-02     0.000000000E+00
      507     1.624967779E+00     8.202099738E-02     0.000000000E+00
      508     1.673094799E+00     8.202099738E-02     0.000000000E+00
      509     6.998765261E-01     4.023560967E-02     0.000000000E+00
      510     7.499900967E-01     4.282010777E-02     0.000000000E+00
      511     7.997800492E-01     4.710927333E-02     0.000000000E+00
      512     8.490778685E-01     5.305536736E-02     0.000000000E+00
      513     8.977229913E-01     6.061160963E-02     0.000000000E+00
      514     9.455607057E-01     6.970050333E-02     0.000000000E+00
      515     9.924435189E-01     8.023616722E-02     0.000000000E+00
      516     1.038231614E+00     9.212168032E-02     0.000000000E+00
      517     1.082804885E+00     1.052345112E-01     0.000000000E+00
      518     1.129373673E+00     1.200917698E-01     0.000000000E+00
      519     1.177688177E+00     1.330880761E-01     0.000000000E+00
      520     1.227504676E+00     1.440048857E-01     0.000000000E+00
      521     1.278543009E+00     1.526768153E-01     0.000000000E+00
      522     1.330507179E+00     1.589620822E-01     0.000000000E+00
      523     1.383085706E+00     1.627677303E-01     0.000000000E+00
      524     1.435956350E+00     1.640420015E-01     0.000000000E+00
      525     1.483500595E+00     1.640420017E-01     0.000000000E+00
      526     1.531044840E+00     1.640420018E-01     0.000000000E+00
      527     1.578589085E+00     1.640420020E-01     0.000000000E+00
      528     1.626133330E+00     1.640420021E-01     0.000000000E+00
      529     1.673677575E+00     1.640420022E-01     0.000000000E+00
      530     7.006567414E-01     6.035341400E-02     0.000000000E+00
      531     7.514721990E-01     6.423016067E-02     0.000000000E+00
      532     8.018022296E-01     7.066390854E-02     0.000000000E+00
      533     8.513940602E-01     7.958304908E-02     0.000000000E+00
      534     9.000068463E-01     9.091741198E-02     0.000000000E+00
      535     9.474085197E-01     1.045507520E-01     0.000000000E+00
      536     9.933778413E-01     1.203542472E-01     0.000000000E+00
      537     1.037705085E+00     1.381825162E-01     0.000000000E+00
      538     1.080210095E+00     1.578517618E-01     0.000000000E+00
      539     1.125708379E+00     1.801376487E-01     0.000000000E+00
      540     1.173825236E+00     1.996321073E-01     0.000000000E+00
      541     1.224195086E+00     2.160073209E-01     0.000000000E+00
      542     1.276397687E+00     2.290152146E-01     0.000000000E+00
      543     1.329989044E+00     2.384431142E-01     0.000000000E+00
      544     1.384501936E+00     2.441515858E-01     0.000000000E+00
      545     1.439453004E+00     2.460629921E-01     0.000000000E+00
      546     1.486414473E+00     2.460629921E-01     0.000000000E+00
      547     1.533375943E+00     2.460629921E-01     0.000000000E+00
      548     1.580337412E+00     2.460629921E-01     0.000000000E+00
      549     1.627298882E+00     2.460629921E-01     0.000000000E+00
      550     1.674260351E+00     2.460629921E-01     0.000000000E+00
      551     7.014369567E-01     8.047121942E-02     0.000000000E+00
      552     7.529543013E-01     8.564021571E-02     0.000000000E+00
      553     8.038244100E-01     9.421854692E-02     0.000000000E+00
      554     8.537102521E-01     1.061107350E-01     0.000000000E+00
      555     9.022907014E-01     1.212232197E-01     0.000000000E+00
      556     9.492563338E-01     1.394010072E-01     0.000000000E+00
      557     9.943121638E-01     1.604723351E-01     0.000000000E+00
      558     1.037178557E+00     1.842433614E-01     0.000000000E+00
      559     1.077615304E+00     2.104690233E-01     0.000000000E+00
      560     1.122043083E+00     2.401835406E-01     0.000000000E+00
      561     1.169962295E+00     2.661761534E-01     0.000000000E+00
      562     1.220885496E+00     2.880097729E-01     0.000000000E+00
      563     1.274252365E+00     3.053536322E-01     0.000000000E+00
      564     1.329470909E+00     3.179241661E-01     0.000000000E+00
      565     1.385918166E+00     3.255354624E-01     0.000000000E+00
      566     1.442949659E+00     3.280840049E-01     0.000000000E+00
      567     1.489328352E+00     3.280840053E-01     0.000000000E+00
      568     1.535707046E+00     3.280840056E-01     0.000000000E+00
      569     1.582085740E+00     3.280840060E-01     0.000000000E+00
      570     1.628464433E+00     3.280840062E-01     0.000000000E+00
      571     1.674843127E+00     3.280840065E-01     0.000000000E+00
      572     7.022171719E-01     1.005890233E-01     0.000000000E+00
      573     7.544364036E-01     1.070502678E-01     0.000000000E+00
      574     8.058465903E-01     1.177731809E-01     0.000000000E+00
      575     8.560264438E-01     1.326384151E-01     0.000000000E+00
      576     9.045745563E-01     1.515290200E-01     0.000000000E+00
      577     9.511041477E-01     1.742512533E-01     0.000000000E+00
      578     9.952464861E-01     2.005904120E-01     0.000000000E+00
      579     1.036652028E+00     2.303041936E-01     0.000000000E+00
      580     1.075020513E+00     2.630862696E-01     0.000000000E+00
      581     1.118377789E+00     3.002294145E-01     0.000000000E+00
      582     1.166099354E+00     3.327201789E-01     0.000000000E+00
      583     1.217575906E+00     3.600122016E-01     0.000000000E+00
      584     1.272107043E+00     3.816920243E-01     0.000000000E+00
      585     1.328952774E+00     3.974051904E-01     0.000000000E+00
      586     1.387334396E+00     4.069193097E-01     0.000000000E+00
      587     1.446446312E+00     4.101049869E-01     0.000000000E+00
      588     1.492242230E+00     4.101049869E-01     0.000000000E+00
      589     1.538038148E+00     4.101049869E-01     0.000000000E+00
      590     1.583834066E+00     4.101049869E-01     0.000000000E+00
      591     1.629629984E+00     4.101049869E-01     0.000000000E+00
      592     1.675425902E+00     4.101049869E-01     0.000000000E+00
      593     1.672512024E+00     0.000000000E+00     0.000000000E+00
      594     1.623802227E+00     0.000000000E+00     0.000000000E+00
      595     1.575092431E+00     0.000000000E+00     0.000000000E+00
      596     1.526382635E+00     0.000000000E+00     0.000000000E+00
      597     1.477672838E+00     0.000000000E+00     0.000000000E+00
      598     1.428963042E+00     0.000000000E+00     0.000000000E+00
      599     1.380253245E+00     0.000000000E+00     0.000000000E+00
      600     1.331543449E+00     0.000000000E+00     0.000000000E+00
      601     1.282833653E+00     0.000000000E+00     0.000000000E+00
      602     1.234123856E+00     0.000000000E+00     0.000000000E+00
      603     1.185414060E+00     0.000000000E+00     0.000000000E+00
      604     1.136704263E+00     0.000000000E+00     0.000000000E+00
      605     1.087994467E+00     0.000000000E+00     0.000000000E+00
      606     1.039284670E+00     0.000000000E+00     0.000000000E+00
      607     9.905748741E-01     0.000000000E+00     0.000000000E+00
      608     9.418650777E-01     0.000000000E+00     0.000000000E+00
      609     8.931552813E-01     0.000000000E+00     0.000000000E+00
      610     8.444454848E-01     0.000000000E+00     0.000000000E+00
      611     7.957356884E-01     0.000000000E+00     0.000000000E+00
      612     7.470258920E-01     0.000000000E+00     0.000000000E+00
      613     6.983160956E-01     0.000000000E+00     0.000000000E+00
      614     1.495156109E+00     4.921259843E-01     0.000000000E+00
      615     1.540369251E+00     4.921259843E-01     0.000000000E+00
      616     1.585582393E+00     4.921259843E-01     0.000000000E+00
      617     1.630795536E+00     4.921259843E-01     0.000000000E+00
      618     1.676008678E+00     4.921259843E-01     0.000000000E+00
      619     1.114712494E+00     3.602752974E-01     0.000000000E+00
      620     1.162236413E+00     3.992642146E-01     0.000000000E+00
      621     1.214266316E+00     4.320146419E-01     0.000000000E+00
      622     1.269961722E+00     4.580304291E-01     0.000000000E+00
      623     1.328434639E+00     4.768862284E-01     0.000000000E+00
      624     1.388750626E+00     4.883031716E-01     0.000000000E+00
      625     1.449942967E+00     4.921259843E-01     0.000000000E+00
      626     7.029973872E-01     1.207068280E-01     0.000000000E+00
      627     7.559185059E-01     1.284603213E-01     0.000000000E+00
      628     8.078687707E-01     1.413278171E-01     0.000000000E+00
      629     8.583426356E-01     1.591660982E-01     0.000000000E+00
      630     9.068584113E-01     1.818348240E-01     0.000000000E+00
      631     9.529519617E-01     2.091015039E-01     0.000000000E+00
      632     9.961808085E-01     2.407084944E-01     0.000000000E+00
      633     1.036125500E+00     2.763650323E-01     0.000000000E+00
      634     1.072425722E+00     3.157035235E-01     0.000000000E+00
      635     6.496062992E-01     1.181102362E-01     0.000000000E+00
      636     6.496062992E-01     9.842519685E-02     0.000000000E+00
      637     6.496062992E-01     7.874015748E-02     0.000000000E+00
      638     6.496062992E-01     5.905511811E-02     0.000000000E+00
      639     6.496062992E-01     3.937007874E-02     0.000000000E+00
      640     6.496062992E-01     0.000000000E+00     0.000000000E+00
      641     6.496062992E-01     1.968503937E-02     0.000000000E+00
      642     5.413385827E-02     1.968503937E-02     0.000000000E+00
      643     1.082677165E-01     1.968503937E-02     0.000000000E+00
      644     1.624015748E-01     1.968503937E-02     0.000000000E+00
      645     2.165354378E-01     1.968503937E-02     0.000000000E+00
      646     2.706692913E-01     1.968503937E-02     0.000000000E+00
      647     3.248031496E-01     1.968503937E-02     0.000000000E+00
      648     3.789370079E-01     1.968503937E-02     0.000000000E+00
      649     4.330708755E-01     1.968503937E-02     0.000000000E+00
      650     4.872047244E-01     1.968503937E-02     0.000000000E+00
      651     5.413385827E-01     1.968503937E-02     0.000000000E+00
      652     5.954724409E-01     1.968503937E-02     0.000000000E+00
      653     5.413385827E-02     3.937007991E-02     0.000000000E+00
      654     1.082677165E-01     3.937007991E-02     0.000000000E+00
      655     1.624015748E-01     3.937007991E-02     0.000000000E+00
      656     2.165354378E-01     3.937007991E-02     0.000000000E+00
      657     2.706692913E-01     3.937007991E-02     0.000000000E+00
      658     3.248031496E-01     3.937007991E-02     0.000000000E+00
      659     3.789370079E-01     3.937007991E-02     0.000000000E+00
      660     4.330708755E-01     3.937007991E-02     0.000000000E+00
      661     4.872047244E-01     3.937007991E-02     0.000000000E+00
      662     5.413385827E-01     3.937007991E-02     0.000000000E+00
      663     5.954724409E-01     3.937007991E-02     0.000000000E+00
      664     5.413385827E-02     5.905511811E-02     0.000000000E+00
      665     1.082677165E-01     5.905511811E-02     0.000000000E+00
      666     1.624015748E-01     5.905511811E-02     0.000000000E+00
      667     2.165354378E-01     5.905511811E-02     0.000000000E+00
      668     2.706692913E-01     5.905511811E-02     0.000000000E+00
      669     3.248031496E-01     5.905511811E-02     0.000000000E+00
      670     3.789370079E-01     5.905511811E-02     0.000000000E+00
      671     4.330708755E-01     5.905511811E-02     0.000000000E+00
      672     4.872047244E-01     5.905511811E-02     0.000000000E+00
      673     5.413385827E-01     5.905511811E-02     0.000000000E+00
      674     5.954724409E-01     5.905511811E-02     0.000000000E+00
      675     5.413385827E-02     7.874015983E-02     0.000000000E+00
      676     1.082677165E-01     7.874015983E-02     0.000000000E+00
      677     1.624015748E-01     7.874015983E-02     0.000000000E+00
      678     2.165354378E-01     7.874015983E-02     0.000000000E+00
      679     2.706692913E-01     7.874015983E-02     0.000000000E+00
      680     3.248031496E-01     7.874015983E-02     0.000000000E+00
      681     3.789370079E-01     7.874015983E-02     0.000000000E+00
      682     4.330708755E-01     7.874015983E-02     0.000000000E+00
      683     4.872047244E-01     7.874015983E-02     0.000000000E+00
      684     5.413385827E-01     7.874015983E-02     0.000000000E+00
      685     5.954724409E-01     7.874015983E-02     0.000000000E+00
      686     5.413385827E-02     9.842519685E-02     0.000000000E+00
      687     1.082677165E-01     9.842519685E-02     0.000000000E+00
      688     1.624015748E-01     9.842519685E-02     0.000000000E+00
      689     2.165354378E-01     9.842519685E-02     0.000000000E+00
      690     2.706692913E-01     9.842519685E-02     0.000000000E+00
      691     3.248031496E-01     9.842519685E-02     0.000000000E+00
      692     3.789370079E-01     9.842519685E-02     0.000000000E+00
      693     4.330708755E-01     9.842519685E-02     0.000000000E+00
      694     4.872047244E-01     9.842519685E-02     0.000000000E+00
      695     5.413385827E-01     9.842519685E-02     0.000000000E+00
      696     5.954724409E-01     9.842519685E-02     0.000000000E+00
      697     5.954724409E-01     0.000000000E+00     0.000000000E+00
      698     5.413385827E-01     0.000000000E+00     0.000000000E+00
      699     4.872047244E-01     0.000000000E+00     0.000000000E+00
      700     4.330708661E-01     0.000000000E+00     0.000000000E+00
      701     3.789370079E-01     0.000000000E+00     0.000000000E+00
      702     3.248031496E-01     0.000000000E+00     0.000000000E+00
      703     2.706692913E-01     0.000000000E+00     0.000000000E+00
      704     2.165354331E-01     0.000000000E+00     0.000000000E+00
      705     1.624015748E-01     0.000000000E+00     0.000000000E+00
      706     1.082677165E-01     0.000000000E+00     0.000000000E+00
      707     5.413385827E-02     0.000000000E+00     0.000000000E+00
      708     5.413385827E-02     1.181102362E-01     0.000000000E+00
      709     1.082677165E-01     1.181102362E-01     0.000000000E+00
      710     1.624015748E-01     1.181102362E-01     0.000000000E+00
      711     2.165354331E-01     1.181102362E-01     0.000000000E+00
      712     2.706692913E-01     1.181102362E-01     0.000000000E+00
      713     3.248031496E-01     1.181102362E-01     0.000000000E+00
      714     3.789370079E-01     1.181102362E-01     0.000000000E+00
      715     4.330708661E-01     1.181102362E-01     0.000000000E+00
      716     4.872047244E-01     1.181102362E-01     0.000000000E+00
      717     5.413385827E-01     1.181102362E-01     0.000000000E+00
      718     5.954724409E-01     1.181102362E-01     0.000000000E+00
      719     0.000000000E+00     0.000000000E+00     0.000000000E+00
      720     0.000000000E+00     1.968503937E-02     0.000000000E+00
      721     0.000000000E+00     3.937007874E-02     0.000000000E+00
      722     0.000000000E+00     5.905511811E-02     0.000000000E+00
      723     0.000000000E+00     7.874015748E-02     0.000000000E+00
      724     0.000000000E+00     9.842519685E-02     0.000000000E+00
      725     0.000000000E+00     1.181102362E-01     0.000000000E+00
      726     2.209523755E+00     4.921259843E-01     1.476377953E-02
      727     2.155267983E+00     4.921259843E-01     1.476377953E-02
      728     2.101012210E+00     4.921259843E-01     1.476377953E-02
      729     2.046756438E+00     4.921259843E-01     1.476377953E-02
      730     1.992500665E+00     4.921259843E-01     1.476377953E-02
      731     1.938244893E+00     4.921259843E-01     1.476377953E-02
      732     1.883989120E+00     4.921259843E-01     1.476377953E-02
      733     1.829733348E+00     4.921259843E-01     1.476377953E-02
      734     1.775477575E+00     4.921259843E-01     1.476377953E-02
      735     1.775477591E+00     4.921259843E-01     2.952755906E-02
      736     1.829733362E+00     4.921259843E-01     2.952755906E-02
      737     1.883989132E+00     4.921259843E-01     2.952755906E-02
      738     1.938244903E+00     4.921259843E-01     2.952755906E-02
      739     1.992500674E+00     4.921259843E-01     2.952755906E-02
      740     2.046756445E+00     4.921259843E-01     2.952755906E-02
      741     2.101012215E+00     4.921259843E-01     2.952755906E-02
      742     2.155267986E+00     4.921259843E-01     2.952755906E-02
      743     2.209523757E+00     4.921259843E-01     2.952755906E-02
      744     1.721221820E+00     4.921259843E-01     2.952755906E-02
      745     1.721221820E+00     4.921259843E-01     1.476377953E-02
      746     2.263779528E+00     4.921259843E-01     1.476377953E-02
      747     2.263779528E+00     4.921259843E-01     2.952755906E-02
      748     2.263779528E+00     8.202100050E-02     1.476377953E-02
      749     2.263779528E+00     1.640419948E-01     1.476377953E-02
      750     2.263779528E+00     2.460630015E-01     1.476377953E-02
      751     2.263779528E+00     3.280839895E-01     1.476377953E-02
      752     2.263779528E+00     4.101050025E-01     1.476377953E-02
      753     2.263779528E+00     4.101049869E-01     2.952755906E-02
      754     2.263779528E+00     3.280839895E-01     2.952755906E-02
      755     2.263779528E+00     2.460629921E-01     2.952755906E-02
      756     2.263779528E+00     1.640419948E-01     2.952755906E-02
      757     2.263779528E+00     8.202099738E-02     2.952755906E-02
      758     2.263779528E+00     0.000000000E+00     2.952755906E-02
      759     2.263779528E+00     0.000000000E+00     1.476377953E-02
      760     2.209523772E+00     0.000000000E+00     1.476377953E-02
      761     2.155268000E+00     0.000000000E+00     1.476377953E-02
      762     2.101012227E+00     0.000000000E+00     1.476377953E-02
      763     2.046756455E+00     0.000000000E+00     1.476377953E-02
      764     1.992500683E+00     0.000000000E+00     1.476377953E-02
      765     1.938244910E+00     0.000000000E+00     1.476377953E-02
      766     1.883989138E+00     0.000000000E+00     1.476377953E-02
      767     1.829733365E+00     0.000000000E+00     1.476377953E-02
      768     1.775477593E+00     0.000000000E+00     1.476377953E-02
      769     2.209523757E+00     0.000000000E+00     2.952755906E-02
      770     2.155267986E+00     0.000000000E+00     2.952755906E-02
      771     2.101012215E+00     0.000000000E+00     2.952755906E-02
      772     2.046756445E+00     0.000000000E+00     2.952755906E-02
      773     1.992500674E+00     0.000000000E+00     2.952755906E-02
      774     1.938244903E+00     0.000000000E+00     2.952755906E-02
      775     1.883989132E+00     0.000000000E+00     2.952755906E-02
      776     1.829733362E+00     0.000000000E+00     2.952755906E-02
      777     1.775477591E+00     0.000000000E+00     2.952755906E-02
      778     1.721221820E+00     0.000000000E+00     2.952755906E-02
      779     1.721221820E+00     0.000000000E+00     1.476377953E-02
      780     1.721221820E+00     8.202098173E-02     1.476377953E-02
      781     1.721221820E+00     1.640419948E-01     1.476377953E-02
      782     1.721221820E+00     2.460629827E-01     1.476377953E-02
      783     1.721221820E+00     3.280839895E-01     1.476377953E-02
      784     1.721221820E+00     4.101049837E-01     1.476377953E-02
      785     1.721221820E+00     8.202099738E-02     2.952755906E-02
      786     1.721221820E+00     1.640419948E-01     2.952755906E-02
      787     1.721221820E+00     2.460629921E-01     2.952755906E-02
      788     1.721221820E+00     3.280839895E-01     2.952755906E-02
      789     1.721221820E+00     4.101049869E-01     2.952755906E-02
      790     1.036133409E+00     2.763569918E-01     1.476377953E-02
      791     9.961827837E-01     2.407060518E-01     1.476377953E-02
      792     9.529556227E-01     2.090959501E-01     1.476377953E-02
      793     9.068618432E-01     1.818283218E-01     1.476377953E-02
      794     8.583433187E-01     1.591644286E-01     1.476377953E-02
      795     8.078708855E-01     1.413207633E-01     1.476377953E-02
      796     7.559185298E-01     1.284602030E-01     1.476377953E-02
      797     7.029978296E-01     1.207022828E-01     1.476377953E-02
      798     7.029973872E-01     1.207068280E-01     2.952755906E-02
      799     7.559185059E-01     1.284603213E-01     2.952755906E-02
      800     8.078687707E-01     1.413278171E-01     2.952755906E-02
      801     8.583426356E-01     1.591660982E-01     2.952755906E-02
      802     9.068584113E-01     1.818348240E-01     2.952755906E-02
      803     9.529519617E-01     2.091015039E-01     2.952755906E-02
      804     9.961808085E-01     2.407084944E-01     2.952755906E-02
      805     1.036125500E+00     2.763650323E-01     2.952755906E-02
      806     6.496062992E-01     1.181102362E-01     2.952755906E-02
      807     6.496062992E-01     1.181102362E-01     1.476377953E-02
      808     1.072425722E+00     3.157035235E-01     1.476377953E-02
      809     1.072425722E+00     3.157035235E-01     2.952755906E-02
      810     1.388750183E+00     4.883066943E-01     1.476377953E-02
      811     1.328433825E+00     4.768894136E-01     1.476377953E-02
      812     1.269960655E+00     4.580331339E-01     1.476377953E-02
      813     1.214262492E+00     4.320216408E-01     1.476377953E-02
      814     1.162235807E+00     3.992650434E-01     1.476377953E-02
      815     1.114705411E+00     3.602828969E-01     1.476377953E-02
      816     1.114712494E+00     3.602752974E-01     2.952755906E-02
      817     1.162236413E+00     3.992642146E-01     2.952755906E-02
      818     1.214266316E+00     4.320146419E-01     2.952755906E-02
      819     1.269961722E+00     4.580304291E-01     2.952755906E-02
      820     1.328434639E+00     4.768862284E-01     2.952755906E-02
      821     1.388750626E+00     4.883031716E-01     2.952755906E-02
      822     1.449942967E+00     4.921259843E-01     1.476377953E-02
      823     1.449942967E+00     4.921259843E-01     2.952755906E-02
      824     1.495156102E+00     4.921259843E-01     1.476377953E-02
      825     1.540369246E+00     4.921259843E-01     1.476377953E-02
      826     1.585582389E+00     4.921259843E-01     1.476377953E-02
      827     1.630795533E+00     4.921259843E-01     1.476377953E-02
      828     1.676008677E+00     4.921259843E-01     1.476377953E-02
      829     1.495156109E+00     4.921259843E-01     2.952755906E-02
      830     1.540369251E+00     4.921259843E-01     2.952755906E-02
      831     1.585582393E+00     4.921259843E-01     2.952755906E-02
      832     1.630795536E+00     4.921259843E-01     2.952755906E-02
      833     1.676008678E+00     4.921259843E-01     2.952755906E-02
      834     6.983160956E-01     0.000000000E+00     1.476377953E-02
      835     7.470258920E-01     0.000000000E+00     1.476377953E-02
      836     7.957356884E-01     0.000000000E+00     1.476377953E-02
      837     8.444454848E-01     0.000000000E+00     1.476377953E-02
      838     8.931552813E-01     0.000000000E+00     1.476377953E-02
      839     9.418650777E-01     0.000000000E+00     1.476377953E-02
      840     9.905748741E-01     0.000000000E+00     1.476377953E-02
      841     1.039284670E+00     0.000000000E+00     1.476377953E-02
      842     1.087994467E+00     0.000000000E+00     1.476377953E-02
      843     1.136704263E+00     0.000000000E+00     1.476377953E-02
      844     1.185414060E+00     0.000000000E+00     1.476377953E-02
      845     1.234123856E+00     0.000000000E+00     1.476377953E-02
      846     1.282833653E+00     0.000000000E+00     1.476377953E-02
      847     1.331543449E+00     0.000000000E+00     1.476377953E-02
      848     1.380253245E+00     0.000000000E+00     1.476377953E-02
      849     1.428963042E+00     0.000000000E+00     1.476377953E-02
      850     1.477672838E+00     0.000000000E+00     1.476377953E-02
      851     1.526382635E+00     0.000000000E+00     1.476377953E-02
      852     1.575092431E+00     0.000000000E+00     1.476377953E-02
      853     1.623802227E+00     0.000000000E+00     1.476377953E-02
      854     1.672512024E+00     0.000000000E+00     1.476377953E-02
      855     1.672512024E+00     0.000000000E+00     2.952755906E-02
      856     1.623802227E+00     0.000000000E+00     2.952755906E-02
      857     1.575092431E+00     0.000000000E+00     2.952755906E-02
      858     1.526382635E+00     0.000000000E+00     2.952755906E-02
      859     1.477672838E+00     0.000000000E+00     2.952755906E-02
      860     1.428963042E+00     0.000000000E+00     2.952755906E-02
      861     1.380253245E+00     0.000000000E+00     2.952755906E-02
      862     1.331543449E+00     0.000000000E+00     2.952755906E-02
      863     1.282833653E+00     0.000000000E+00     2.952755906E-02
      864     1.234123856E+00     0.000000000E+00     2.952755906E-02
      865     1.185414060E+00     0.000000000E+00     2.952755906E-02
      866     1.136704263E+00     0.000000000E+00     2.952755906E-02
      867     1.087994467E+00     0.000000000E+00     2.952755906E-02
      868     1.039284670E+00     0.000000000E+00     2.952755906E-02
      869     9.905748741E-01     0.000000000E+00     2.952755906E-02
      870     9.418650777E-01     0.000000000E+00     2.952755906E-02
      871     8.931552813E-01     0.000000000E+00     2.952755906E-02
      872     8.444454848E-01     0.000000000E+00     2.952755906E-02
      873     7.957356884E-01     0.000000000E+00     2.952755906E-02
      874     7.470258920E-01     0.000000000E+00     2.952755906E-02
      875     6.983160956E-01     0.000000000E+00     2.952755906E-02
      876     6.496062992E-01     0.000000000E+00     2.952755906E-02
      877     6.496062992E-01     0.000000000E+00     1.476377953E-02
      878     6.496062992E-01     1.968503937E-02     1.476377953E-02
      879     6.496062992E-01     3.937007991E-02     1.476377953E-02
      880     6.496062992E-01     5.905511811E-02     1.476377953E-02
      881     6.496062992E-01     7.874015983E-02     1.476377953E-02
      882     6.496062992E-01     9.842519685E-02     1.476377953E-02
      883     6.496062992E-01     9.842519685E-02     2.952755906E-02
      884     6.496062992E-01     7.874015748E-02     2.952755906E-02
      885     6.496062992E-01     5.905511811E-02     2.952755906E-02
      886     6.496062992E-01     3.937007874E-02     2.952755906E-02
      887     6.496062992E-01     1.968503937E-02     2.952755906E-02
      888     0.000000000E+00     9.842519685E-02     1.476377953E-02
      889     0.000000000E+00     7.874015631E-02     1.476377953E-02
      890     0.000000000E+00     5.905511811E-02     1.476377953E-02
      891     0.000000000E+00     3.937007639E-02     1.476377953E-02
      892     0.000000000E+00     1.968503937E-02     1.476377953E-02
      893     0.000000000E+00     1.968503937E-02     2.952755906E-02
      894     0.000000000E+00     3.937007874E-02     2.952755906E-02
      895     0.000000000E+00     5.905511811E-02     2.952755906E-02
      896     0.000000000E+00     7.874015748E-02     2.952755906E-02
      897     0.000000000E+00     9.842519685E-02     2.952755906E-02
      898     0.000000000E+00     0.000000000E+00     2.952755906E-02
      899     0.000000000E+00     0.000000000E+00     1.476377953E-02
      900     0.000000000E+00     1.181102362E-01     1.476377953E-02
      901     0.000000000E+00     1.181102362E-01     2.952755906E-02
      902     5.413385827E-02     1.181102362E-01     1.476377953E-02
      903     1.082677165E-01     1.181102362E-01     1.476377953E-02
      904     1.624015748E-01     1.181102362E-01     1.476377953E-02
      905     2.165354237E-01     1.181102362E-01     1.476377953E-02
      906     2.706692913E-01     1.181102362E-01     1.476377953E-02
      907     3.248031496E-01     1.181102362E-01     1.476377953E-02
      908     3.789370079E-01     1.181102362E-01     1.476377953E-02
      909     4.330708614E-01     1.181102362E-01     1.476377953E-02
      910     4.872047244E-01     1.181102362E-01     1.476377953E-02
      911     5.413385827E-01     1.181102362E-01     1.476377953E-02
      912     5.954724409E-01     1.181102362E-01     1.476377953E-02
      913     5.413385827E-02     1.181102362E-01     2.952755906E-02
      914     1.082677165E-01     1.181102362E-01     2.952755906E-02
      915     1.624015748E-01     1.181102362E-01     2.952755906E-02
      916     2.165354331E-01     1.181102362E-01     2.952755906E-02
      917     2.706692913E-01     1.181102362E-01     2.952755906E-02
      918     3.248031496E-01     1.181102362E-01     2.952755906E-02
      919     3.789370079E-01     1.181102362E-01     2.952755906E-02
      920     4.330708661E-01     1.181102362E-01     2.952755906E-02
      921     4.872047244E-01     1.181102362E-01     2.952755906E-02
      922     5.413385827E-01     1.181102362E-01     2.952755906E-02
      923     5.954724409E-01     1.181102362E-01     2.952755906E-02
      924     5.413385827E-02     0.000000000E+00     1.476377953E-02
      925     1.082677165E-01     0.000000000E+00     1.476377953E-02
      926     1.624015748E-01     0.000000000E+00     1.476377953E-02
      927     2.165354378E-01     0.000000000E+00     1.476377953E-02
      928     2.706692913E-01     0.000000000E+00     1.476377953E-02
      929     3.248031496E-01     0.000000000E+00     1.476377953E-02
      930     3.789370079E-01     0.000000000E+00     1.476377953E-02
      931     4.330708755E-01     0.000000000E+00     1.476377953E-02
      932     4.872047244E-01     0.000000000E+00     1.476377953E-02
      933     5.413385827E-01     0.000000000E+00     1.476377953E-02
      934     5.954724409E-01     0.000000000E+00     1.476377953E-02
      935     5.954724409E-01     0.000000000E+00     2.952755906E-02
      936     5.413385827E-01     0.000000000E+00     2.952755906E-02
      937     4.872047244E-01     0.000000000E+00     2.952755906E-02
      938     4.330708661E-01     0.000000000E+00     2.952755906E-02
      939     3.789370079E-01     0.000000000E+00     2.952755906E-02
      940     3.248031496E-01     0.000000000E+00     2.952755906E-02
      941     2.706692913E-01     0.000000000E+00     2.952755906E-02
      942     2.165354331E-01     0.000000000E+00     2.952755906E-02
      943     1.624015748E-01     0.000000000E+00     2.952755906E-02
      944     1.082677165E-01     0.000000000E+00     2.952755906E-02
      945     5.413385827E-02     0.000000000E+00     2.952755906E-02
      946     2.182395868E+00     4.101049869E-01     1.476377953E-02
      947     2.209523756E+00     3.690944968E-01     1.476377953E-02
      948     2.209523755E+00     4.101049869E-01     2.214566929E-02
      949     2.209523755E+00     4.101049869E-01     7.381889764E-03
      950     2.209523755E+00     4.511154856E-01     1.476377953E-02
      951     2.236651641E+00     4.101049947E-01     1.476377953E-02
      952     2.128140095E+00     4.101049869E-01     1.476377953E-02
      953     2.155267984E+00     3.690944968E-01     1.476377953E-02
      954     2.155267982E+00     4.101049869E-01     2.214566929E-02
      955     2.155267982E+00     4.101049869E-01     7.381889764E-03
      956     2.155267982E+00     4.511154856E-01     1.476377953E-02
      957     2.073884322E+00     4.101049869E-01     1.476377953E-02
      958     2.101012212E+00     3.690944968E-01     1.476377953E-02
      959     2.101012209E+00     4.101049869E-01     2.214566929E-02
      960     2.101012209E+00     4.101049869E-01     7.381889764E-03
      961     2.101012209E+00     4.511154856E-01     1.476377953E-02
      962     2.019628549E+00     4.101049869E-01     1.476377953E-02
      963     2.046756440E+00     3.690944968E-01     1.476377953E-02
      964     2.046756436E+00     4.101049869E-01     2.214566929E-02
      965     2.046756436E+00     4.101049869E-01     7.381889764E-03
      966     2.046756437E+00     4.511154856E-01     1.476377953E-02
      967     1.965372776E+00     4.101049869E-01     1.476377953E-02
      968     1.992500668E+00     3.690944968E-01     1.476377953E-02
      969     1.992500663E+00     4.101049869E-01     2.214566929E-02
      970     1.992500663E+00     4.101049869E-01     7.381889764E-03
      971     1.992500664E+00     4.511154856E-01     1.476377953E-02
      972     1.911117003E+00     4.101049869E-01     1.476377953E-02
      973     1.938244896E+00     3.690944968E-01     1.476377953E-02
      974     1.938244890E+00     4.101049869E-01     2.214566929E-02
      975     1.938244890E+00     4.101049869E-01     7.381889764E-03
      976     1.938244891E+00     4.511154856E-01     1.476377953E-02
      977     1.856861230E+00     4.101049869E-01     1.476377953E-02
      978     1.883989124E+00     3.690944968E-01     1.476377953E-02
      979     1.883989116E+00     4.101049869E-01     2.214566929E-02
      980     1.883989116E+00     4.101049869E-01     7.381889764E-03
      981     1.883989118E+00     4.511154856E-01     1.476377953E-02
      982     1.802605457E+00     4.101049869E-01     1.476377953E-02
      983     1.829733353E+00     3.690944968E-01     1.476377953E-02
      984     1.829733343E+00     4.101049869E-01     2.214566929E-02
      985     1.829733343E+00     4.101049869E-01     7.381889764E-03
      986     1.829733346E+00     4.511154856E-01     1.476377953E-02
      987     1.775477581E+00     3.690944968E-01     1.476377953E-02
      988     1.775477570E+00     4.101049869E-01     2.214566929E-02
      989     1.775477570E+00     4.101049869E-01     7.381889764E-03
      990     1.775477573E+00     4.511154856E-01     1.476377953E-02
      991     1.748349695E+00     4.101049853E-01     1.476377953E-02
      992     2.182395871E+00     3.280840067E-01     1.476377953E-02
      993     2.209523756E+00     2.870734994E-01     1.476377953E-02
      994     2.209523757E+00     3.280840067E-01     2.214566929E-02
      995     2.209523757E+00     3.280840067E-01     7.381889764E-03
      996     2.236651642E+00     3.280839981E-01     1.476377953E-02
      997     2.128140101E+00     3.280840067E-01     1.476377953E-02
      998     2.155267984E+00     2.870734994E-01     1.476377953E-02
      999     2.155267986E+00     3.280840067E-01     2.214566929E-02
     1000     2.155267986E+00     3.280840067E-01     7.381889764E-03
     1001     2.073884330E+00     3.280840067E-01     1.476377953E-02
     1002     2.101012212E+00     2.870734994E-01     1.476377953E-02
     1003     2.101012215E+00     3.280840067E-01     2.214566929E-02
     1004     2.101012215E+00     3.280840067E-01     7.381889764E-03
     1005     2.019628559E+00     3.280840067E-01     1.476377953E-02
     1006     2.046756440E+00     2.870734994E-01     1.476377953E-02
     1007     2.046756445E+00     3.280840067E-01     2.214566929E-02
     1008     2.046756445E+00     3.280840067E-01     7.381889764E-03
     1009     1.965372789E+00     3.280840067E-01     1.476377953E-02
     1010     1.992500668E+00     2.870734994E-01     1.476377953E-02
     1011     1.992500674E+00     3.280840067E-01     2.214566929E-02
     1012     1.992500674E+00     3.280840067E-01     7.381889764E-03
     1013     1.911117018E+00     3.280840067E-01     1.476377953E-02
     1014     1.938244896E+00     2.870734994E-01     1.476377953E-02
     1015     1.938244903E+00     3.280840067E-01     2.214566929E-02
     1016     1.938244903E+00     3.280840067E-01     7.381889764E-03
     1017     1.856861247E+00     3.280840067E-01     1.476377953E-02
     1018     1.883989124E+00     2.870734994E-01     1.476377953E-02
     1019     1.883989132E+00     3.280840067E-01     2.214566929E-02
     1020     1.883989132E+00     3.280840067E-01     7.381889764E-03
     1021     1.802605476E+00     3.280840067E-01     1.476377953E-02
     1022     1.829733353E+00     2.870734994E-01     1.476377953E-02
     1023     1.829733362E+00     3.280840067E-01     2.214566929E-02
     1024     1.829733362E+00     3.280840067E-01     7.381889764E-03
     1025     1.775477581E+00     2.870734994E-01     1.476377953E-02
     1026     1.775477591E+00     3.280840067E-01     2.214566929E-02
     1027     1.775477591E+00     3.280840067E-01     7.381889764E-03
     1028     1.748349706E+00     3.280839981E-01     1.476377953E-02
     1029     2.182395868E+00     2.460629921E-01     1.476377953E-02
     1030     2.209523756E+00     2.050524972E-01     1.476377953E-02
     1031     2.209523755E+00     2.460629921E-01     2.214566929E-02
     1032     2.209523755E+00     2.460629921E-01     7.381889764E-03
     1033     2.236651641E+00     2.460629968E-01     1.476377953E-02
     1034     2.128140095E+00     2.460629921E-01     1.476377953E-02
     1035     2.155267984E+00     2.050524972E-01     1.476377953E-02
     1036     2.155267982E+00     2.460629921E-01     2.214566929E-02
     1037     2.155267982E+00     2.460629921E-01     7.381889764E-03
     1038     2.073884322E+00     2.460629921E-01     1.476377953E-02
     1039     2.101012212E+00     2.050524972E-01     1.476377953E-02
     1040     2.101012209E+00     2.460629921E-01     2.214566929E-02
     1041     2.101012209E+00     2.460629921E-01     7.381889764E-03
     1042     2.019628549E+00     2.460629921E-01     1.476377953E-02
     1043     2.046756440E+00     2.050524972E-01     1.476377953E-02
     1044     2.046756436E+00     2.460629921E-01     2.214566929E-02
     1045     2.046756436E+00     2.460629921E-01     7.381889764E-03
     1046     1.965372776E+00     2.460629921E-01     1.476377953E-02
     1047     1.992500668E+00     2.050524972E-01     1.476377953E-02
     1048     1.992500663E+00     2.460629921E-01     2.214566929E-02
     1049     1.992500663E+00     2.460629921E-01     7.381889764E-03
     1050     1.911117003E+00     2.460629921E-01     1.476377953E-02
     1051     1.938244896E+00     2.050524972E-01     1.476377953E-02
     1052     1.938244890E+00     2.460629921E-01     2.214566929E-02
     1053     1.938244890E+00     2.460629921E-01     7.381889764E-03
     1054     1.856861230E+00     2.460629921E-01     1.476377953E-02
     1055     1.883989124E+00     2.050524972E-01     1.476377953E-02
     1056     1.883989116E+00     2.460629921E-01     2.214566929E-02
     1057     1.883989116E+00     2.460629921E-01     7.381889764E-03
     1058     1.802605457E+00     2.460629921E-01     1.476377953E-02
     1059     1.829733353E+00     2.050524972E-01     1.476377953E-02
     1060     1.829733343E+00     2.460629921E-01     2.214566929E-02
     1061     1.829733343E+00     2.460629921E-01     7.381889764E-03
     1062     1.775477581E+00     2.050524972E-01     1.476377953E-02
     1063     1.775477570E+00     2.460629921E-01     2.214566929E-02
     1064     1.775477570E+00     2.460629921E-01     7.381889764E-03
     1065     1.748349695E+00     2.460629874E-01     1.476377953E-02
     1066     2.182395871E+00     1.640420023E-01     1.476377953E-02
     1067     2.209523756E+00     1.230314998E-01     1.476377953E-02
     1068     2.209523757E+00     1.640420023E-01     2.214566929E-02
     1069     2.209523757E+00     1.640420023E-01     7.381889764E-03
     1070     2.236651642E+00     1.640419985E-01     1.476377953E-02
     1071     2.128140101E+00     1.640420023E-01     1.476377953E-02
     1072     2.155267984E+00     1.230314998E-01     1.476377953E-02
     1073     2.155267986E+00     1.640420023E-01     2.214566929E-02
     1074     2.155267986E+00     1.640420023E-01     7.381889764E-03
     1075     2.073884330E+00     1.640420023E-01     1.476377953E-02
     1076     2.101012212E+00     1.230314998E-01     1.476377953E-02
     1077     2.101012215E+00     1.640420023E-01     2.214566929E-02
     1078     2.101012215E+00     1.640420023E-01     7.381889764E-03
     1079     2.019628559E+00     1.640420023E-01     1.476377953E-02
     1080     2.046756440E+00     1.230314998E-01     1.476377953E-02
     1081     2.046756445E+00     1.640420023E-01     2.214566929E-02
     1082     2.046756445E+00     1.640420023E-01     7.381889764E-03
     1083     1.965372789E+00     1.640420023E-01     1.476377953E-02
     1084     1.992500668E+00     1.230314998E-01     1.476377953E-02
     1085     1.992500674E+00     1.640420023E-01     2.214566929E-02
     1086     1.992500674E+00     1.640420023E-01     7.381889764E-03
     1087     1.911117018E+00     1.640420023E-01     1.476377953E-02
     1088     1.938244896E+00     1.230314998E-01     1.476377953E-02
     1089     1.938244903E+00     1.640420023E-01     2.214566929E-02
     1090     1.938244903E+00     1.640420023E-01     7.381889764E-03
     1091     1.856861247E+00     1.640420023E-01     1.476377953E-02
     1092     1.883989124E+00     1.230314998E-01     1.476377953E-02
     1093     1.883989132E+00     1.640420023E-01     2.214566929E-02
     1094     1.883989132E+00     1.640420023E-01     7.381889764E-03
     1095     1.802605476E+00     1.640420023E-01     1.476377953E-02
     1096     1.829733353E+00     1.230314998E-01     1.476377953E-02
     1097     1.829733362E+00     1.640420023E-01     2.214566929E-02
     1098     1.829733362E+00     1.640420023E-01     7.381889764E-03
     1099     1.775477581E+00     1.230314998E-01     1.476377953E-02
     1100     1.775477591E+00     1.640420023E-01     2.214566929E-02
     1101     1.775477591E+00     1.640420023E-01     7.381889764E-03
     1102     1.748349706E+00     1.640419985E-01     1.476377953E-02
     1103     2.182395868E+00     8.202099738E-02     1.476377953E-02
     1104     2.209523755E+00     8.202099738E-02     2.214566929E-02
     1105     2.209523755E+00     8.202099738E-02     7.381889764E-03
     1106     2.236651641E+00     8.202099894E-02     1.476377953E-02
     1107     2.209523763E+00     4.101049869E-02     1.476377953E-02
     1108     2.128140095E+00     8.202099738E-02     1.476377953E-02
     1109     2.155267982E+00     8.202099738E-02     2.214566929E-02
     1110     2.155267982E+00     8.202099738E-02     7.381889764E-03
     1111     2.155267991E+00     4.101049869E-02     1.476377953E-02
     1112     2.073884322E+00     8.202099738E-02     1.476377953E-02
     1113     2.101012209E+00     8.202099738E-02     2.214566929E-02
     1114     2.101012209E+00     8.202099738E-02     7.381889764E-03
     1115     2.101012218E+00     4.101049869E-02     1.476377953E-02
     1116     2.019628549E+00     8.202099738E-02     1.476377953E-02
     1117     2.046756436E+00     8.202099738E-02     2.214566929E-02
     1118     2.046756436E+00     8.202099738E-02     7.381889764E-03
     1119     2.046756445E+00     4.101049869E-02     1.476377953E-02
     1120     1.965372776E+00     8.202099738E-02     1.476377953E-02
     1121     1.992500663E+00     8.202099738E-02     2.214566929E-02
     1122     1.992500663E+00     8.202099738E-02     7.381889764E-03
     1123     1.992500673E+00     4.101049869E-02     1.476377953E-02
     1124     1.911117003E+00     8.202099738E-02     1.476377953E-02
     1125     1.938244890E+00     8.202099738E-02     2.214566929E-02
     1126     1.938244890E+00     8.202099738E-02     7.381889764E-03
     1127     1.938244900E+00     4.101049869E-02     1.476377953E-02
     1128     1.856861230E+00     8.202099738E-02     1.476377953E-02
     1129     1.883989116E+00     8.202099738E-02     2.214566929E-02
     1130     1.883989116E+00     8.202099738E-02     7.381889764E-03
     1131     1.883989127E+00     4.101049869E-02     1.476377953E-02
     1132     1.802605457E+00     8.202099738E-02     1.476377953E-02
     1133     1.829733343E+00     8.202099738E-02     2.214566929E-02
     1134     1.829733343E+00     8.202099738E-02     7.381889764E-03
     1135     1.829733354E+00     4.101049869E-02     1.476377953E-02
     1136     1.775477570E+00     8.202099738E-02     2.214566929E-02
     1137     1.775477570E+00     8.202099738E-02     7.381889764E-03
     1138     1.775477582E+00     4.101049869E-02     1.476377953E-02
     1139     1.748349695E+00     8.202098955E-02     1.476377953E-02
     1140     7.237825006E-01     2.065179270E-02     1.476377953E-02
     1141     6.994864185E-01     3.017670717E-02     1.476377953E-02
     1142     6.990963109E-01     2.011780467E-02     2.214566929E-02
     1143     6.990963109E-01     2.011780467E-02     7.381889764E-03
     1144     6.987062033E-01     1.005890233E-02     1.476377953E-02
     1145     6.743149123E-01     1.979151728E-02     1.476377953E-02
     1146     7.731296084E-01     2.236977575E-02     1.476377953E-02
     1147     7.492490455E-01     3.211508066E-02     1.476377953E-02
     1148     7.485079943E-01     2.141005356E-02     2.214566929E-02
     1149     7.485079943E-01     2.141005356E-02     7.381889764E-03
     1150     7.477669432E-01     1.070502678E-02     1.476377953E-02
     1151     8.222728980E-01     2.493120557E-02     1.476377953E-02
     1152     7.987689590E-01     3.533195476E-02     1.476377953E-02
     1153     7.977578688E-01     2.355463618E-02     2.214566929E-02
     1154     7.977578688E-01     2.355463618E-02     7.381889764E-03
     1155     7.967467786E-01     1.177731809E-02     1.476377953E-02
     1156     8.711289981E-01     2.830971151E-02     1.476377953E-02
     1157     8.479197725E-01     3.979152519E-02     1.476377953E-02
     1158     8.467616766E-01     2.652768303E-02     2.214566929E-02
     1159     8.467616766E-01     2.652768303E-02     7.381889764E-03
     1160     8.456035807E-01     1.326384151E-02     1.476377953E-02
     1161     9.196193477E-01     3.247832001E-02     1.476377953E-02
     1162     8.965810638E-01     4.545870681E-02     1.476377953E-02
     1163     8.954391363E-01     3.030580399E-02     2.214566929E-02
     1164     8.954391363E-01     3.030580399E-02     7.381889764E-03
     1165     8.942972088E-01     1.515290200E-02     1.476377953E-02
     1166     9.676685632E-01     3.739096737E-02     1.476377953E-02
     1167     9.446367987E-01     5.227537699E-02     1.476377953E-02
     1168     9.437128917E-01     3.485025066E-02     2.214566929E-02
     1169     9.437128917E-01     3.485025066E-02     7.381889764E-03
     1170     9.427889847E-01     1.742512533E-02     1.476377953E-02
     1171     1.015203259E+00     4.300688979E-02     1.476377953E-02
     1172     9.919763577E-01     6.017712481E-02     1.476377953E-02
     1173     9.915091965E-01     4.011808240E-02     2.214566929E-02
     1174     9.915091965E-01     4.011808240E-02     7.381889764E-03
     1175     9.910420353E-01     2.005904120E-02     1.476377953E-02
     1176     1.062160074E+00     4.926712201E-02     1.476377953E-02
     1177     1.038494878E+00     6.909125952E-02     1.476377953E-02
     1178     1.038758142E+00     4.606083872E-02     2.214566929E-02
     1179     1.038758142E+00     4.606083872E-02     7.381889764E-03
     1180     1.039021406E+00     2.303041936E-02     1.476377953E-02
     1181     1.109101984E+00     5.643994877E-02     1.476377953E-02
     1182     1.084102281E+00     7.892588257E-02     1.476377953E-02
     1183     1.085399676E+00     5.261725392E-02     2.214566929E-02
     1184     1.085399676E+00     5.261725392E-02     7.381889764E-03
     1185     1.086697072E+00     2.630862696E-02     1.476377953E-02
     1186     1.157199416E+00     6.342404111E-02     1.476377953E-02
     1187     1.131206321E+00     9.006882633E-02     1.476377953E-02
     1188     1.133038968E+00     6.004588290E-02     2.214566929E-02
     1189     1.133038968E+00     6.004588290E-02     7.381889764E-03
     1190     1.134871616E+00     3.002294145E-02     1.476377953E-02
     1191     1.206112705E+00     6.941772468E-02     1.476377953E-02
     1192     1.179619648E+00     9.981605593E-02     1.476377953E-02
     1193     1.181551119E+00     6.654403577E-02     2.214566929E-02
     1194     1.181551119E+00     6.654403577E-02     7.381889764E-03
     1195     1.183482589E+00     3.327201789E-02     1.476377953E-02
     1196     1.255709145E+00     7.432832404E-02     1.476377953E-02
     1197     1.229159471E+00     1.080036630E-01     1.476377953E-02
     1198     1.230814266E+00     7.200244032E-02     2.214566929E-02
     1199     1.230814266E+00     7.200244032E-02     7.381889764E-03
     1200     1.232469061E+00     3.600122016E-02     1.476377953E-02
     1201     1.305844167E+00     7.807301653E-02     1.476377953E-02
     1202     1.279615670E+00     1.145076101E-01     1.476377953E-02
     1203     1.280688331E+00     7.633840486E-02     2.214566929E-02
     1204     1.280688331E+00     7.633840486E-02     7.381889764E-03
     1205     1.281760992E+00     3.816920243E-02     1.476377953E-02
     1206     1.356366657E+00     8.059912344E-02     1.476377953E-02
     1207     1.330766246E+00     1.192215601E-01     1.476377953E-02
     1208     1.331025314E+00     7.948103807E-02     2.214566929E-02
     1209     1.331025314E+00     7.948103807E-02     7.381889764E-03
     1210     1.331284381E+00     3.974051904E-02     1.476377953E-02
     1211     1.407114522E+00     8.186491034E-02     1.476377953E-02
     1212     1.382377591E+00     1.220757961E-01     1.476377953E-02
     1213     1.381669475E+00     8.138386193E-02     2.214566929E-02
     1214     1.381669475E+00     8.138386193E-02     7.381889764E-03
     1215     1.380961360E+00     4.069193097E-02     1.476377953E-02
     1216     1.456523206E+00     8.202099738E-02     1.476377953E-02
     1217     1.434208023E+00     1.230314994E-01     1.476377953E-02
     1218     1.432459696E+00     8.202099738E-02     2.214566929E-02
     1219     1.432459696E+00     8.202099738E-02     7.381889764E-03
     1220     1.430711369E+00     4.101049869E-02     1.476377953E-02
     1221     1.504650227E+00     8.202099738E-02     1.476377953E-02
     1222     1.482043656E+00     1.230314995E-01     1.476377953E-02
     1223     1.480586717E+00     8.202099738E-02     2.214566929E-02
     1224     1.480586717E+00     8.202099738E-02     7.381889764E-03
     1225     1.479129777E+00     4.101049869E-02     1.476377953E-02
     1226     1.552777248E+00     8.202099738E-02     1.476377953E-02
     1227     1.529879289E+00     1.230314996E-01     1.476377953E-02
     1228     1.528713737E+00     8.202099738E-02     2.214566929E-02
     1229     1.528713737E+00     8.202099738E-02     7.381889764E-03
     1230     1.527548186E+00     4.101049869E-02     1.476377953E-02
     1231     1.600904268E+00     8.202099738E-02     1.476377953E-02
     1232     1.577714922E+00     1.230314997E-01     1.476377953E-02
     1233     1.576840758E+00     8.202099738E-02     2.214566929E-02
     1234     1.576840758E+00     8.202099738E-02     7.381889764E-03
     1235     1.575966595E+00     4.101049869E-02     1.476377953E-02
     1236     1.649031289E+00     8.202099738E-02     1.476377953E-02
     1237     1.625550555E+00     1.230314998E-01     1.476377953E-02
     1238     1.624967779E+00     8.202099738E-02     2.214566929E-02
     1239     1.624967779E+00     8.202099738E-02     7.381889764E-03
     1240     1.624385003E+00     4.101049869E-02     1.476377953E-02
     1241     1.673386187E+00     1.230314998E-01     1.476377953E-02
     1242     1.673094799E+00     8.202099738E-02     2.214566929E-02
     1243     1.673094799E+00     8.202099738E-02     7.381889764E-03
     1244     1.697158310E+00     8.202098955E-02     1.476377953E-02
     1245     1.672803412E+00     4.101049869E-02     1.476377953E-02
     1246     7.248940074E-01     4.130358589E-02     1.476377953E-02
     1247     7.002666338E-01     5.029451183E-02     1.476377953E-02
     1248     6.998765261E-01     4.023560967E-02     2.214566929E-02
     1249     6.998765261E-01     4.023560967E-02     7.381889764E-03
     1250     6.746686271E-01     3.958303473E-02     1.476377953E-02
     1251     7.748784266E-01     4.473955231E-02     1.476377953E-02
     1252     7.507311478E-01     5.352513422E-02     1.476377953E-02
     1253     7.499900967E-01     4.282010777E-02     2.214566929E-02
     1254     7.499900967E-01     4.282010777E-02     7.381889764E-03
     1255     8.244552093E-01     4.986241227E-02     1.476377953E-02
     1256     8.007911394E-01     5.888659094E-02     1.476377953E-02
     1257     7.997800492E-01     4.710927333E-02     2.214566929E-02
     1258     7.997800492E-01     4.710927333E-02     7.381889764E-03
     1259     8.734576132E-01     5.661942449E-02     1.476377953E-02
     1260     8.502359643E-01     6.631920822E-02     1.476377953E-02
     1261     8.490778685E-01     5.305536736E-02     2.214566929E-02
     1262     8.490778685E-01     5.305536736E-02     7.381889764E-03
     1263     9.217285159E-01     6.495664184E-02     1.476377953E-02
     1264     8.988649188E-01     7.576451081E-02     1.476377953E-02
     1265     8.977229913E-01     6.061160963E-02     2.214566929E-02
     1266     8.977229913E-01     6.061160963E-02     7.381889764E-03
     1267     9.691171506E-01     7.478193696E-02     1.476377953E-02
     1268     9.464846127E-01     8.712562765E-02     1.476377953E-02
     1269     9.455607057E-01     6.970050333E-02     2.214566929E-02
     1270     9.455607057E-01     6.970050333E-02     7.381889764E-03
     1271     1.015476745E+00     8.601378222E-02     1.476377953E-02
     1272     9.929106801E-01     1.002952072E-01     1.476377953E-02
     1273     9.924435189E-01     8.023616722E-02     2.214566929E-02
     1274     9.924435189E-01     8.023616722E-02     7.381889764E-03
     1275     1.060680579E+00     9.853424714E-02     1.476377953E-02
     1276     1.037968349E+00     1.151520982E-01     1.476377953E-02
     1277     1.038231614E+00     9.212168032E-02     2.214566929E-02
     1278     1.038231614E+00     9.212168032E-02     7.381889764E-03
     1279     1.105854603E+00     1.128799012E-01     1.476377953E-02
     1280     1.081507490E+00     1.315431365E-01     1.476377953E-02
     1281     1.082804885E+00     1.052345112E-01     2.214566929E-02
     1282     1.082804885E+00     1.052345112E-01     7.381889764E-03
     1283     1.153339670E+00     1.268480865E-01     1.476377953E-02
     1284     1.127541026E+00     1.501147092E-01     1.476377953E-02
     1285     1.129373673E+00     1.200917698E-01     2.214566929E-02
     1286     1.129373673E+00     1.200917698E-01     7.381889764E-03
     1287     1.202456451E+00     1.388354542E-01     1.476377953E-02
     1288     1.175756707E+00     1.663600917E-01     1.476377953E-02
     1289     1.177688177E+00     1.330880761E-01     2.214566929E-02
     1290     1.177688177E+00     1.330880761E-01     7.381889764E-03
     1291     1.252939536E+00     1.486566534E-01     1.476377953E-02
     1292     1.225849881E+00     1.800061033E-01     1.476377953E-02
     1293     1.227504676E+00     1.440048857E-01     2.214566929E-02
     1294     1.227504676E+00     1.440048857E-01     7.381889764E-03
     1295     1.304499784E+00     1.561460389E-01     1.476377953E-02
     1296     1.277470348E+00     1.908460149E-01     1.476377953E-02
     1297     1.278543009E+00     1.526768153E-01     2.214566929E-02
     1298     1.278543009E+00     1.526768153E-01     7.381889764E-03
     1299     1.356834967E+00     1.611982531E-01     1.476377953E-02
     1300     1.330248111E+00     1.987025982E-01     1.476377953E-02
     1301     1.330507179E+00     1.589620822E-01     2.214566929E-02
     1302     1.330507179E+00     1.589620822E-01     7.381889764E-03
     1303     1.409620901E+00     1.637298273E-01     1.476377953E-02
     1304     1.383793821E+00     2.034596580E-01     1.476377953E-02
     1305     1.383085706E+00     1.627677303E-01     2.214566929E-02
     1306     1.383085706E+00     1.627677303E-01     7.381889764E-03
     1307     1.459728473E+00     1.640420016E-01     1.476377953E-02
     1308     1.437704677E+00     2.050524968E-01     1.476377953E-02
     1309     1.435956350E+00     1.640420015E-01     2.214566929E-02
     1310     1.435956350E+00     1.640420015E-01     7.381889764E-03
     1311     1.507272718E+00     1.640420018E-01     1.476377953E-02
     1312     1.484957534E+00     2.050524969E-01     1.476377953E-02
     1313     1.483500595E+00     1.640420017E-01     2.214566929E-02
     1314     1.483500595E+00     1.640420017E-01     7.381889764E-03
     1315     1.554816963E+00     1.640420019E-01     1.476377953E-02
     1316     1.532210392E+00     2.050524970E-01     1.476377953E-02
     1317     1.531044840E+00     1.640420018E-01     2.214566929E-02
     1318     1.531044840E+00     1.640420018E-01     7.381889764E-03
     1319     1.602361208E+00     1.640420021E-01     1.476377953E-02
     1320     1.579463249E+00     2.050524971E-01     1.476377953E-02
     1321     1.578589085E+00     1.640420020E-01     2.214566929E-02
     1322     1.578589085E+00     1.640420020E-01     7.381889764E-03
     1323     1.649905453E+00     1.640420022E-01     1.476377953E-02
     1324     1.626716106E+00     2.050524971E-01     1.476377953E-02
     1325     1.626133330E+00     1.640420021E-01     2.214566929E-02
     1326     1.626133330E+00     1.640420021E-01     7.381889764E-03
     1327     1.673968963E+00     2.050524972E-01     1.476377953E-02
     1328     1.673677575E+00     1.640420022E-01     2.214566929E-02
     1329     1.673677575E+00     1.640420022E-01     7.381889764E-03
     1330     1.697449698E+00     1.640419985E-01     1.476377953E-02
     1331     7.260055142E-01     6.195537809E-02     1.476377953E-02
     1332     7.010468490E-01     7.041231671E-02     1.476377953E-02
     1333     7.006567414E-01     6.035341400E-02     2.214566929E-02
     1334     7.006567414E-01     6.035341400E-02     7.381889764E-03
     1335     6.750223420E-01     5.937455185E-02     1.476377953E-02
     1336     7.766272448E-01     6.710932725E-02     1.476377953E-02
     1337     7.522132502E-01     7.493518819E-02     1.476377953E-02
     1338     7.514721990E-01     6.423016067E-02     2.214566929E-02
     1339     7.514721990E-01     6.423016067E-02     7.381889764E-03
     1340     8.266375206E-01     7.479361671E-02     1.476377953E-02
     1341     8.028133198E-01     8.244122773E-02     1.476377953E-02
     1342     8.018022296E-01     7.066390854E-02     2.214566929E-02
     1343     8.018022296E-01     7.066390854E-02     7.381889764E-03
     1344     8.757862281E-01     8.492913454E-02     1.476377953E-02
     1345     8.525521561E-01     9.284689207E-02     1.476377953E-02
     1346     8.513940602E-01     7.958304908E-02     2.214566929E-02
     1347     8.513940602E-01     7.958304908E-02     7.381889764E-03
     1348     9.238376841E-01     9.743496002E-02     1.476377953E-02
     1349     9.011487738E-01     1.060703158E-01     1.476377953E-02
     1350     9.000068463E-01     9.091741198E-02     2.214566929E-02
     1351     9.000068463E-01     9.091741198E-02     7.381889764E-03
     1352     9.705657378E-01     1.121729021E-01     1.476377953E-02
     1353     9.483324267E-01     1.219758796E-01     1.476377953E-02
     1354     9.474085197E-01     1.045507520E-01     2.214566929E-02
     1355     9.474085197E-01     1.045507520E-01     7.381889764E-03
     1356     1.015750232E+00     1.290206694E-01     1.476377953E-02
     1357     9.938450025E-01     1.404132911E-01     1.476377953E-02
     1358     9.933778413E-01     1.203542472E-01     2.214566929E-02
     1359     9.933778413E-01     1.203542472E-01     7.381889764E-03
     1360     1.059201084E+00     1.478013660E-01     1.476377953E-02
     1361     1.037441821E+00     1.612129388E-01     1.476377953E-02
     1362     1.037705085E+00     1.381825162E-01     2.214566929E-02
     1363     1.037705085E+00     1.381825162E-01     7.381889764E-03
     1364     1.102607222E+00     1.693198463E-01     1.476377953E-02
     1365     1.078912699E+00     1.841603925E-01     1.476377953E-02
     1366     1.080210095E+00     1.578517618E-01     2.214566929E-02
     1367     1.080210095E+00     1.578517618E-01     7.381889764E-03
     1368     1.149479925E+00     1.902721233E-01     1.476377953E-02
     1369     1.123875731E+00     2.101605946E-01     1.476377953E-02
     1370     1.125708379E+00     1.801376487E-01     2.214566929E-02
     1371     1.125708379E+00     1.801376487E-01     7.381889764E-03
     1372     1.198800198E+00     2.082531740E-01     1.476377953E-02
     1373     1.171893766E+00     2.329041304E-01     1.476377953E-02
     1374     1.173825236E+00     1.996321073E-01     2.214566929E-02
     1375     1.173825236E+00     1.996321073E-01     7.381889764E-03
     1376     1.250169927E+00     2.229849721E-01     1.476377953E-02
     1377     1.222540291E+00     2.520085469E-01     1.476377953E-02
     1378     1.224195086E+00     2.160073209E-01     2.214566929E-02
     1379     1.224195086E+00     2.160073209E-01     7.381889764E-03
     1380     1.303155401E+00     2.342190496E-01     1.476377953E-02
     1381     1.275325026E+00     2.671844234E-01     1.476377953E-02
     1382     1.276397687E+00     2.290152146E-01     2.214566929E-02
     1383     1.276397687E+00     2.290152146E-01     7.381889764E-03
     1384     1.357303277E+00     2.417973703E-01     1.476377953E-02
     1385     1.329729976E+00     2.781836402E-01     1.476377953E-02
     1386     1.329989044E+00     2.384431142E-01     2.214566929E-02
     1387     1.329989044E+00     2.384431142E-01     7.381889764E-03
     1388     1.412127279E+00     2.455947310E-01     1.476377953E-02
     1389     1.385210051E+00     2.848435241E-01     1.476377953E-02
     1390     1.384501936E+00     2.441515858E-01     2.214566929E-02
     1391     1.384501936E+00     2.441515858E-01     7.381889764E-03
     1392     1.462933739E+00     2.460629921E-01     1.476377953E-02
     1393     1.441201331E+00     2.870734985E-01     1.476377953E-02
     1394     1.439453004E+00     2.460629921E-01     2.214566929E-02
     1395     1.439453004E+00     2.460629921E-01     7.381889764E-03
     1396     1.509895208E+00     2.460629921E-01     1.476377953E-02
     1397     1.487871413E+00     2.870734987E-01     1.476377953E-02
     1398     1.486414473E+00     2.460629921E-01     2.214566929E-02
     1399     1.486414473E+00     2.460629921E-01     7.381889764E-03
     1400     1.556856678E+00     2.460629921E-01     1.476377953E-02
     1401     1.534541494E+00     2.870734989E-01     1.476377953E-02
     1402     1.533375943E+00     2.460629921E-01     2.214566929E-02
     1403     1.533375943E+00     2.460629921E-01     7.381889764E-03
     1404     1.603818147E+00     2.460629921E-01     1.476377953E-02
     1405     1.581211576E+00     2.870734990E-01     1.476377953E-02
     1406     1.580337412E+00     2.460629921E-01     2.214566929E-02
     1407     1.580337412E+00     2.460629921E-01     7.381889764E-03
     1408     1.650779616E+00     2.460629921E-01     1.476377953E-02
     1409     1.627881657E+00     2.870734992E-01     1.476377953E-02
     1410     1.627298882E+00     2.460629921E-01     2.214566929E-02
     1411     1.627298882E+00     2.460629921E-01     7.381889764E-03
     1412     1.674551739E+00     2.870734993E-01     1.476377953E-02
     1413     1.674260351E+00     2.460629921E-01     2.214566929E-02
     1414     1.674260351E+00     2.460629921E-01     7.381889764E-03
     1415     1.697741086E+00     2.460629874E-01     1.476377953E-02
     1416     7.271170210E-01     8.260717190E-02     1.476377953E-02
     1417     7.018270643E-01     9.053012138E-02     1.476377953E-02
     1418     7.014369567E-01     8.047121942E-02     2.214566929E-02
     1419     7.014369567E-01     8.047121942E-02     7.381889764E-03
     1420     6.753760568E-01     7.916606951E-02     1.476377953E-02
     1421     7.783760630E-01     8.947910484E-02     1.476377953E-02
     1422     7.536953525E-01     9.634524175E-02     1.476377953E-02
     1423     7.529543013E-01     8.564021571E-02     2.214566929E-02
     1424     7.529543013E-01     8.564021571E-02     7.381889764E-03
     1425     8.288198320E-01     9.972482484E-02     1.476377953E-02
     1426     8.048355002E-01     1.059958639E-01     1.476377953E-02
     1427     8.038244100E-01     9.421854692E-02     2.214566929E-02
     1428     8.038244100E-01     9.421854692E-02     7.381889764E-03
     1429     8.781148433E-01     1.132388494E-01     1.476377953E-02
     1430     8.548683479E-01     1.193745751E-01     1.476377953E-02
     1431     8.537102521E-01     1.061107350E-01     2.214566929E-02
     1432     8.537102521E-01     1.061107350E-01     7.381889764E-03
     1433     9.259468524E-01     1.299132842E-01     1.476377953E-02
     1434     9.034326288E-01     1.363761198E-01     1.476377953E-02
     1435     9.022907014E-01     1.212232197E-01     2.214566929E-02
     1436     9.022907014E-01     1.212232197E-01     7.381889764E-03
     1437     9.720143252E-01     1.495638745E-01     1.476377953E-02
     1438     9.501802408E-01     1.568261302E-01     1.476377953E-02
     1439     9.492563338E-01     1.394010072E-01     2.214566929E-02
     1440     9.492563338E-01     1.394010072E-01     7.381889764E-03
     1441     1.016023718E+00     1.720275651E-01     1.476377953E-02
     1442     9.947793249E-01     1.805313735E-01     1.476377953E-02
     1443     9.943121638E-01     1.604723351E-01     2.214566929E-02
     1444     9.943121638E-01     1.604723351E-01     7.381889764E-03
     1445     1.057721589E+00     1.970684951E-01     1.476377953E-02
     1446     1.036915292E+00     2.072737775E-01     1.476377953E-02
     1447     1.037178557E+00     1.842433614E-01     2.214566929E-02
     1448     1.037178557E+00     1.842433614E-01     7.381889764E-03
     1449     1.099359840E+00     2.257598034E-01     1.476377953E-02
     1450     1.076317908E+00     2.367776465E-01     1.476377953E-02
     1451     1.077615304E+00     2.104690233E-01     2.214566929E-02
     1452     1.077615304E+00     2.104690233E-01     7.381889764E-03
     1453     1.145620179E+00     2.536961741E-01     1.476377953E-02
     1454     1.120210436E+00     2.702064775E-01     1.476377953E-02
     1455     1.122043083E+00     2.401835406E-01     2.214566929E-02
     1456     1.122043083E+00     2.401835406E-01     7.381889764E-03
     1457     1.195143944E+00     2.776709097E-01     1.476377953E-02
     1458     1.168030824E+00     2.994481661E-01     1.476377953E-02
     1459     1.169962295E+00     2.661761534E-01     2.214566929E-02
     1460     1.169962295E+00     2.661761534E-01     7.381889764E-03
     1461     1.247400317E+00     2.973133084E-01     1.476377953E-02
     1462     1.219230701E+00     3.240109872E-01     1.476377953E-02
     1463     1.220885496E+00     2.880097729E-01     2.214566929E-02
     1464     1.220885496E+00     2.880097729E-01     7.381889764E-03
     1465     1.301811017E+00     3.122920795E-01     1.476377953E-02
     1466     1.273179704E+00     3.435228283E-01     1.476377953E-02
     1467     1.274252365E+00     3.053536322E-01     2.214566929E-02
     1468     1.274252365E+00     3.053536322E-01     7.381889764E-03
     1469     1.357771588E+00     3.223965081E-01     1.476377953E-02
     1470     1.329211841E+00     3.576646783E-01     1.476377953E-02
     1471     1.329470909E+00     3.179241661E-01     2.214566929E-02
     1472     1.329470909E+00     3.179241661E-01     7.381889764E-03
     1473     1.414633658E+00     3.274596564E-01     1.476377953E-02
     1474     1.386626281E+00     3.662273861E-01     1.476377953E-02
     1475     1.385918166E+00     3.255354624E-01     2.214566929E-02
     1476     1.385918166E+00     3.255354624E-01     7.381889764E-03
     1477     1.466139006E+00     3.280840051E-01     1.476377953E-02
     1478     1.444697986E+00     3.690944959E-01     1.476377953E-02
     1479     1.442949659E+00     3.280840049E-01     2.214566929E-02
     1480     1.442949659E+00     3.280840049E-01     7.381889764E-03
     1481     1.512517699E+00     3.280840055E-01     1.476377953E-02
     1482     1.490785291E+00     3.690944961E-01     1.476377953E-02
     1483     1.489328352E+00     3.280840053E-01     2.214566929E-02
     1484     1.489328352E+00     3.280840053E-01     7.381889764E-03
     1485     1.558896393E+00     3.280840058E-01     1.476377953E-02
     1486     1.536872597E+00     3.690944963E-01     1.476377953E-02
     1487     1.535707046E+00     3.280840056E-01     2.214566929E-02
     1488     1.535707046E+00     3.280840056E-01     7.381889764E-03
     1489     1.605275086E+00     3.280840061E-01     1.476377953E-02
     1490     1.582959903E+00     3.690944964E-01     1.476377953E-02
     1491     1.582085740E+00     3.280840060E-01     2.214566929E-02
     1492     1.582085740E+00     3.280840060E-01     7.381889764E-03
     1493     1.651653780E+00     3.280840063E-01     1.476377953E-02
     1494     1.629047209E+00     3.690944966E-01     1.476377953E-02
     1495     1.628464433E+00     3.280840062E-01     2.214566929E-02
     1496     1.628464433E+00     3.280840062E-01     7.381889764E-03
     1497     1.675134514E+00     3.690944967E-01     1.476377953E-02
     1498     1.674843127E+00     3.280840065E-01     2.214566929E-02
     1499     1.674843127E+00     3.280840065E-01     7.381889764E-03
     1500     1.698032473E+00     3.280839980E-01     1.476377953E-02
     1501     7.282285278E-01     1.032589635E-01     1.476377953E-02
     1502     7.022171719E-01     1.005890233E-01     2.214566929E-02
     1503     7.022171719E-01     1.005890233E-01     7.381889764E-03
     1504     7.026072795E-01     1.106479257E-01     1.476377953E-02
     1505     6.757297717E-01     9.895758641E-02     1.476377953E-02
     1506     7.801248812E-01     1.118488787E-01     1.476377953E-02
     1507     7.544364036E-01     1.070502678E-01     2.214566929E-02
     1508     7.544364036E-01     1.070502678E-01     7.381889764E-03
     1509     7.551774667E-01     1.177552354E-01     1.476377953E-02
     1510     8.310021432E-01     1.246560279E-01     1.476377953E-02
     1511     8.058465903E-01     1.177731809E-01     2.214566929E-02
     1512     8.058465903E-01     1.177731809E-01     7.381889764E-03
     1513     8.068576805E-01     1.295504990E-01     1.476377953E-02
     1514     8.804434582E-01     1.415485576E-01     1.476377953E-02
     1515     8.560264438E-01     1.326384151E-01     2.214566929E-02
     1516     8.560264438E-01     1.326384151E-01     7.381889764E-03
     1517     8.571848813E-01     1.459014219E-01     1.476377953E-02
     1518     9.280560205E-01     1.623916000E-01     1.476377953E-02
     1519     9.045745563E-01     1.515290200E-01     2.214566929E-02
     1520     9.045745563E-01     1.515290200E-01     7.381889764E-03
     1521     9.057164838E-01     1.666819220E-01     1.476377953E-02
     1522     9.734629125E-01     1.869548369E-01     1.476377953E-02
     1523     9.511041477E-01     1.742512533E-01     2.214566929E-02
     1524     9.511041477E-01     1.742512533E-01     7.381889764E-03
     1525     9.520298852E-01     1.916736017E-01     1.476377953E-02
     1526     1.016297204E+00     2.150344489E-01     1.476377953E-02
     1527     9.952464861E-01     2.005904120E-01     2.214566929E-02
     1528     9.952464861E-01     2.005904120E-01     7.381889764E-03
     1529     9.957146349E-01     2.206482319E-01     1.476377953E-02
     1530     1.056242094E+00     2.463356100E-01     1.476377953E-02
     1531     1.036652028E+00     2.303041936E-01     2.214566929E-02
     1532     1.036652028E+00     2.303041936E-01     7.381889764E-03
     1533     1.036388764E+00     2.533346130E-01     1.476377953E-02
     1534     1.096112459E+00     2.821997438E-01     1.476377953E-02
     1535     1.075020513E+00     2.630862696E-01     2.214566929E-02
     1536     1.075020513E+00     2.630862696E-01     7.381889764E-03
     1537     1.073723118E+00     2.893948966E-01     1.476377953E-02
     1538     1.141760433E+00     3.171202055E-01     1.476377953E-02
     1539     1.118377789E+00     3.002294145E-01     2.214566929E-02
     1540     1.118377789E+00     3.002294145E-01     7.381889764E-03
     1541     1.116541600E+00     3.302561557E-01     1.476377953E-02
     1542     1.191487691E+00     3.470886234E-01     1.476377953E-02
     1543     1.166099354E+00     3.327201789E-01     2.214566929E-02
     1544     1.166099354E+00     3.327201789E-01     7.381889764E-03
     1545     1.164167581E+00     3.659926111E-01     1.476377953E-02
     1546     1.244630709E+00     3.716416202E-01     1.476377953E-02
     1547     1.217575906E+00     3.600122016E-01     2.214566929E-02
     1548     1.217575906E+00     3.600122016E-01     7.381889764E-03
     1549     1.215919199E+00     3.960169212E-01     1.476377953E-02
     1550     1.300466634E+00     3.903650827E-01     1.476377953E-02
     1551     1.272107043E+00     3.816920243E-01     2.214566929E-02
     1552     1.272107043E+00     3.816920243E-01     7.381889764E-03
     1553     1.271033849E+00     4.198625791E-01     1.476377953E-02
     1554     1.358239898E+00     4.029956172E-01     1.476377953E-02
     1555     1.328952774E+00     3.974051904E-01     2.214566929E-02
     1556     1.328952774E+00     3.974051904E-01     7.381889764E-03
     1557     1.328693299E+00     4.371473020E-01     1.476377953E-02
     1558     1.417140036E+00     4.093245517E-01     1.476377953E-02
     1559     1.387334396E+00     4.069193097E-01     2.214566929E-02
     1560     1.387334396E+00     4.069193097E-01     7.381889764E-03
     1561     1.388042290E+00     4.476130020E-01     1.476377953E-02
     1562     1.469344271E+00     4.101049869E-01     1.476377953E-02
     1563     1.446446312E+00     4.101049869E-01     2.214566929E-02
     1564     1.446446312E+00     4.101049869E-01     7.381889764E-03
     1565     1.448194639E+00     4.511154856E-01     1.476377953E-02
     1566     1.515140189E+00     4.101049869E-01     1.476377953E-02
     1567     1.492242230E+00     4.101049869E-01     2.214566929E-02
     1568     1.492242230E+00     4.101049869E-01     7.381889764E-03
     1569     1.493699166E+00     4.511154856E-01     1.476377953E-02
     1570     1.560936107E+00     4.101049869E-01     1.476377953E-02
     1571     1.538038148E+00     4.101049869E-01     2.214566929E-02
     1572     1.538038148E+00     4.101049869E-01     7.381889764E-03
     1573     1.539203697E+00     4.511154856E-01     1.476377953E-02
     1574     1.606732025E+00     4.101049869E-01     1.476377953E-02
     1575     1.583834066E+00     4.101049869E-01     2.214566929E-02
     1576     1.583834066E+00     4.101049869E-01     7.381889764E-03
     1577     1.584708228E+00     4.511154856E-01     1.476377953E-02
     1578     1.652527943E+00     4.101049869E-01     1.476377953E-02
     1579     1.629629984E+00     4.101049869E-01     2.214566929E-02
     1580     1.629629984E+00     4.101049869E-01     7.381889764E-03
     1581     1.630212759E+00     4.511154856E-01     1.476377953E-02
     1582     1.675425902E+00     4.101049869E-01     2.214566929E-02
     1583     1.675425902E+00     4.101049869E-01     7.381889764E-03
     1584     1.698323861E+00     4.101049853E-01     1.476377953E-02
     1585     1.675717289E+00     4.511154856E-01     1.476377953E-02
     1586     8.120078740E-02     1.968503937E-02     1.476377953E-02
     1587     5.413385827E-02     2.952755964E-02     1.476377953E-02
     1588     5.413385827E-02     1.968503937E-02     2.214566929E-02
     1589     5.413385827E-02     1.968503937E-02     7.381889764E-03
     1590     2.706692913E-02     1.968503937E-02     1.476377953E-02
     1591     5.413385827E-02     9.842519685E-03     1.476377953E-02
     1592     1.353346457E-01     1.968503937E-02     1.476377953E-02
     1593     1.082677165E-01     2.952755964E-02     1.476377953E-02
     1594     1.082677165E-01     1.968503937E-02     2.214566929E-02
     1595     1.082677165E-01     1.968503937E-02     7.381889764E-03
     1596     1.082677165E-01     9.842519685E-03     1.476377953E-02
     1597     1.894685063E-01     1.968503937E-02     1.476377953E-02
     1598     1.624015748E-01     2.952755964E-02     1.476377953E-02
     1599     1.624015748E-01     1.968503937E-02     2.214566929E-02
     1600     1.624015748E-01     1.968503937E-02     7.381889764E-03
     1601     1.624015748E-01     9.842519685E-03     1.476377953E-02
     1602     2.436023646E-01     1.968503937E-02     1.476377953E-02
     1603     2.165354378E-01     2.952755964E-02     1.476377953E-02
     1604     2.165354378E-01     1.968503937E-02     2.214566929E-02
     1605     2.165354378E-01     1.968503937E-02     7.381889764E-03
     1606     2.165354378E-01     9.842519685E-03     1.476377953E-02
     1607     2.977362205E-01     1.968503937E-02     1.476377953E-02
     1608     2.706692913E-01     2.952755964E-02     1.476377953E-02
     1609     2.706692913E-01     1.968503937E-02     2.214566929E-02
     1610     2.706692913E-01     1.968503937E-02     7.381889764E-03
     1611     2.706692913E-01     9.842519685E-03     1.476377953E-02
     1612     3.518700787E-01     1.968503937E-02     1.476377953E-02
     1613     3.248031496E-01     2.952755964E-02     1.476377953E-02
     1614     3.248031496E-01     1.968503937E-02     2.214566929E-02
     1615     3.248031496E-01     1.968503937E-02     7.381889764E-03
     1616     3.248031496E-01     9.842519685E-03     1.476377953E-02
     1617     4.060039417E-01     1.968503937E-02     1.476377953E-02
     1618     3.789370079E-01     2.952755964E-02     1.476377953E-02
     1619     3.789370079E-01     1.968503937E-02     2.214566929E-02
     1620     3.789370079E-01     1.968503937E-02     7.381889764E-03
     1621     3.789370079E-01     9.842519685E-03     1.476377953E-02
     1622     4.601378000E-01     1.968503937E-02     1.476377953E-02
     1623     4.330708755E-01     2.952755964E-02     1.476377953E-02
     1624     4.330708755E-01     1.968503937E-02     2.214566929E-02
     1625     4.330708755E-01     1.968503937E-02     7.381889764E-03
     1626     4.330708755E-01     9.842519685E-03     1.476377953E-02
     1627     5.142716535E-01     1.968503937E-02     1.476377953E-02
     1628     4.872047244E-01     2.952755964E-02     1.476377953E-02
     1629     4.872047244E-01     1.968503937E-02     2.214566929E-02
     1630     4.872047244E-01     1.968503937E-02     7.381889764E-03
     1631     4.872047244E-01     9.842519685E-03     1.476377953E-02
     1632     5.684055118E-01     1.968503937E-02     1.476377953E-02
     1633     5.413385827E-01     2.952755964E-02     1.476377953E-02
     1634     5.413385827E-01     1.968503937E-02     2.214566929E-02
     1635     5.413385827E-01     1.968503937E-02     7.381889764E-03
     1636     5.413385827E-01     9.842519685E-03     1.476377953E-02
     1637     5.954724409E-01     2.952755964E-02     1.476377953E-02
     1638     5.954724409E-01     1.968503937E-02     2.214566929E-02
     1639     5.954724409E-01     1.968503937E-02     7.381889764E-03
     1640     6.225393701E-01     1.968503937E-02     1.476377953E-02
     1641     5.954724409E-01     9.842519685E-03     1.476377953E-02
     1642     8.120078740E-02     3.937007991E-02     1.476377953E-02
     1643     5.413385827E-02     4.921259901E-02     1.476377953E-02
     1644     5.413385827E-02     3.937007991E-02     2.214566929E-02
     1645     5.413385827E-02     3.937007991E-02     7.381889764E-03
     1646     2.706692913E-02     3.937007815E-02     1.476377953E-02
     1647     1.353346457E-01     3.937007991E-02     1.476377953E-02
     1648     1.082677165E-01     4.921259901E-02     1.476377953E-02
     1649     1.082677165E-01     3.937007991E-02     2.214566929E-02
     1650     1.082677165E-01     3.937007991E-02     7.381889764E-03
     1651     1.894685063E-01     3.937007991E-02     1.476377953E-02
     1652     1.624015748E-01     4.921259901E-02     1.476377953E-02
     1653     1.624015748E-01     3.937007991E-02     2.214566929E-02
     1654     1.624015748E-01     3.937007991E-02     7.381889764E-03
     1655     2.436023646E-01     3.937007991E-02     1.476377953E-02
     1656     2.165354378E-01     4.921259901E-02     1.476377953E-02
     1657     2.165354378E-01     3.937007991E-02     2.214566929E-02
     1658     2.165354378E-01     3.937007991E-02     7.381889764E-03
     1659     2.977362205E-01     3.937007991E-02     1.476377953E-02
     1660     2.706692913E-01     4.921259901E-02     1.476377953E-02
     1661     2.706692913E-01     3.937007991E-02     2.214566929E-02
     1662     2.706692913E-01     3.937007991E-02     7.381889764E-03
     1663     3.518700787E-01     3.937007991E-02     1.476377953E-02
     1664     3.248031496E-01     4.921259901E-02     1.476377953E-02
     1665     3.248031496E-01     3.937007991E-02     2.214566929E-02
     1666     3.248031496E-01     3.937007991E-02     7.381889764E-03
     1667     4.060039417E-01     3.937007991E-02     1.476377953E-02
     1668     3.789370079E-01     4.921259901E-02     1.476377953E-02
     1669     3.789370079E-01     3.937007991E-02     2.214566929E-02
     1670     3.789370079E-01     3.937007991E-02     7.381889764E-03
     1671     4.601378000E-01     3.937007991E-02     1.476377953E-02
     1672     4.330708755E-01     4.921259901E-02     1.476377953E-02
     1673     4.330708755E-01     3.937007991E-02     2.214566929E-02
     1674     4.330708755E-01     3.937007991E-02     7.381889764E-03
     1675     5.142716535E-01     3.937007991E-02     1.476377953E-02
     1676     4.872047244E-01     4.921259901E-02     1.476377953E-02
     1677     4.872047244E-01     3.937007991E-02     2.214566929E-02
     1678     4.872047244E-01     3.937007991E-02     7.381889764E-03
     1679     5.684055118E-01     3.937007991E-02     1.476377953E-02
     1680     5.413385827E-01     4.921259901E-02     1.476377953E-02
     1681     5.413385827E-01     3.937007991E-02     2.214566929E-02
     1682     5.413385827E-01     3.937007991E-02     7.381889764E-03
     1683     5.954724409E-01     4.921259901E-02     1.476377953E-02
     1684     5.954724409E-01     3.937007991E-02     2.214566929E-02
     1685     5.954724409E-01     3.937007991E-02     7.381889764E-03
     1686     6.225393701E-01     3.937007991E-02     1.476377953E-02
     1687     8.120078740E-02     5.905511811E-02     1.476377953E-02
     1688     5.413385827E-02     6.889763897E-02     1.476377953E-02
     1689     5.413385827E-02     5.905511811E-02     2.214566929E-02
     1690     5.413385827E-02     5.905511811E-02     7.381889764E-03
     1691     2.706692913E-02     5.905511811E-02     1.476377953E-02
     1692     1.353346457E-01     5.905511811E-02     1.476377953E-02
     1693     1.082677165E-01     6.889763897E-02     1.476377953E-02
     1694     1.082677165E-01     5.905511811E-02     2.214566929E-02
     1695     1.082677165E-01     5.905511811E-02     7.381889764E-03
     1696     1.894685063E-01     5.905511811E-02     1.476377953E-02
     1697     1.624015748E-01     6.889763897E-02     1.476377953E-02
     1698     1.624015748E-01     5.905511811E-02     2.214566929E-02
     1699     1.624015748E-01     5.905511811E-02     7.381889764E-03
     1700     2.436023646E-01     5.905511811E-02     1.476377953E-02
     1701     2.165354378E-01     6.889763897E-02     1.476377953E-02
     1702     2.165354378E-01     5.905511811E-02     2.214566929E-02
     1703     2.165354378E-01     5.905511811E-02     7.381889764E-03
     1704     2.977362205E-01     5.905511811E-02     1.476377953E-02
     1705     2.706692913E-01     6.889763897E-02     1.476377953E-02
     1706     2.706692913E-01     5.905511811E-02     2.214566929E-02
     1707     2.706692913E-01     5.905511811E-02     7.381889764E-03
     1708     3.518700787E-01     5.905511811E-02     1.476377953E-02
     1709     3.248031496E-01     6.889763897E-02     1.476377953E-02
     1710     3.248031496E-01     5.905511811E-02     2.214566929E-02
     1711     3.248031496E-01     5.905511811E-02     7.381889764E-03
     1712     4.060039417E-01     5.905511811E-02     1.476377953E-02
     1713     3.789370079E-01     6.889763897E-02     1.476377953E-02
     1714     3.789370079E-01     5.905511811E-02     2.214566929E-02
     1715     3.789370079E-01     5.905511811E-02     7.381889764E-03
     1716     4.601378000E-01     5.905511811E-02     1.476377953E-02
     1717     4.330708755E-01     6.889763897E-02     1.476377953E-02
     1718     4.330708755E-01     5.905511811E-02     2.214566929E-02
     1719     4.330708755E-01     5.905511811E-02     7.381889764E-03
     1720     5.142716535E-01     5.905511811E-02     1.476377953E-02
     1721     4.872047244E-01     6.889763897E-02     1.476377953E-02
     1722     4.872047244E-01     5.905511811E-02     2.214566929E-02
     1723     4.872047244E-01     5.905511811E-02     7.381889764E-03
     1724     5.684055118E-01     5.905511811E-02     1.476377953E-02
     1725     5.413385827E-01     6.889763897E-02     1.476377953E-02
     1726     5.413385827E-01     5.905511811E-02     2.214566929E-02
     1727     5.413385827E-01     5.905511811E-02     7.381889764E-03
     1728     5.954724409E-01     6.889763897E-02     1.476377953E-02
     1729     5.954724409E-01     5.905511811E-02     2.214566929E-02
     1730     5.954724409E-01     5.905511811E-02     7.381889764E-03
     1731     6.225393701E-01     5.905511811E-02     1.476377953E-02
     1732     8.120078740E-02     7.874015983E-02     1.476377953E-02
     1733     5.413385827E-02     8.858267834E-02     1.476377953E-02
     1734     5.413385827E-02     7.874015983E-02     2.214566929E-02
     1735     5.413385827E-02     7.874015983E-02     7.381889764E-03
     1736     2.706692913E-02     7.874015807E-02     1.476377953E-02
     1737     1.353346457E-01     7.874015983E-02     1.476377953E-02
     1738     1.082677165E-01     8.858267834E-02     1.476377953E-02
     1739     1.082677165E-01     7.874015983E-02     2.214566929E-02
     1740     1.082677165E-01     7.874015983E-02     7.381889764E-03
     1741     1.894685063E-01     7.874015983E-02     1.476377953E-02
     1742     1.624015748E-01     8.858267834E-02     1.476377953E-02
     1743     1.624015748E-01     7.874015983E-02     2.214566929E-02
     1744     1.624015748E-01     7.874015983E-02     7.381889764E-03
     1745     2.436023646E-01     7.874015983E-02     1.476377953E-02
     1746     2.165354378E-01     8.858267834E-02     1.476377953E-02
     1747     2.165354378E-01     7.874015983E-02     2.214566929E-02
     1748     2.165354378E-01     7.874015983E-02     7.381889764E-03
     1749     2.977362205E-01     7.874015983E-02     1.476377953E-02
     1750     2.706692913E-01     8.858267834E-02     1.476377953E-02
     1751     2.706692913E-01     7.874015983E-02     2.214566929E-02
     1752     2.706692913E-01     7.874015983E-02     7.381889764E-03
     1753     3.518700787E-01     7.874015983E-02     1.476377953E-02
     1754     3.248031496E-01     8.858267834E-02     1.476377953E-02
     1755     3.248031496E-01     7.874015983E-02     2.214566929E-02
     1756     3.248031496E-01     7.874015983E-02     7.381889764E-03
     1757     4.060039417E-01     7.874015983E-02     1.476377953E-02
     1758     3.789370079E-01     8.858267834E-02     1.476377953E-02
     1759     3.789370079E-01     7.874015983E-02     2.214566929E-02
     1760     3.789370079E-01     7.874015983E-02     7.381889764E-03
     1761     4.601378000E-01     7.874015983E-02     1.476377953E-02
     1762     4.330708755E-01     8.858267834E-02     1.476377953E-02
     1763     4.330708755E-01     7.874015983E-02     2.214566929E-02
     1764     4.330708755E-01     7.874015983E-02     7.381889764E-03
     1765     5.142716535E-01     7.874015983E-02     1.476377953E-02
     1766     4.872047244E-01     8.858267834E-02     1.476377953E-02
     1767     4.872047244E-01     7.874015983E-02     2.214566929E-02
     1768     4.872047244E-01     7.874015983E-02     7.381889764E-03
     1769     5.684055118E-01     7.874015983E-02     1.476377953E-02
     1770     5.413385827E-01     8.858267834E-02     1.476377953E-02
     1771     5.413385827E-01     7.874015983E-02     2.214566929E-02
     1772     5.413385827E-01     7.874015983E-02     7.381889764E-03
     1773     5.954724409E-01     8.858267834E-02     1.476377953E-02
     1774     5.954724409E-01     7.874015983E-02     2.214566929E-02
     1775     5.954724409E-01     7.874015983E-02     7.381889764E-03
     1776     6.225393701E-01     7.874015983E-02     1.476377953E-02
     1777     8.120078740E-02     9.842519685E-02     1.476377953E-02
     1778     5.413385827E-02     9.842519685E-02     2.214566929E-02
     1779     5.413385827E-02     9.842519685E-02     7.381889764E-03
     1780     2.706692913E-02     9.842519685E-02     1.476377953E-02
     1781     5.413385827E-02     1.082677165E-01     1.476377953E-02
     1782     1.353346457E-01     9.842519685E-02     1.476377953E-02
     1783     1.082677165E-01     9.842519685E-02     2.214566929E-02
     1784     1.082677165E-01     9.842519685E-02     7.381889764E-03
     1785     1.082677165E-01     1.082677165E-01     1.476377953E-02
     1786     1.894685063E-01     9.842519685E-02     1.476377953E-02
     1787     1.624015748E-01     9.842519685E-02     2.214566929E-02
     1788     1.624015748E-01     9.842519685E-02     7.381889764E-03
     1789     1.624015748E-01     1.082677165E-01     1.476377953E-02
     1790     2.436023646E-01     9.842519685E-02     1.476377953E-02
     1791     2.165354378E-01     9.842519685E-02     2.214566929E-02
     1792     2.165354378E-01     9.842519685E-02     7.381889764E-03
     1793     2.165354307E-01     1.082677165E-01     1.476377953E-02
     1794     2.977362205E-01     9.842519685E-02     1.476377953E-02
     1795     2.706692913E-01     9.842519685E-02     2.214566929E-02
     1796     2.706692913E-01     9.842519685E-02     7.381889764E-03
     1797     2.706692913E-01     1.082677165E-01     1.476377953E-02
     1798     3.518700787E-01     9.842519685E-02     1.476377953E-02
     1799     3.248031496E-01     9.842519685E-02     2.214566929E-02
     1800     3.248031496E-01     9.842519685E-02     7.381889764E-03
     1801     3.248031496E-01     1.082677165E-01     1.476377953E-02
     1802     4.060039417E-01     9.842519685E-02     1.476377953E-02
     1803     3.789370079E-01     9.842519685E-02     2.214566929E-02
     1804     3.789370079E-01     9.842519685E-02     7.381889764E-03
     1805     3.789370079E-01     1.082677165E-01     1.476377953E-02
     1806     4.601378000E-01     9.842519685E-02     1.476377953E-02
     1807     4.330708755E-01     9.842519685E-02     2.214566929E-02
     1808     4.330708755E-01     9.842519685E-02     7.381889764E-03
     1809     4.330708685E-01     1.082677165E-01     1.476377953E-02
     1810     5.142716535E-01     9.842519685E-02     1.476377953E-02
     1811     4.872047244E-01     9.842519685E-02     2.214566929E-02
     1812     4.872047244E-01     9.842519685E-02     7.381889764E-03
     1813     4.872047244E-01     1.082677165E-01     1.476377953E-02
     1814     5.684055118E-01     9.842519685E-02     1.476377953E-02
     1815     5.413385827E-01     9.842519685E-02     2.214566929E-02
     1816     5.413385827E-01     9.842519685E-02     7.381889764E-03
     1817     5.413385827E-01     1.082677165E-01     1.476377953E-02
     1818     5.954724409E-01     9.842519685E-02     2.214566929E-02
     1819     5.954724409E-01     9.842519685E-02     7.381889764E-03
     1820     6.225393701E-01     9.842519685E-02     1.476377953E-02
     1821     5.954724409E-01     1.082677165E-01     1.476377953E-02
     1822     1.802605457E+00     8.202099738E-02     2.952755906E-02
     1823     1.775477581E+00     1.230314998E-01     2.952755906E-02
     1824     1.775477581E+00     4.101049869E-02     2.952755906E-02
     1825     1.748349695E+00     8.202099738E-02     2.952755906E-02
     1826     1.856861230E+00     8.202099738E-02     2.952755906E-02
     1827     1.829733353E+00     1.230314998E-01     2.952755906E-02
     1828     1.829733353E+00     4.101049869E-02     2.952755906E-02
     1829     1.911117003E+00     8.202099738E-02     2.952755906E-02
     1830     1.883989124E+00     1.230314998E-01     2.952755906E-02
     1831     1.883989124E+00     4.101049869E-02     2.952755906E-02
     1832     1.965372776E+00     8.202099738E-02     2.952755906E-02
     1833     1.938244896E+00     1.230314998E-01     2.952755906E-02
     1834     1.938244896E+00     4.101049869E-02     2.952755906E-02
     1835     2.019628549E+00     8.202099738E-02     2.952755906E-02
     1836     1.992500668E+00     1.230314998E-01     2.952755906E-02
     1837     1.992500668E+00     4.101049869E-02     2.952755906E-02
     1838     2.073884322E+00     8.202099738E-02     2.952755906E-02
     1839     2.046756440E+00     1.230314998E-01     2.952755906E-02
     1840     2.046756440E+00     4.101049869E-02     2.952755906E-02
     1841     2.128140095E+00     8.202099738E-02     2.952755906E-02
     1842     2.101012212E+00     1.230314998E-01     2.952755906E-02
     1843     2.101012212E+00     4.101049869E-02     2.952755906E-02
     1844     2.182395868E+00     8.202099738E-02     2.952755906E-02
     1845     2.155267984E+00     1.230314998E-01     2.952755906E-02
     1846     2.155267984E+00     4.101049869E-02     2.952755906E-02
     1847     2.209523756E+00     1.230314998E-01     2.952755906E-02
     1848     2.236651641E+00     8.202099738E-02     2.952755906E-02
     1849     2.209523756E+00     4.101049869E-02     2.952755906E-02
     1850     1.802605476E+00     1.640420023E-01     2.952755906E-02
     1851     1.775477581E+00     2.050524972E-01     2.952755906E-02
     1852     1.748349706E+00     1.640419985E-01     2.952755906E-02
     1853     1.856861247E+00     1.640420023E-01     2.952755906E-02
     1854     1.829733353E+00     2.050524972E-01     2.952755906E-02
     1855     1.911117018E+00     1.640420023E-01     2.952755906E-02
     1856     1.883989124E+00     2.050524972E-01     2.952755906E-02
     1857     1.965372789E+00     1.640420023E-01     2.952755906E-02
     1858     1.938244896E+00     2.050524972E-01     2.952755906E-02
     1859     2.019628559E+00     1.640420023E-01     2.952755906E-02
     1860     1.992500668E+00     2.050524972E-01     2.952755906E-02
     1861     2.073884330E+00     1.640420023E-01     2.952755906E-02
     1862     2.046756440E+00     2.050524972E-01     2.952755906E-02
     1863     2.128140101E+00     1.640420023E-01     2.952755906E-02
     1864     2.101012212E+00     2.050524972E-01     2.952755906E-02
     1865     2.182395871E+00     1.640420023E-01     2.952755906E-02
     1866     2.155267984E+00     2.050524972E-01     2.952755906E-02
     1867     2.209523756E+00     2.050524972E-01     2.952755906E-02
     1868     2.236651642E+00     1.640419985E-01     2.952755906E-02
     1869     1.802605457E+00     2.460629921E-01     2.952755906E-02
     1870     1.775477581E+00     2.870734994E-01     2.952755906E-02
     1871     1.748349695E+00     2.460629921E-01     2.952755906E-02
     1872     1.856861230E+00     2.460629921E-01     2.952755906E-02
     1873     1.829733353E+00     2.870734994E-01     2.952755906E-02
     1874     1.911117003E+00     2.460629921E-01     2.952755906E-02
     1875     1.883989124E+00     2.870734994E-01     2.952755906E-02
     1876     1.965372776E+00     2.460629921E-01     2.952755906E-02
     1877     1.938244896E+00     2.870734994E-01     2.952755906E-02
     1878     2.019628549E+00     2.460629921E-01     2.952755906E-02
     1879     1.992500668E+00     2.870734994E-01     2.952755906E-02
     1880     2.073884322E+00     2.460629921E-01     2.952755906E-02
     1881     2.046756440E+00     2.870734994E-01     2.952755906E-02
     1882     2.128140095E+00     2.460629921E-01     2.952755906E-02
     1883     2.101012212E+00     2.870734994E-01     2.952755906E-02
     1884     2.182395868E+00     2.460629921E-01     2.952755906E-02
     1885     2.155267984E+00     2.870734994E-01     2.952755906E-02
     1886     2.209523756E+00     2.870734994E-01     2.952755906E-02
     1887     2.236651641E+00     2.460629921E-01     2.952755906E-02
     1888     1.802605476E+00     3.280840067E-01     2.952755906E-02
     1889     1.775477581E+00     3.690944968E-01     2.952755906E-02
     1890     1.748349706E+00     3.280839981E-01     2.952755906E-02
     1891     1.856861247E+00     3.280840067E-01     2.952755906E-02
     1892     1.829733353E+00     3.690944968E-01     2.952755906E-02
     1893     1.911117018E+00     3.280840067E-01     2.952755906E-02
     1894     1.883989124E+00     3.690944968E-01     2.952755906E-02
     1895     1.965372789E+00     3.280840067E-01     2.952755906E-02
     1896     1.938244896E+00     3.690944968E-01     2.952755906E-02
     1897     2.019628559E+00     3.280840067E-01     2.952755906E-02
     1898     1.992500668E+00     3.690944968E-01     2.952755906E-02
     1899     2.073884330E+00     3.280840067E-01     2.952755906E-02
     1900     2.046756440E+00     3.690944968E-01     2.952755906E-02
     1901     2.128140101E+00     3.280840067E-01     2.952755906E-02
     1902     2.101012212E+00     3.690944968E-01     2.952755906E-02
     1903     2.182395871E+00     3.280840067E-01     2.952755906E-02
     1904     2.155267984E+00     3.690944968E-01     2.952755906E-02
     1905     2.209523756E+00     3.690944968E-01     2.952755906E-02
     1906     2.236651642E+00     3.280839981E-01     2.952755906E-02
     1907     1.802605457E+00     4.101049869E-01     2.952755906E-02
     1908     1.775477581E+00     4.511154856E-01     2.952755906E-02
     1909     1.748349695E+00     4.101049869E-01     2.952755906E-02
     1910     1.856861230E+00     4.101049869E-01     2.952755906E-02
     1911     1.829733353E+00     4.511154856E-01     2.952755906E-02
     1912     1.911117003E+00     4.101049869E-01     2.952755906E-02
     1913     1.883989124E+00     4.511154856E-01     2.952755906E-02
     1914     1.965372776E+00     4.101049869E-01     2.952755906E-02
     1915     1.938244896E+00     4.511154856E-01     2.952755906E-02
     1916     2.019628549E+00     4.101049869E-01     2.952755906E-02
     1917     1.992500668E+00     4.511154856E-01     2.952755906E-02
     1918     2.073884322E+00     4.101049869E-01     2.952755906E-02
     1919     2.046756440E+00     4.511154856E-01     2.952755906E-02
     1920     2.128140095E+00     4.101049869E-01     2.952755906E-02
     1921     2.101012212E+00     4.511154856E-01     2.952755906E-02
     1922     2.182395868E+00     4.101049869E-01     2.952755906E-02
     1923     2.155267984E+00     4.511154856E-01     2.952755906E-02
     1924     2.209523756E+00     4.511154856E-01     2.952755906E-02
     1925     2.236651641E+00     4.101049869E-01     2.952755906E-02
     1926     1.652527943E+00     4.101049869E-01     2.952755906E-02
     1927     1.675134514E+00     3.690944967E-01     2.952755906E-02
     1928     1.698323861E+00     4.101049869E-01     2.952755906E-02
     1929     1.675717290E+00     4.511154856E-01     2.952755906E-02
     1930     1.606732025E+00     4.101049869E-01     2.952755906E-02
     1931     1.629047209E+00     3.690944966E-01     2.952755906E-02
     1932     1.630212760E+00     4.511154856E-01     2.952755906E-02
     1933     1.560936107E+00     4.101049869E-01     2.952755906E-02
     1934     1.582959903E+00     3.690944964E-01     2.952755906E-02
     1935     1.584708230E+00     4.511154856E-01     2.952755906E-02
     1936     1.515140189E+00     4.101049869E-01     2.952755906E-02
     1937     1.536872597E+00     3.690944963E-01     2.952755906E-02
     1938     1.539203700E+00     4.511154856E-01     2.952755906E-02
     1939     1.469344271E+00     4.101049869E-01     2.952755906E-02
     1940     1.490785291E+00     3.690944961E-01     2.952755906E-02
     1941     1.493699170E+00     4.511154856E-01     2.952755906E-02
     1942     1.417140036E+00     4.093245517E-01     2.952755906E-02
     1943     1.444697986E+00     3.690944959E-01     2.952755906E-02
     1944     1.448194639E+00     4.511154856E-01     2.952755906E-02
     1945     1.358239898E+00     4.029956172E-01     2.952755906E-02
     1946     1.386626281E+00     3.662273861E-01     2.952755906E-02
     1947     1.388042511E+00     4.476112406E-01     2.952755906E-02
     1948     1.300466634E+00     3.903650827E-01     2.952755906E-02
     1949     1.329211841E+00     3.576646783E-01     2.952755906E-02
     1950     1.328693706E+00     4.371457094E-01     2.952755906E-02
     1951     1.244630709E+00     3.716416202E-01     2.952755906E-02
     1952     1.273179704E+00     3.435228283E-01     2.952755906E-02
     1953     1.271034383E+00     4.198612267E-01     2.952755906E-02
     1954     1.191487691E+00     3.470886234E-01     2.952755906E-02
     1955     1.219230701E+00     3.240109872E-01     2.952755906E-02
     1956     1.215921111E+00     3.960134217E-01     2.952755906E-02
     1957     1.141760433E+00     3.171202055E-01     2.952755906E-02
     1958     1.168030824E+00     2.994481661E-01     2.952755906E-02
     1959     1.164167884E+00     3.659921968E-01     2.952755906E-02
     1960     1.096112459E+00     2.821997438E-01     2.952755906E-02
     1961     1.120210436E+00     2.702064775E-01     2.952755906E-02
     1962     1.116545141E+00     3.302523560E-01     2.952755906E-02
     1963     1.056242094E+00     2.463356100E-01     2.952755906E-02
     1964     1.076317908E+00     2.367776465E-01     2.952755906E-02
     1965     1.073723118E+00     2.893948966E-01     2.952755906E-02
     1966     1.016297204E+00     2.150344489E-01     2.952755906E-02
     1967     1.036915292E+00     2.072737775E-01     2.952755906E-02
     1968     1.036388764E+00     2.533346130E-01     2.952755906E-02
     1969     9.734629125E-01     1.869548369E-01     2.952755906E-02
     1970     9.947793249E-01     1.805313735E-01     2.952755906E-02
     1971     9.957136473E-01     2.206494532E-01     2.952755906E-02
     1972     9.280560205E-01     1.623916000E-01     2.952755906E-02
     1973     9.501802408E-01     1.568261302E-01     2.952755906E-02
     1974     9.520280547E-01     1.916763786E-01     2.952755906E-02
     1975     8.804434582E-01     1.415485576E-01     2.952755906E-02
     1976     9.034326288E-01     1.363761198E-01     2.952755906E-02
     1977     9.057164838E-01     1.666819220E-01     2.952755906E-02
     1978     8.310021432E-01     1.246560279E-01     2.952755906E-02
     1979     8.548683479E-01     1.193745751E-01     2.952755906E-02
     1980     8.571845397E-01     1.459022567E-01     2.952755906E-02
     1981     7.801248812E-01     1.118488787E-01     2.952755906E-02
     1982     8.048355002E-01     1.059958639E-01     2.952755906E-02
     1983     8.068576805E-01     1.295504990E-01     2.952755906E-02
     1984     7.282285278E-01     1.032589635E-01     2.952755906E-02
     1985     7.536953525E-01     9.634524175E-02     2.952755906E-02
     1986     7.551774548E-01     1.177552946E-01     2.952755906E-02
     1987     7.018270643E-01     9.053012138E-02     2.952755906E-02
     1988     7.026072795E-01     1.106479257E-01     2.952755906E-02
     1989     6.757297717E-01     9.895758641E-02     2.952755906E-02
     1990     1.651653780E+00     3.280840063E-01     2.952755906E-02
     1991     1.674551739E+00     2.870734993E-01     2.952755906E-02
     1992     1.698032473E+00     3.280839980E-01     2.952755906E-02
     1993     1.605275086E+00     3.280840061E-01     2.952755906E-02
     1994     1.627881657E+00     2.870734992E-01     2.952755906E-02
     1995     1.558896393E+00     3.280840058E-01     2.952755906E-02
     1996     1.581211576E+00     2.870734990E-01     2.952755906E-02
     1997     1.512517699E+00     3.280840055E-01     2.952755906E-02
     1998     1.534541494E+00     2.870734989E-01     2.952755906E-02
     1999     1.466139006E+00     3.280840051E-01     2.952755906E-02
     2000     1.487871413E+00     2.870734987E-01     2.952755906E-02
     2001     1.414633658E+00     3.274596564E-01     2.952755906E-02
     2002     1.441201331E+00     2.870734985E-01     2.952755906E-02
     2003     1.357771588E+00     3.223965081E-01     2.952755906E-02
     2004     1.385210051E+00     2.848435241E-01     2.952755906E-02
     2005     1.301811017E+00     3.122920795E-01     2.952755906E-02
     2006     1.329729976E+00     2.781836402E-01     2.952755906E-02
     2007     1.247400317E+00     2.973133084E-01     2.952755906E-02
     2008     1.275325026E+00     2.671844234E-01     2.952755906E-02
     2009     1.195143944E+00     2.776709097E-01     2.952755906E-02
     2010     1.222540291E+00     2.520085469E-01     2.952755906E-02
     2011     1.145620179E+00     2.536961741E-01     2.952755906E-02
     2012     1.171893766E+00     2.329041304E-01     2.952755906E-02
     2013     1.099359840E+00     2.257598034E-01     2.952755906E-02
     2014     1.123875731E+00     2.101605946E-01     2.952755906E-02
     2015     1.057721589E+00     1.970684951E-01     2.952755906E-02
     2016     1.078912699E+00     1.841603925E-01     2.952755906E-02
     2017     1.016023718E+00     1.720275651E-01     2.952755906E-02
     2018     1.037441821E+00     1.612129388E-01     2.952755906E-02
     2019     9.720143252E-01     1.495638745E-01     2.952755906E-02
     2020     9.938450025E-01     1.404132911E-01     2.952755906E-02
     2021     9.259468524E-01     1.299132842E-01     2.952755906E-02
     2022     9.483324267E-01     1.219758796E-01     2.952755906E-02
     2023     8.781148433E-01     1.132388494E-01     2.952755906E-02
     2024     9.011487738E-01     1.060703158E-01     2.952755906E-02
     2025     8.288198320E-01     9.972482484E-02     2.952755906E-02
     2026     8.525521561E-01     9.284689207E-02     2.952755906E-02
     2027     7.783760630E-01     8.947910484E-02     2.952755906E-02
     2028     8.028133198E-01     8.244122773E-02     2.952755906E-02
     2029     7.271170210E-01     8.260717190E-02     2.952755906E-02
     2030     7.522132502E-01     7.493518819E-02     2.952755906E-02
     2031     7.010468490E-01     7.041231671E-02     2.952755906E-02
     2032     6.753760568E-01     7.916606951E-02     2.952755906E-02
     2033     1.650779616E+00     2.460629921E-01     2.952755906E-02
     2034     1.673968963E+00     2.050524972E-01     2.952755906E-02
     2035     1.697741086E+00     2.460629921E-01     2.952755906E-02
     2036     1.603818147E+00     2.460629921E-01     2.952755906E-02
     2037     1.626716106E+00     2.050524971E-01     2.952755906E-02
     2038     1.556856678E+00     2.460629921E-01     2.952755906E-02
     2039     1.579463249E+00     2.050524971E-01     2.952755906E-02
     2040     1.509895208E+00     2.460629921E-01     2.952755906E-02
     2041     1.532210392E+00     2.050524970E-01     2.952755906E-02
     2042     1.462933739E+00     2.460629921E-01     2.952755906E-02
     2043     1.484957534E+00     2.050524969E-01     2.952755906E-02
     2044     1.412127279E+00     2.455947310E-01     2.952755906E-02
     2045     1.437704677E+00     2.050524968E-01     2.952755906E-02
     2046     1.357303277E+00     2.417973703E-01     2.952755906E-02
     2047     1.383793821E+00     2.034596580E-01     2.952755906E-02
     2048     1.303155401E+00     2.342190496E-01     2.952755906E-02
     2049     1.330248111E+00     1.987025982E-01     2.952755906E-02
     2050     1.250169927E+00     2.229849721E-01     2.952755906E-02
     2051     1.277470348E+00     1.908460149E-01     2.952755906E-02
     2052     1.198800198E+00     2.082531740E-01     2.952755906E-02
     2053     1.225849881E+00     1.800061033E-01     2.952755906E-02
     2054     1.149479925E+00     1.902721233E-01     2.952755906E-02
     2055     1.175756707E+00     1.663600917E-01     2.952755906E-02
     2056     1.102607222E+00     1.693198463E-01     2.952755906E-02
     2057     1.127541026E+00     1.501147092E-01     2.952755906E-02
     2058     1.059201084E+00     1.478013660E-01     2.952755906E-02
     2059     1.081507490E+00     1.315431365E-01     2.952755906E-02
     2060     1.015750232E+00     1.290206694E-01     2.952755906E-02
     2061     1.037968349E+00     1.151520982E-01     2.952755906E-02
     2062     9.705657378E-01     1.121729021E-01     2.952755906E-02
     2063     9.929106801E-01     1.002952072E-01     2.952755906E-02
     2064     9.238376841E-01     9.743496002E-02     2.952755906E-02
     2065     9.464846127E-01     8.712562765E-02     2.952755906E-02
     2066     8.757862281E-01     8.492913454E-02     2.952755906E-02
     2067     8.988649188E-01     7.576451081E-02     2.952755906E-02
     2068     8.266375206E-01     7.479361671E-02     2.952755906E-02
     2069     8.502359643E-01     6.631920822E-02     2.952755906E-02
     2070     7.766272448E-01     6.710932725E-02     2.952755906E-02
     2071     8.007911394E-01     5.888659094E-02     2.952755906E-02
     2072     7.260055142E-01     6.195537809E-02     2.952755906E-02
     2073     7.507311478E-01     5.352513422E-02     2.952755906E-02
     2074     7.002666338E-01     5.029451183E-02     2.952755906E-02
     2075     6.750223420E-01     5.937455185E-02     2.952755906E-02
     2076     1.649905453E+00     1.640420022E-01     2.952755906E-02
     2077     1.673386187E+00     1.230314998E-01     2.952755906E-02
     2078     1.697449698E+00     1.640419985E-01     2.952755906E-02
     2079     1.602361208E+00     1.640420021E-01     2.952755906E-02
     2080     1.625550555E+00     1.230314998E-01     2.952755906E-02
     2081     1.554816963E+00     1.640420019E-01     2.952755906E-02
     2082     1.577714922E+00     1.230314997E-01     2.952755906E-02
     2083     1.507272718E+00     1.640420018E-01     2.952755906E-02
     2084     1.529879289E+00     1.230314996E-01     2.952755906E-02
     2085     1.459728473E+00     1.640420016E-01     2.952755906E-02
     2086     1.482043656E+00     1.230314995E-01     2.952755906E-02
     2087     1.409620901E+00     1.637298273E-01     2.952755906E-02
     2088     1.434208023E+00     1.230314994E-01     2.952755906E-02
     2089     1.356834967E+00     1.611982531E-01     2.952755906E-02
     2090     1.382377591E+00     1.220757961E-01     2.952755906E-02
     2091     1.304499784E+00     1.561460389E-01     2.952755906E-02
     2092     1.330766246E+00     1.192215601E-01     2.952755906E-02
     2093     1.252939536E+00     1.486566534E-01     2.952755906E-02
     2094     1.279615670E+00     1.145076101E-01     2.952755906E-02
     2095     1.202456451E+00     1.388354542E-01     2.952755906E-02
     2096     1.229159471E+00     1.080036630E-01     2.952755906E-02
     2097     1.153339670E+00     1.268480865E-01     2.952755906E-02
     2098     1.179619648E+00     9.981605593E-02     2.952755906E-02
     2099     1.105854603E+00     1.128799012E-01     2.952755906E-02
     2100     1.131206321E+00     9.006882633E-02     2.952755906E-02
     2101     1.060680579E+00     9.853424714E-02     2.952755906E-02
     2102     1.084102281E+00     7.892588257E-02     2.952755906E-02
     2103     1.015476745E+00     8.601378222E-02     2.952755906E-02
     2104     1.038494878E+00     6.909125952E-02     2.952755906E-02
     2105     9.691171506E-01     7.478193696E-02     2.952755906E-02
     2106     9.919763577E-01     6.017712481E-02     2.952755906E-02
     2107     9.217285159E-01     6.495664184E-02     2.952755906E-02
     2108     9.446367987E-01     5.227537699E-02     2.952755906E-02
     2109     8.734576132E-01     5.661942449E-02     2.952755906E-02
     2110     8.965810638E-01     4.545870681E-02     2.952755906E-02
     2111     8.244552093E-01     4.986241227E-02     2.952755906E-02
     2112     8.479197725E-01     3.979152519E-02     2.952755906E-02
     2113     7.748784266E-01     4.473955231E-02     2.952755906E-02
     2114     7.987689590E-01     3.533195476E-02     2.952755906E-02
     2115     7.248940074E-01     4.130358589E-02     2.952755906E-02
     2116     7.492490455E-01     3.211508066E-02     2.952755906E-02
     2117     6.994864185E-01     3.017670717E-02     2.952755906E-02
     2118     6.746686271E-01     3.958303473E-02     2.952755906E-02
     2119     1.649031289E+00     8.202099738E-02     2.952755906E-02
     2120     1.697158310E+00     8.202099738E-02     2.952755906E-02
     2121     1.672803412E+00     4.101049869E-02     2.952755906E-02
     2122     1.600904268E+00     8.202099738E-02     2.952755906E-02
     2123     1.624385003E+00     4.101049869E-02     2.952755906E-02
     2124     1.552777248E+00     8.202099738E-02     2.952755906E-02
     2125     1.575966595E+00     4.101049869E-02     2.952755906E-02
     2126     1.504650227E+00     8.202099738E-02     2.952755906E-02
     2127     1.527548186E+00     4.101049869E-02     2.952755906E-02
     2128     1.456523206E+00     8.202099738E-02     2.952755906E-02
     2129     1.479129777E+00     4.101049869E-02     2.952755906E-02
     2130     1.407114522E+00     8.186491034E-02     2.952755906E-02
     2131     1.430711369E+00     4.101049869E-02     2.952755906E-02
     2132     1.356366657E+00     8.059912344E-02     2.952755906E-02
     2133     1.380961360E+00     4.069193097E-02     2.952755906E-02
     2134     1.305844167E+00     7.807301653E-02     2.952755906E-02
     2135     1.331284381E+00     3.974051904E-02     2.952755906E-02
     2136     1.255709145E+00     7.432832404E-02     2.952755906E-02
     2137     1.281760992E+00     3.816920243E-02     2.952755906E-02
     2138     1.206112705E+00     6.941772468E-02     2.952755906E-02
     2139     1.232469061E+00     3.600122016E-02     2.952755906E-02
     2140     1.157199416E+00     6.342404111E-02     2.952755906E-02
     2141     1.183482589E+00     3.327201789E-02     2.952755906E-02
     2142     1.109101984E+00     5.643994877E-02     2.952755906E-02
     2143     1.134871616E+00     3.002294145E-02     2.952755906E-02
     2144     1.062160074E+00     4.926712201E-02     2.952755906E-02
     2145     1.086697072E+00     2.630862696E-02     2.952755906E-02
     2146     1.015203259E+00     4.300688979E-02     2.952755906E-02
     2147     1.039021406E+00     2.303041936E-02     2.952755906E-02
     2148     9.676685632E-01     3.739096737E-02     2.952755906E-02
     2149     9.910420353E-01     2.005904120E-02     2.952755906E-02
     2150     9.196193477E-01     3.247832001E-02     2.952755906E-02
     2151     9.427889847E-01     1.742512533E-02     2.952755906E-02
     2152     8.711289981E-01     2.830971151E-02     2.952755906E-02
     2153     8.942972088E-01     1.515290200E-02     2.952755906E-02
     2154     8.222728980E-01     2.493120557E-02     2.952755906E-02
     2155     8.456035807E-01     1.326384151E-02     2.952755906E-02
     2156     7.731296084E-01     2.236977575E-02     2.952755906E-02
     2157     7.967467786E-01     1.177731809E-02     2.952755906E-02
     2158     7.237825006E-01     2.065179270E-02     2.952755906E-02
     2159     7.477669432E-01     1.070502678E-02     2.952755906E-02
     2160     6.987062033E-01     1.005890233E-02     2.952755906E-02
     2161     6.743149123E-01     1.979151728E-02     2.952755906E-02
     2162     5.684055118E-01     9.842519685E-02     2.952755906E-02
     2163     5.954724409E-01     8.858267834E-02     2.952755906E-02
     2164     6.225393701E-01     9.842519685E-02     2.952755906E-02
     2165     5.954724409E-01     1.082677165E-01     2.952755906E-02
     2166     5.142716535E-01     9.842519685E-02     2.952755906E-02
     2167     5.413385827E-01     8.858267834E-02     2.952755906E-02
     2168     5.413385827E-01     1.082677165E-01     2.952755906E-02
     2169     4.601378000E-01     9.842519685E-02     2.952755906E-02
     2170     4.872047244E-01     8.858267834E-02     2.952755906E-02
     2171     4.872047244E-01     1.082677165E-01     2.952755906E-02
     2172     4.060039417E-01     9.842519685E-02     2.952755906E-02
     2173     4.330708755E-01     8.858267834E-02     2.952755906E-02
     2174     4.330708708E-01     1.082677165E-01     2.952755906E-02
     2175     3.518700787E-01     9.842519685E-02     2.952755906E-02
     2176     3.789370079E-01     8.858267834E-02     2.952755906E-02
     2177     3.789370079E-01     1.082677165E-01     2.952755906E-02
     2178     2.977362205E-01     9.842519685E-02     2.952755906E-02
     2179     3.248031496E-01     8.858267834E-02     2.952755906E-02
     2180     3.248031496E-01     1.082677165E-01     2.952755906E-02
     2181     2.436023646E-01     9.842519685E-02     2.952755906E-02
     2182     2.706692913E-01     8.858267834E-02     2.952755906E-02
     2183     2.706692913E-01     1.082677165E-01     2.952755906E-02
     2184     1.894685063E-01     9.842519685E-02     2.952755906E-02
     2185     2.165354378E-01     8.858267834E-02     2.952755906E-02
     2186     2.165354354E-01     1.082677165E-01     2.952755906E-02
     2187     1.353346457E-01     9.842519685E-02     2.952755906E-02
     2188     1.624015748E-01     8.858267834E-02     2.952755906E-02
     2189     1.624015748E-01     1.082677165E-01     2.952755906E-02
     2190     8.120078740E-02     9.842519685E-02     2.952755906E-02
     2191     1.082677165E-01     8.858267834E-02     2.952755906E-02
     2192     1.082677165E-01     1.082677165E-01     2.952755906E-02
     2193     5.413385827E-02     8.858267834E-02     2.952755906E-02
     2194     2.706692913E-02     9.842519685E-02     2.952755906E-02
     2195     5.413385827E-02     1.082677165E-01     2.952755906E-02
     2196     5.684055118E-01     7.874015983E-02     2.952755906E-02
     2197     5.954724409E-01     6.889763897E-02     2.952755906E-02
     2198     6.225393701E-01     7.874015865E-02     2.952755906E-02
     2199     5.142716535E-01     7.874015983E-02     2.952755906E-02
     2200     5.413385827E-01     6.889763897E-02     2.952755906E-02
     2201     4.601378000E-01     7.874015983E-02     2.952755906E-02
     2202     4.872047244E-01     6.889763897E-02     2.952755906E-02
     2203     4.060039417E-01     7.874015983E-02     2.952755906E-02
     2204     4.330708755E-01     6.889763897E-02     2.952755906E-02
     2205     3.518700787E-01     7.874015983E-02     2.952755906E-02
     2206     3.789370079E-01     6.889763897E-02     2.952755906E-02
     2207     2.977362205E-01     7.874015983E-02     2.952755906E-02
     2208     3.248031496E-01     6.889763897E-02     2.952755906E-02
     2209     2.436023646E-01     7.874015983E-02     2.952755906E-02
     2210     2.706692913E-01     6.889763897E-02     2.952755906E-02
     2211     1.894685063E-01     7.874015983E-02     2.952755906E-02
     2212     2.165354378E-01     6.889763897E-02     2.952755906E-02
     2213     1.353346457E-01     7.874015983E-02     2.952755906E-02
     2214     1.624015748E-01     6.889763897E-02     2.952755906E-02
     2215     8.120078740E-02     7.874015983E-02     2.952755906E-02
     2216     1.082677165E-01     6.889763897E-02     2.952755906E-02
     2217     5.413385827E-02     6.889763897E-02     2.952755906E-02
     2218     2.706692913E-02     7.874015865E-02     2.952755906E-02
     2219     5.684055118E-01     5.905511811E-02     2.952755906E-02
     2220     5.954724409E-01     4.921259901E-02     2.952755906E-02
     2221     6.225393701E-01     5.905511811E-02     2.952755906E-02
     2222     5.142716535E-01     5.905511811E-02     2.952755906E-02
     2223     5.413385827E-01     4.921259901E-02     2.952755906E-02
     2224     4.601378000E-01     5.905511811E-02     2.952755906E-02
     2225     4.872047244E-01     4.921259901E-02     2.952755906E-02
     2226     4.060039417E-01     5.905511811E-02     2.952755906E-02
     2227     4.330708755E-01     4.921259901E-02     2.952755906E-02
     2228     3.518700787E-01     5.905511811E-02     2.952755906E-02
     2229     3.789370079E-01     4.921259901E-02     2.952755906E-02
     2230     2.977362205E-01     5.905511811E-02     2.952755906E-02
     2231     3.248031496E-01     4.921259901E-02     2.952755906E-02
     2232     2.436023646E-01     5.905511811E-02     2.952755906E-02
     2233     2.706692913E-01     4.921259901E-02     2.952755906E-02
     2234     1.894685063E-01     5.905511811E-02     2.952755906E-02
     2235     2.165354378E-01     4.921259901E-02     2.952755906E-02
     2236     1.353346457E-01     5.905511811E-02     2.952755906E-02
     2237     1.624015748E-01     4.921259901E-02     2.952755906E-02
     2238     8.120078740E-02     5.905511811E-02     2.952755906E-02
     2239     1.082677165E-01     4.921259901E-02     2.952755906E-02
     2240     5.413385827E-02     4.921259901E-02     2.952755906E-02
     2241     2.706692913E-02     5.905511811E-02     2.952755906E-02
     2242     5.684055118E-01     3.937007991E-02     2.952755906E-02
     2243     5.954724409E-01     2.952755964E-02     2.952755906E-02
     2244     6.225393701E-01     3.937007933E-02     2.952755906E-02
     2245     5.142716535E-01     3.937007991E-02     2.952755906E-02
     2246     5.413385827E-01     2.952755964E-02     2.952755906E-02
     2247     4.601378000E-01     3.937007991E-02     2.952755906E-02
     2248     4.872047244E-01     2.952755964E-02     2.952755906E-02
     2249     4.060039417E-01     3.937007991E-02     2.952755906E-02
     2250     4.330708755E-01     2.952755964E-02     2.952755906E-02
     2251     3.518700787E-01     3.937007991E-02     2.952755906E-02
     2252     3.789370079E-01     2.952755964E-02     2.952755906E-02
     2253     2.977362205E-01     3.937007991E-02     2.952755906E-02
     2254     3.248031496E-01     2.952755964E-02     2.952755906E-02
     2255     2.436023646E-01     3.937007991E-02     2.952755906E-02
     2256     2.706692913E-01     2.952755964E-02     2.952755906E-02
     2257     1.894685063E-01     3.937007991E-02     2.952755906E-02
     2258     2.165354378E-01     2.952755964E-02     2.952755906E-02
     2259     1.353346457E-01     3.937007991E-02     2.952755906E-02
     2260     1.624015748E-01     2.952755964E-02     2.952755906E-02
     2261     8.120078740E-02     3.937007991E-02     2.952755906E-02
     2262     1.082677165E-01     2.952755964E-02     2.952755906E-02
     2263     5.413385827E-02     2.952755964E-02     2.952755906E-02
     2264     2.706692913E-02     3.937007933E-02     2.952755906E-02
     2265     5.684055118E-01     1.968503937E-02     2.952755906E-02
     2266     6.225393701E-01     1.968503937E-02     2.952755906E-02
     2267     5.954724409E-01     9.842519685E-03     2.952755906E-02
     2268     5.142716535E-01     1.968503937E-02     2.952755906E-02
     2269     5.413385827E-01     9.842519685E-03     2.952755906E-02
     2270     4.601378000E-01     1.968503937E-02     2.952755906E-02
     2271     4.872047244E-01     9.842519685E-03     2.952755906E-02
     2272     4.060039417E-01     1.968503937E-02     2.952755906E-02
     2273     4.330708708E-01     9.842519685E-03     2.952755906E-02
     2274     3.518700787E-01     1.968503937E-02     2.952755906E-02
     2275     3.789370079E-01     9.842519685E-03     2.952755906E-02
     2276     2.977362205E-01     1.968503937E-02     2.952755906E-02
     2277     3.248031496E-01     9.842519685E-03     2.952755906E-02
     2278     2.436023646E-01     1.968503937E-02     2.952755906E-02
     2279     2.706692913E-01     9.842519685E-03     2.952755906E-02
     2280     1.894685063E-01     1.968503937E-02     2.952755906E-02
     2281     2.165354354E-01     9.842519685E-03     2.952755906E-02
     2282     1.353346457E-01     1.968503937E-02     2.952755906E-02
     2283     1.624015748E-01     9.842519685E-03     2.952755906E-02
     2284     8.120078740E-02     1.968503937E-02     2.952755906E-02
     2285     1.082677165E-01     9.842519685E-03     2.952755906E-02
     2286     2.706692913E-02     1.968503937E-02     2.952755906E-02
     2287     5.413385827E-02     9.842519685E-03     2.952755906E-02
     2288     2.182395868E+00     4.101049869E-01     0.000000000E+00
     2289     2.209523756E+00     3.690944968E-01     0.000000000E+00
     2290     2.236651641E+00     4.101049869E-01     0.000000000E+00
     2291     2.209523756E+00     4.511154856E-01     0.000000000E+00
     2292     2.128140095E+00     4.101049869E-01     0.000000000E+00
     2293     2.155267984E+00     3.690944968E-01     0.000000000E+00
     2294     2.155267984E+00     4.511154856E-01     0.000000000E+00
     2295     2.073884322E+00     4.101049869E-01     0.000000000E+00
     2296     2.101012212E+00     3.690944968E-01     0.000000000E+00
     2297     2.101012212E+00     4.511154856E-01     0.000000000E+00
     2298     2.019628549E+00     4.101049869E-01     0.000000000E+00
     2299     2.046756440E+00     3.690944968E-01     0.000000000E+00
     2300     2.046756440E+00     4.511154856E-01     0.000000000E+00
     2301     1.965372776E+00     4.101049869E-01     0.000000000E+00
     2302     1.992500668E+00     3.690944968E-01     0.000000000E+00
     2303     1.992500668E+00     4.511154856E-01     0.000000000E+00
     2304     1.911117003E+00     4.101049869E-01     0.000000000E+00
     2305     1.938244896E+00     3.690944968E-01     0.000000000E+00
     2306     1.938244896E+00     4.511154856E-01     0.000000000E+00
     2307     1.856861230E+00     4.101049869E-01     0.000000000E+00
     2308     1.883989124E+00     3.690944968E-01     0.000000000E+00
     2309     1.883989124E+00     4.511154856E-01     0.000000000E+00
     2310     1.802605457E+00     4.101049869E-01     0.000000000E+00
     2311     1.829733353E+00     3.690944968E-01     0.000000000E+00
     2312     1.829733353E+00     4.511154856E-01     0.000000000E+00
     2313     1.775477581E+00     3.690944968E-01     0.000000000E+00
     2314     1.775477581E+00     4.511154856E-01     0.000000000E+00
     2315     1.748349695E+00     4.101049869E-01     0.000000000E+00
     2316     2.182395871E+00     3.280840067E-01     0.000000000E+00
     2317     2.209523756E+00     2.870734994E-01     0.000000000E+00
     2318     2.236651642E+00     3.280839981E-01     0.000000000E+00
     2319     2.128140101E+00     3.280840067E-01     0.000000000E+00
     2320     2.155267984E+00     2.870734994E-01     0.000000000E+00
     2321     2.073884330E+00     3.280840067E-01     0.000000000E+00
     2322     2.101012212E+00     2.870734994E-01     0.000000000E+00
     2323     2.019628559E+00     3.280840067E-01     0.000000000E+00
     2324     2.046756440E+00     2.870734994E-01     0.000000000E+00
     2325     1.965372789E+00     3.280840067E-01     0.000000000E+00
     2326     1.992500668E+00     2.870734994E-01     0.000000000E+00
     2327     1.911117018E+00     3.280840067E-01     0.000000000E+00
     2328     1.938244896E+00     2.870734994E-01     0.000000000E+00
     2329     1.856861247E+00     3.280840067E-01     0.000000000E+00
     2330     1.883989124E+00     2.870734994E-01     0.000000000E+00
     2331     1.802605476E+00     3.280840067E-01     0.000000000E+00
     2332     1.829733353E+00     2.870734994E-01     0.000000000E+00
     2333     1.775477581E+00     2.870734994E-01     0.000000000E+00
     2334     1.748349706E+00     3.280839981E-01     0.000000000E+00
     2335     2.182395868E+00     2.460629921E-01     0.000000000E+00
     2336     2.209523756E+00     2.050524972E-01     0.000000000E+00
     2337     2.236651641E+00     2.460629921E-01     0.000000000E+00
     2338     2.128140095E+00     2.460629921E-01     0.000000000E+00
     2339     2.155267984E+00     2.050524972E-01     0.000000000E+00
     2340     2.073884322E+00     2.460629921E-01     0.000000000E+00
     2341     2.101012212E+00     2.050524972E-01     0.000000000E+00
     2342     2.019628549E+00     2.460629921E-01     0.000000000E+00
     2343     2.046756440E+00     2.050524972E-01     0.000000000E+00
     2344     1.965372776E+00     2.460629921E-01     0.000000000E+00
     2345     1.992500668E+00     2.050524972E-01     0.000000000E+00
     2346     1.911117003E+00     2.460629921E-01     0.000000000E+00
     2347     1.938244896E+00     2.050524972E-01     0.000000000E+00
     2348     1.856861230E+00     2.460629921E-01     0.000000000E+00
     2349     1.883989124E+00     2.050524972E-01     0.000000000E+00
     2350     1.802605457E+00     2.460629921E-01     0.000000000E+00
     2351     1.829733353E+00     2.050524972E-01     0.000000000E+00
     2352     1.775477581E+00     2.050524972E-01     0.000000000E+00
     2353     1.748349695E+00     2.460629921E-01     0.000000000E+00
     2354     2.182395871E+00     1.640420023E-01     0.000000000E+00
     2355     2.209523756E+00     1.230314998E-01     0.000000000E+00
     2356     2.236651642E+00     1.640419985E-01     0.000000000E+00
     2357     2.128140101E+00     1.640420023E-01     0.000000000E+00
     2358     2.155267984E+00     1.230314998E-01     0.000000000E+00
     2359     2.073884330E+00     1.640420023E-01     0.000000000E+00
     2360     2.101012212E+00     1.230314998E-01     0.000000000E+00
     2361     2.019628559E+00     1.640420023E-01     0.000000000E+00
     2362     2.046756440E+00     1.230314998E-01     0.000000000E+00
     2363     1.965372789E+00     1.640420023E-01     0.000000000E+00
     2364     1.992500668E+00     1.230314998E-01     0.000000000E+00
     2365     1.911117018E+00     1.640420023E-01     0.000000000E+00
     2366     1.938244896E+00     1.230314998E-01     0.000000000E+00
     2367     1.856861247E+00     1.640420023E-01     0.000000000E+00
     2368     1.883989124E+00     1.230314998E-01     0.000000000E+00
     2369     1.802605476E+00     1.640420023E-01     0.000000000E+00
     2370     1.829733353E+00     1.230314998E-01     0.000000000E+00
     2371     1.775477581E+00     1.230314998E-01     0.000000000E+00
     2372     1.748349706E+00     1.640419985E-01     0.000000000E+00
     2373     2.182395868E+00     8.202099738E-02     0.000000000E+00
     2374     2.209523756E+00     4.101049869E-02     0.000000000E+00
     2375     2.236651641E+00     8.202099738E-02     0.000000000E+00
     2376     2.128140095E+00     8.202099738E-02     0.000000000E+00
     2377     2.155267984E+00     4.101049869E-02     0.000000000E+00
     2378     2.073884322E+00     8.202099738E-02     0.000000000E+00
     2379     2.101012212E+00     4.101049869E-02     0.000000000E+00
     2380     2.019628549E+00     8.202099738E-02     0.000000000E+00
     2381     2.046756440E+00     4.101049869E-02     0.000000000E+00
     2382     1.965372776E+00     8.202099738E-02     0.000000000E+00
     2383     1.992500668E+00     4.101049869E-02     0.000000000E+00
     2384     1.911117003E+00     8.202099738E-02     0.000000000E+00
     2385     1.938244896E+00     4.101049869E-02     0.000000000E+00
     2386     1.856861230E+00     8.202099738E-02     0.000000000E+00
     2387     1.883989124E+00     4.101049869E-02     0.000000000E+00
     2388     1.802605457E+00     8.202099738E-02     0.000000000E+00
     2389     1.829733353E+00     4.101049869E-02     0.000000000E+00
     2390     1.775477581E+00     4.101049869E-02     0.000000000E+00
     2391     1.748349695E+00     8.202099738E-02     0.000000000E+00
     2392     2.182395871E+00     0.000000000E+00     0.000000000E+00
     2393     2.236651642E+00     0.000000000E+00     0.000000000E+00
     2394     2.209523765E+00     0.000000000E+00     7.381889764E-03
     2395     2.128140101E+00     0.000000000E+00     0.000000000E+00
     2396     2.155267993E+00     0.000000000E+00     7.381889764E-03
     2397     2.073884330E+00     0.000000000E+00     0.000000000E+00
     2398     2.101012221E+00     0.000000000E+00     7.381889764E-03
     2399     2.019628559E+00     0.000000000E+00     0.000000000E+00
     2400     2.046756450E+00     0.000000000E+00     7.381889764E-03
     2401     1.965372789E+00     0.000000000E+00     0.000000000E+00
     2402     1.992500678E+00     0.000000000E+00     7.381889764E-03
     2403     1.911117018E+00     0.000000000E+00     0.000000000E+00
     2404     1.938244907E+00     0.000000000E+00     7.381889764E-03
     2405     1.856861247E+00     0.000000000E+00     0.000000000E+00
     2406     1.883989135E+00     0.000000000E+00     7.381889764E-03
     2407     1.802605476E+00     0.000000000E+00     0.000000000E+00
     2408     1.829733363E+00     0.000000000E+00     7.381889764E-03
     2409     1.748349706E+00     0.000000000E+00     0.000000000E+00
     2410     1.775477592E+00     0.000000000E+00     7.381889764E-03
     2411     2.263779528E+00     3.690944882E-01     0.000000000E+00
     2412     2.263779528E+00     4.511154856E-01     0.000000000E+00
     2413     2.263779528E+00     4.101049947E-01     7.381889764E-03
     2414     2.263779528E+00     2.870734908E-01     0.000000000E+00
     2415     2.263779528E+00     3.280839895E-01     7.381889764E-03
     2416     2.263779528E+00     2.050524934E-01     0.000000000E+00
     2417     2.263779528E+00     2.460629968E-01     7.381889764E-03
     2418     2.263779528E+00     1.230314961E-01     0.000000000E+00
     2419     2.263779528E+00     1.640419948E-01     7.381889764E-03
     2420     2.263779528E+00     4.101049869E-02     0.000000000E+00
     2421     2.263779528E+00     8.202099894E-02     7.381889764E-03
     2422     2.263779528E+00     0.000000000E+00     7.381889764E-03
     2423     1.802605476E+00     4.921259843E-01     0.000000000E+00
     2424     1.748349706E+00     4.921259843E-01     0.000000000E+00
     2425     1.775477583E+00     4.921259843E-01     7.381889764E-03
     2426     1.856861247E+00     4.921259843E-01     0.000000000E+00
     2427     1.829733355E+00     4.921259843E-01     7.381889764E-03
     2428     1.911117018E+00     4.921259843E-01     0.000000000E+00
     2429     1.883989126E+00     4.921259843E-01     7.381889764E-03
     2430     1.965372789E+00     4.921259843E-01     0.000000000E+00
     2431     1.938244898E+00     4.921259843E-01     7.381889764E-03
     2432     2.019628559E+00     4.921259843E-01     0.000000000E+00
     2433     1.992500670E+00     4.921259843E-01     7.381889764E-03
     2434     2.073884330E+00     4.921259843E-01     0.000000000E+00
     2435     2.046756441E+00     4.921259843E-01     7.381889764E-03
     2436     2.128140101E+00     4.921259843E-01     0.000000000E+00
     2437     2.101012213E+00     4.921259843E-01     7.381889764E-03
     2438     2.182395871E+00     4.921259843E-01     0.000000000E+00
     2439     2.155267984E+00     4.921259843E-01     7.381889764E-03
     2440     2.236651642E+00     4.921259843E-01     0.000000000E+00
     2441     2.209523756E+00     4.921259843E-01     7.381889764E-03
     2442     2.263779528E+00     4.921259843E-01     7.381889764E-03
     2443     1.721221820E+00     4.101049869E-02     0.000000000E+00
     2444     1.696866922E+00     0.000000000E+00     0.000000000E+00
     2445     1.721221820E+00     0.000000000E+00     7.381889764E-03
     2446     1.721221820E+00     1.230314961E-01     0.000000000E+00
     2447     1.697158310E+00     8.202099738E-02     0.000000000E+00
     2448     1.721221820E+00     8.202098955E-02     7.381889764E-03
     2449     1.721221820E+00     2.050524934E-01     0.000000000E+00
     2450     1.697449698E+00     1.640419985E-01     0.000000000E+00
     2451     1.721221820E+00     1.640419948E-01     7.381889764E-03
     2452     1.721221820E+00     2.870734908E-01     0.000000000E+00
     2453     1.697741086E+00     2.460629921E-01     0.000000000E+00
     2454     1.721221820E+00     2.460629874E-01     7.381889764E-03
     2455     1.721221820E+00     3.690944882E-01     0.000000000E+00
     2456     1.698032473E+00     3.280839980E-01     0.000000000E+00
     2457     1.721221820E+00     3.280839895E-01     7.381889764E-03
     2458     1.721221820E+00     4.511154856E-01     0.000000000E+00
     2459     1.698615249E+00     4.921259843E-01     0.000000000E+00
     2460     1.721221820E+00     4.921259843E-01     7.381889764E-03
     2461     1.698323861E+00     4.101049869E-01     0.000000000E+00
     2462     1.721221820E+00     4.101049853E-01     7.381889764E-03
     2463     7.237825006E-01     2.065179270E-02     0.000000000E+00
     2464     6.994864185E-01     3.017670717E-02     0.000000000E+00
     2465     6.987062033E-01     1.005890233E-02     0.000000000E+00
     2466     6.743149123E-01     1.979151728E-02     0.000000000E+00
     2467     7.731296084E-01     2.236977575E-02     0.000000000E+00
     2468     7.492490455E-01     3.211508066E-02     0.000000000E+00
     2469     7.477669432E-01     1.070502678E-02     0.000000000E+00
     2470     8.222728980E-01     2.493120557E-02     0.000000000E+00
     2471     7.987689590E-01     3.533195476E-02     0.000000000E+00
     2472     7.967467786E-01     1.177731809E-02     0.000000000E+00
     2473     8.711289981E-01     2.830971151E-02     0.000000000E+00
     2474     8.479197725E-01     3.979152519E-02     0.000000000E+00
     2475     8.456035807E-01     1.326384151E-02     0.000000000E+00
     2476     9.196193477E-01     3.247832001E-02     0.000000000E+00
     2477     8.965810638E-01     4.545870681E-02     0.000000000E+00
     2478     8.942972088E-01     1.515290200E-02     0.000000000E+00
     2479     9.676685632E-01     3.739096737E-02     0.000000000E+00
     2480     9.446367987E-01     5.227537699E-02     0.000000000E+00
     2481     9.427889847E-01     1.742512533E-02     0.000000000E+00
     2482     1.015203259E+00     4.300688979E-02     0.000000000E+00
     2483     9.919763577E-01     6.017712481E-02     0.000000000E+00
     2484     9.910420353E-01     2.005904120E-02     0.000000000E+00
     2485     1.062160074E+00     4.926712201E-02     0.000000000E+00
     2486     1.038494878E+00     6.909125952E-02     0.000000000E+00
     2487     1.039021406E+00     2.303041936E-02     0.000000000E+00
     2488     1.109101984E+00     5.643994877E-02     0.000000000E+00
     2489     1.084102281E+00     7.892588257E-02     0.000000000E+00
     2490     1.086697072E+00     2.630862696E-02     0.000000000E+00
     2491     1.157199416E+00     6.342404111E-02     0.000000000E+00
     2492     1.131206321E+00     9.006882633E-02     0.000000000E+00
     2493     1.134871616E+00     3.002294145E-02     0.000000000E+00
     2494     1.206112705E+00     6.941772468E-02     0.000000000E+00
     2495     1.179619648E+00     9.981605593E-02     0.000000000E+00
     2496     1.183482589E+00     3.327201789E-02     0.000000000E+00
     2497     1.255709145E+00     7.432832404E-02     0.000000000E+00
     2498     1.229159471E+00     1.080036630E-01     0.000000000E+00
     2499     1.232469061E+00     3.600122016E-02     0.000000000E+00
     2500     1.305844167E+00     7.807301653E-02     0.000000000E+00
     2501     1.279615670E+00     1.145076101E-01     0.000000000E+00
     2502     1.281760992E+00     3.816920243E-02     0.000000000E+00
     2503     1.356366657E+00     8.059912344E-02     0.000000000E+00
     2504     1.330766246E+00     1.192215601E-01     0.000000000E+00
     2505     1.331284381E+00     3.974051904E-02     0.000000000E+00
     2506     1.407114522E+00     8.186491034E-02     0.000000000E+00
     2507     1.382377591E+00     1.220757961E-01     0.000000000E+00
     2508     1.380961360E+00     4.069193097E-02     0.000000000E+00
     2509     1.456523206E+00     8.202099738E-02     0.000000000E+00
     2510     1.434208023E+00     1.230314994E-01     0.000000000E+00
     2511     1.430711369E+00     4.101049869E-02     0.000000000E+00
     2512     1.504650227E+00     8.202099738E-02     0.000000000E+00
     2513     1.482043656E+00     1.230314995E-01     0.000000000E+00
     2514     1.479129777E+00     4.101049869E-02     0.000000000E+00
     2515     1.552777248E+00     8.202099738E-02     0.000000000E+00
     2516     1.529879289E+00     1.230314996E-01     0.000000000E+00
     2517     1.527548186E+00     4.101049869E-02     0.000000000E+00
     2518     1.600904268E+00     8.202099738E-02     0.000000000E+00
     2519     1.577714922E+00     1.230314997E-01     0.000000000E+00
     2520     1.575966595E+00     4.101049869E-02     0.000000000E+00
     2521     1.649031289E+00     8.202099738E-02     0.000000000E+00
     2522     1.625550555E+00     1.230314998E-01     0.000000000E+00
     2523     1.624385003E+00     4.101049869E-02     0.000000000E+00
     2524     1.673386187E+00     1.230314998E-01     0.000000000E+00
     2525     1.672803412E+00     4.101049869E-02     0.000000000E+00
     2526     7.248940074E-01     4.130358589E-02     0.000000000E+00
     2527     7.002666338E-01     5.029451183E-02     0.000000000E+00
     2528     6.746686271E-01     3.958303473E-02     0.000000000E+00
     2529     7.748784266E-01     4.473955231E-02     0.000000000E+00
     2530     7.507311478E-01     5.352513422E-02     0.000000000E+00
     2531     8.244552093E-01     4.986241227E-02     0.000000000E+00
     2532     8.007911394E-01     5.888659094E-02     0.000000000E+00
     2533     8.734576132E-01     5.661942449E-02     0.000000000E+00
     2534     8.502359643E-01     6.631920822E-02     0.000000000E+00
     2535     9.217285159E-01     6.495664184E-02     0.000000000E+00
     2536     8.988649188E-01     7.576451081E-02     0.000000000E+00
     2537     9.691171506E-01     7.478193696E-02     0.000000000E+00
     2538     9.464846127E-01     8.712562765E-02     0.000000000E+00
     2539     1.015476745E+00     8.601378222E-02     0.000000000E+00
     2540     9.929106801E-01     1.002952072E-01     0.000000000E+00
     2541     1.060680579E+00     9.853424714E-02     0.000000000E+00
     2542     1.037968349E+00     1.151520982E-01     0.000000000E+00
     2543     1.105854603E+00     1.128799012E-01     0.000000000E+00
     2544     1.081507490E+00     1.315431365E-01     0.000000000E+00
     2545     1.153339670E+00     1.268480865E-01     0.000000000E+00
     2546     1.127541026E+00     1.501147092E-01     0.000000000E+00
     2547     1.202456451E+00     1.388354542E-01     0.000000000E+00
     2548     1.175756707E+00     1.663600917E-01     0.000000000E+00
     2549     1.252939536E+00     1.486566534E-01     0.000000000E+00
     2550     1.225849881E+00     1.800061033E-01     0.000000000E+00
     2551     1.304499784E+00     1.561460389E-01     0.000000000E+00
     2552     1.277470348E+00     1.908460149E-01     0.000000000E+00
     2553     1.356834967E+00     1.611982531E-01     0.000000000E+00
     2554     1.330248111E+00     1.987025982E-01     0.000000000E+00
     2555     1.409620901E+00     1.637298273E-01     0.000000000E+00
     2556     1.383793821E+00     2.034596580E-01     0.000000000E+00
     2557     1.459728473E+00     1.640420016E-01     0.000000000E+00
     2558     1.437704677E+00     2.050524968E-01     0.000000000E+00
     2559     1.507272718E+00     1.640420018E-01     0.000000000E+00
     2560     1.484957534E+00     2.050524969E-01     0.000000000E+00
     2561     1.554816963E+00     1.640420019E-01     0.000000000E+00
     2562     1.532210392E+00     2.050524970E-01     0.000000000E+00
     2563     1.602361208E+00     1.640420021E-01     0.000000000E+00
     2564     1.579463249E+00     2.050524971E-01     0.000000000E+00
     2565     1.649905453E+00     1.640420022E-01     0.000000000E+00
     2566     1.626716106E+00     2.050524971E-01     0.000000000E+00
     2567     1.673968963E+00     2.050524972E-01     0.000000000E+00
     2568     7.260055142E-01     6.195537809E-02     0.000000000E+00
     2569     7.010468490E-01     7.041231671E-02     0.000000000E+00
     2570     6.750223420E-01     5.937455185E-02     0.000000000E+00
     2571     7.766272448E-01     6.710932725E-02     0.000000000E+00
     2572     7.522132502E-01     7.493518819E-02     0.000000000E+00
     2573     8.266375206E-01     7.479361671E-02     0.000000000E+00
     2574     8.028133198E-01     8.244122773E-02     0.000000000E+00
     2575     8.757862281E-01     8.492913454E-02     0.000000000E+00
     2576     8.525521561E-01     9.284689207E-02     0.000000000E+00
     2577     9.238376841E-01     9.743496002E-02     0.000000000E+00
     2578     9.011487738E-01     1.060703158E-01     0.000000000E+00
     2579     9.705657378E-01     1.121729021E-01     0.000000000E+00
     2580     9.483324267E-01     1.219758796E-01     0.000000000E+00
     2581     1.015750232E+00     1.290206694E-01     0.000000000E+00
     2582     9.938450025E-01     1.404132911E-01     0.000000000E+00
     2583     1.059201084E+00     1.478013660E-01     0.000000000E+00
     2584     1.037441821E+00     1.612129388E-01     0.000000000E+00
     2585     1.102607222E+00     1.693198463E-01     0.000000000E+00
     2586     1.078912699E+00     1.841603925E-01     0.000000000E+00
     2587     1.149479925E+00     1.902721233E-01     0.000000000E+00
     2588     1.123875731E+00     2.101605946E-01     0.000000000E+00
     2589     1.198800198E+00     2.082531740E-01     0.000000000E+00
     2590     1.171893766E+00     2.329041304E-01     0.000000000E+00
     2591     1.250169927E+00     2.229849721E-01     0.000000000E+00
     2592     1.222540291E+00     2.520085469E-01     0.000000000E+00
     2593     1.303155401E+00     2.342190496E-01     0.000000000E+00
     2594     1.275325026E+00     2.671844234E-01     0.000000000E+00
     2595     1.357303277E+00     2.417973703E-01     0.000000000E+00
     2596     1.329729976E+00     2.781836402E-01     0.000000000E+00
     2597     1.412127279E+00     2.455947310E-01     0.000000000E+00
     2598     1.385210051E+00     2.848435241E-01     0.000000000E+00
     2599     1.462933739E+00     2.460629921E-01     0.000000000E+00
     2600     1.441201331E+00     2.870734985E-01     0.000000000E+00
     2601     1.509895208E+00     2.460629921E-01     0.000000000E+00
     2602     1.487871413E+00     2.870734987E-01     0.000000000E+00
     2603     1.556856678E+00     2.460629921E-01     0.000000000E+00
     2604     1.534541494E+00     2.870734989E-01     0.000000000E+00
     2605     1.603818147E+00     2.460629921E-01     0.000000000E+00
     2606     1.581211576E+00     2.870734990E-01     0.000000000E+00
     2607     1.650779616E+00     2.460629921E-01     0.000000000E+00
     2608     1.627881657E+00     2.870734992E-01     0.000000000E+00
     2609     1.674551739E+00     2.870734993E-01     0.000000000E+00
     2610     7.271170210E-01     8.260717190E-02     0.000000000E+00
     2611     7.018270643E-01     9.053012138E-02     0.000000000E+00
     2612     6.753760568E-01     7.916606951E-02     0.000000000E+00
     2613     7.783760630E-01     8.947910484E-02     0.000000000E+00
     2614     7.536953525E-01     9.634524175E-02     0.000000000E+00
     2615     8.288198320E-01     9.972482484E-02     0.000000000E+00
     2616     8.048355002E-01     1.059958639E-01     0.000000000E+00
     2617     8.781148433E-01     1.132388494E-01     0.000000000E+00
     2618     8.548683479E-01     1.193745751E-01     0.000000000E+00
     2619     9.259468524E-01     1.299132842E-01     0.000000000E+00
     2620     9.034326288E-01     1.363761198E-01     0.000000000E+00
     2621     9.720143252E-01     1.495638745E-01     0.000000000E+00
     2622     9.501802408E-01     1.568261302E-01     0.000000000E+00
     2623     1.016023718E+00     1.720275651E-01     0.000000000E+00
     2624     9.947793249E-01     1.805313735E-01     0.000000000E+00
     2625     1.057721589E+00     1.970684951E-01     0.000000000E+00
     2626     1.036915292E+00     2.072737775E-01     0.000000000E+00
     2627     1.099359840E+00     2.257598034E-01     0.000000000E+00
     2628     1.076317908E+00     2.367776465E-01     0.000000000E+00
     2629     1.145620179E+00     2.536961741E-01     0.000000000E+00
     2630     1.120210436E+00     2.702064775E-01     0.000000000E+00
     2631     1.195143944E+00     2.776709097E-01     0.000000000E+00
     2632     1.168030824E+00     2.994481661E-01     0.000000000E+00
     2633     1.247400317E+00     2.973133084E-01     0.000000000E+00
     2634     1.219230701E+00     3.240109872E-01     0.000000000E+00
     2635     1.301811017E+00     3.122920795E-01     0.000000000E+00
     2636     1.273179704E+00     3.435228283E-01     0.000000000E+00
     2637     1.357771588E+00     3.223965081E-01     0.000000000E+00
     2638     1.329211841E+00     3.576646783E-01     0.000000000E+00
     2639     1.414633658E+00     3.274596564E-01     0.000000000E+00
     2640     1.386626281E+00     3.662273861E-01     0.000000000E+00
     2641     1.466139006E+00     3.280840051E-01     0.000000000E+00
     2642     1.444697986E+00     3.690944959E-01     0.000000000E+00
     2643     1.512517699E+00     3.280840055E-01     0.000000000E+00
     2644     1.490785291E+00     3.690944961E-01     0.000000000E+00
     2645     1.558896393E+00     3.280840058E-01     0.000000000E+00
     2646     1.536872597E+00     3.690944963E-01     0.000000000E+00
     2647     1.605275086E+00     3.280840061E-01     0.000000000E+00
     2648     1.582959903E+00     3.690944964E-01     0.000000000E+00
     2649     1.651653780E+00     3.280840063E-01     0.000000000E+00
     2650     1.629047209E+00     3.690944966E-01     0.000000000E+00
     2651     1.675134514E+00     3.690944967E-01     0.000000000E+00
     2652     7.282285278E-01     1.032589635E-01     0.000000000E+00
     2653     7.026072795E-01     1.106479257E-01     0.000000000E+00
     2654     6.757297717E-01     9.895758641E-02     0.000000000E+00
     2655     7.801248812E-01     1.118488787E-01     0.000000000E+00
     2656     7.551774548E-01     1.177552946E-01     0.000000000E+00
     2657     8.310021432E-01     1.246560279E-01     0.000000000E+00
     2658     8.068576805E-01     1.295504990E-01     0.000000000E+00
     2659     8.804434582E-01     1.415485576E-01     0.000000000E+00
     2660     8.571845397E-01     1.459022567E-01     0.000000000E+00
     2661     9.280560205E-01     1.623916000E-01     0.000000000E+00
     2662     9.057164838E-01     1.666819220E-01     0.000000000E+00
     2663     9.734629125E-01     1.869548369E-01     0.000000000E+00
     2664     9.520280547E-01     1.916763786E-01     0.000000000E+00
     2665     1.016297204E+00     2.150344489E-01     0.000000000E+00
     2666     9.957136473E-01     2.206494532E-01     0.000000000E+00
     2667     1.056242094E+00     2.463356100E-01     0.000000000E+00
     2668     1.036388764E+00     2.533346130E-01     0.000000000E+00
     2669     1.096112459E+00     2.821997438E-01     0.000000000E+00
     2670     1.073723118E+00     2.893948966E-01     0.000000000E+00
     2671     1.141760433E+00     3.171202055E-01     0.000000000E+00
     2672     1.116545141E+00     3.302523560E-01     0.000000000E+00
     2673     1.191487691E+00     3.470886234E-01     0.000000000E+00
     2674     1.164167884E+00     3.659921968E-01     0.000000000E+00
     2675     1.244630709E+00     3.716416202E-01     0.000000000E+00
     2676     1.215921111E+00     3.960134217E-01     0.000000000E+00
     2677     1.300466634E+00     3.903650827E-01     0.000000000E+00
     2678     1.271034383E+00     4.198612267E-01     0.000000000E+00
     2679     1.358239898E+00     4.029956172E-01     0.000000000E+00
     2680     1.328693706E+00     4.371457094E-01     0.000000000E+00
     2681     1.417140036E+00     4.093245517E-01     0.000000000E+00
     2682     1.388042511E+00     4.476112406E-01     0.000000000E+00
     2683     1.469344271E+00     4.101049869E-01     0.000000000E+00
     2684     1.448194639E+00     4.511154856E-01     0.000000000E+00
     2685     1.515140189E+00     4.101049869E-01     0.000000000E+00
     2686     1.493699170E+00     4.511154856E-01     0.000000000E+00
     2687     1.560936107E+00     4.101049869E-01     0.000000000E+00
     2688     1.539203700E+00     4.511154856E-01     0.000000000E+00
     2689     1.606732025E+00     4.101049869E-01     0.000000000E+00
     2690     1.584708230E+00     4.511154856E-01     0.000000000E+00
     2691     1.652527943E+00     4.101049869E-01     0.000000000E+00
     2692     1.630212760E+00     4.511154856E-01     0.000000000E+00
     2693     1.675717290E+00     4.511154856E-01     0.000000000E+00
     2694     1.648157126E+00     0.000000000E+00     0.000000000E+00
     2695     1.672512024E+00     0.000000000E+00     7.381889764E-03
     2696     1.599447329E+00     0.000000000E+00     0.000000000E+00
     2697     1.623802227E+00     0.000000000E+00     7.381889764E-03
     2698     1.550737533E+00     0.000000000E+00     0.000000000E+00
     2699     1.575092431E+00     0.000000000E+00     7.381889764E-03
     2700     1.502027736E+00     0.000000000E+00     0.000000000E+00
     2701     1.526382635E+00     0.000000000E+00     7.381889764E-03
     2702     1.453317940E+00     0.000000000E+00     0.000000000E+00
     2703     1.477672838E+00     0.000000000E+00     7.381889764E-03
     2704     1.404608144E+00     0.000000000E+00     0.000000000E+00
     2705     1.428963042E+00     0.000000000E+00     7.381889764E-03
     2706     1.355898347E+00     0.000000000E+00     0.000000000E+00
     2707     1.380253245E+00     0.000000000E+00     7.381889764E-03
     2708     1.307188551E+00     0.000000000E+00     0.000000000E+00
     2709     1.331543449E+00     0.000000000E+00     7.381889764E-03
     2710     1.258478754E+00     0.000000000E+00     0.000000000E+00
     2711     1.282833653E+00     0.000000000E+00     7.381889764E-03
     2712     1.209768958E+00     0.000000000E+00     0.000000000E+00
     2713     1.234123856E+00     0.000000000E+00     7.381889764E-03
     2714     1.161059162E+00     0.000000000E+00     0.000000000E+00
     2715     1.185414060E+00     0.000000000E+00     7.381889764E-03
     2716     1.112349365E+00     0.000000000E+00     0.000000000E+00
     2717     1.136704263E+00     0.000000000E+00     7.381889764E-03
     2718     1.063639569E+00     0.000000000E+00     0.000000000E+00
     2719     1.087994467E+00     0.000000000E+00     7.381889764E-03
     2720     1.014929772E+00     0.000000000E+00     0.000000000E+00
     2721     1.039284670E+00     0.000000000E+00     7.381889764E-03
     2722     9.662199759E-01     0.000000000E+00     0.000000000E+00
     2723     9.905748741E-01     0.000000000E+00     7.381889764E-03
     2724     9.175101795E-01     0.000000000E+00     0.000000000E+00
     2725     9.418650777E-01     0.000000000E+00     7.381889764E-03
     2726     8.688003831E-01     0.000000000E+00     0.000000000E+00
     2727     8.931552813E-01     0.000000000E+00     7.381889764E-03
     2728     8.200905866E-01     0.000000000E+00     0.000000000E+00
     2729     8.444454848E-01     0.000000000E+00     7.381889764E-03
     2730     7.713807902E-01     0.000000000E+00     0.000000000E+00
     2731     7.957356884E-01     0.000000000E+00     7.381889764E-03
     2732     7.226709938E-01     0.000000000E+00     0.000000000E+00
     2733     7.470258920E-01     0.000000000E+00     7.381889764E-03
     2734     6.739611974E-01     0.000000000E+00     0.000000000E+00
     2735     6.983160956E-01     0.000000000E+00     7.381889764E-03
     2736     1.517762680E+00     4.921259843E-01     0.000000000E+00
     2737     1.472549538E+00     4.921259843E-01     0.000000000E+00
     2738     1.495156105E+00     4.921259843E-01     7.381889764E-03
     2739     1.562975822E+00     4.921259843E-01     0.000000000E+00
     2740     1.540369249E+00     4.921259843E-01     7.381889764E-03
     2741     1.608188965E+00     4.921259843E-01     0.000000000E+00
     2742     1.585582391E+00     4.921259843E-01     7.381889764E-03
     2743     1.653402107E+00     4.921259843E-01     0.000000000E+00
     2744     1.630795534E+00     4.921259843E-01     7.381889764E-03
     2745     1.676008677E+00     4.921259843E-01     7.381889764E-03
     2746     1.137900688E+00     3.805442466E-01     0.000000000E+00
     2747     1.092865078E+00     3.386396926E-01     0.000000000E+00
     2748     1.114705411E+00     3.602828969E-01     7.381889764E-03
     2749     1.187831438E+00     4.165063481E-01     0.000000000E+00
     2750     1.162236110E+00     3.992646290E-01     7.381889764E-03
     2751     1.241861100E+00     4.459699442E-01     0.000000000E+00
     2752     1.214262492E+00     4.320216408E-01     7.381889764E-03
     2753     1.299122251E+00     4.684380992E-01     0.000000000E+00
     2754     1.269961188E+00     4.580317815E-01     7.381889764E-03
     2755     1.358708208E+00     4.835947407E-01     0.000000000E+00
     2756     1.328433825E+00     4.768894136E-01     7.381889764E-03
     2757     1.419646415E+00     4.911894620E-01     0.000000000E+00
     2758     1.388750183E+00     4.883066943E-01     7.381889764E-03
     2759     1.449942967E+00     4.921259843E-01     7.381889764E-03
     2760     7.293400346E-01     1.239107562E-01     0.000000000E+00
     2761     6.760834866E-01     1.187491037E-01     0.000000000E+00
     2762     7.029978296E-01     1.207022828E-01     7.381889764E-03
     2763     7.818736994E-01     1.342186545E-01     0.000000000E+00
     2764     7.559185179E-01     1.284602622E-01     7.381889764E-03
     2765     8.331844545E-01     1.495872334E-01     0.000000000E+00
     2766     8.078708855E-01     1.413207633E-01     7.381889764E-03
     2767     8.827720732E-01     1.698582691E-01     0.000000000E+00
     2768     8.583429771E-01     1.591652634E-01     7.381889764E-03
     2769     9.301651887E-01     1.948699200E-01     0.000000000E+00
     2770     9.068618432E-01     1.818283218E-01     7.381889764E-03
     2771     9.749114998E-01     2.243458042E-01     0.000000000E+00
     2772     9.529556227E-01     2.090959501E-01     7.381889764E-03
     2773     1.016570691E+00     2.580413387E-01     0.000000000E+00
     2774     9.961827837E-01     2.407060518E-01     7.381889764E-03
     2775     1.054762599E+00     2.956027321E-01     0.000000000E+00
     2776     1.036133409E+00     2.763569918E-01     7.381889764E-03
     2777     1.072425722E+00     3.157035235E-01     7.381889764E-03
     2778     6.496062992E-01     1.082677165E-01     0.000000000E+00
     2779     6.225393701E-01     1.181102362E-01     0.000000000E+00
     2780     6.496062992E-01     1.181102362E-01     7.381889764E-03
     2781     6.496062992E-01     8.858267717E-02     0.000000000E+00
     2782     6.225393701E-01     9.842519685E-02     0.000000000E+00
     2783     6.496062992E-01     9.842519685E-02     7.381889764E-03
     2784     6.496062992E-01     6.889763780E-02     0.000000000E+00
     2785     6.225393701E-01     7.874015865E-02     0.000000000E+00
     2786     6.496062992E-01     7.874015865E-02     7.381889764E-03
     2787     6.496062992E-01     4.921259843E-02     0.000000000E+00
     2788     6.225393701E-01     5.905511811E-02     0.000000000E+00
     2789     6.496062992E-01     5.905511811E-02     7.381889764E-03
     2790     6.496062992E-01     2.952755906E-02     0.000000000E+00
     2791     6.225393701E-01     3.937007933E-02     0.000000000E+00
     2792     6.496062992E-01     3.937007933E-02     7.381889764E-03
     2793     6.496062992E-01     9.842519685E-03     0.000000000E+00
     2794     6.225393701E-01     0.000000000E+00     0.000000000E+00
     2795     6.496062992E-01     0.000000000E+00     7.381889764E-03
     2796     6.225393701E-01     1.968503937E-02     0.000000000E+00
     2797     6.496062992E-01     1.968503937E-02     7.381889764E-03
     2798     8.120078740E-02     1.968503937E-02     0.000000000E+00
     2799     5.413385827E-02     2.952755964E-02     0.000000000E+00
     2800     5.413385827E-02     9.842519685E-03     0.000000000E+00
     2801     2.706692913E-02     1.968503937E-02     0.000000000E+00
     2802     1.353346457E-01     1.968503937E-02     0.000000000E+00
     2803     1.082677165E-01     2.952755964E-02     0.000000000E+00
     2804     1.082677165E-01     9.842519685E-03     0.000000000E+00
     2805     1.894685063E-01     1.968503937E-02     0.000000000E+00
     2806     1.624015748E-01     2.952755964E-02     0.000000000E+00
     2807     1.624015748E-01     9.842519685E-03     0.000000000E+00
     2808     2.436023646E-01     1.968503937E-02     0.000000000E+00
     2809     2.165354378E-01     2.952755964E-02     0.000000000E+00
     2810     2.165354354E-01     9.842519685E-03     0.000000000E+00
     2811     2.977362205E-01     1.968503937E-02     0.000000000E+00
     2812     2.706692913E-01     2.952755964E-02     0.000000000E+00
     2813     2.706692913E-01     9.842519685E-03     0.000000000E+00
     2814     3.518700787E-01     1.968503937E-02     0.000000000E+00
     2815     3.248031496E-01     2.952755964E-02     0.000000000E+00
     2816     3.248031496E-01     9.842519685E-03     0.000000000E+00
     2817     4.060039417E-01     1.968503937E-02     0.000000000E+00
     2818     3.789370079E-01     2.952755964E-02     0.000000000E+00
     2819     3.789370079E-01     9.842519685E-03     0.000000000E+00
     2820     4.601378000E-01     1.968503937E-02     0.000000000E+00
     2821     4.330708755E-01     2.952755964E-02     0.000000000E+00
     2822     4.330708708E-01     9.842519685E-03     0.000000000E+00
     2823     5.142716535E-01     1.968503937E-02     0.000000000E+00
     2824     4.872047244E-01     2.952755964E-02     0.000000000E+00
     2825     4.872047244E-01     9.842519685E-03     0.000000000E+00
     2826     5.684055118E-01     1.968503937E-02     0.000000000E+00
     2827     5.413385827E-01     2.952755964E-02     0.000000000E+00
     2828     5.413385827E-01     9.842519685E-03     0.000000000E+00
     2829     5.954724409E-01     2.952755964E-02     0.000000000E+00
     2830     5.954724409E-01     9.842519685E-03     0.000000000E+00
     2831     8.120078740E-02     3.937007991E-02     0.000000000E+00
     2832     5.413385827E-02     4.921259901E-02     0.000000000E+00
     2833     2.706692913E-02     3.937007933E-02     0.000000000E+00
     2834     1.353346457E-01     3.937007991E-02     0.000000000E+00
     2835     1.082677165E-01     4.921259901E-02     0.000000000E+00
     2836     1.894685063E-01     3.937007991E-02     0.000000000E+00
     2837     1.624015748E-01     4.921259901E-02     0.000000000E+00
     2838     2.436023646E-01     3.937007991E-02     0.000000000E+00
     2839     2.165354378E-01     4.921259901E-02     0.000000000E+00
     2840     2.977362205E-01     3.937007991E-02     0.000000000E+00
     2841     2.706692913E-01     4.921259901E-02     0.000000000E+00
     2842     3.518700787E-01     3.937007991E-02     0.000000000E+00
     2843     3.248031496E-01     4.921259901E-02     0.000000000E+00
     2844     4.060039417E-01     3.937007991E-02     0.000000000E+00
     2845     3.789370079E-01     4.921259901E-02     0.000000000E+00
     2846     4.601378000E-01     3.937007991E-02     0.000000000E+00
     2847     4.330708755E-01     4.921259901E-02     0.000000000E+00
     2848     5.142716535E-01     3.937007991E-02     0.000000000E+00
     2849     4.872047244E-01     4.921259901E-02     0.000000000E+00
     2850     5.684055118E-01     3.937007991E-02     0.000000000E+00
     2851     5.413385827E-01     4.921259901E-02     0.000000000E+00
     2852     5.954724409E-01     4.921259901E-02     0.000000000E+00
     2853     8.120078740E-02     5.905511811E-02     0.000000000E+00
     2854     5.413385827E-02     6.889763897E-02     0.000000000E+00
     2855     2.706692913E-02     5.905511811E-02     0.000000000E+00
     2856     1.353346457E-01     5.905511811E-02     0.000000000E+00
     2857     1.082677165E-01     6.889763897E-02     0.000000000E+00
     2858     1.894685063E-01     5.905511811E-02     0.000000000E+00
     2859     1.624015748E-01     6.889763897E-02     0.000000000E+00
     2860     2.436023646E-01     5.905511811E-02     0.000000000E+00
     2861     2.165354378E-01     6.889763897E-02     0.000000000E+00
     2862     2.977362205E-01     5.905511811E-02     0.000000000E+00
     2863     2.706692913E-01     6.889763897E-02     0.000000000E+00
     2864     3.518700787E-01     5.905511811E-02     0.000000000E+00
     2865     3.248031496E-01     6.889763897E-02     0.000000000E+00
     2866     4.060039417E-01     5.905511811E-02     0.000000000E+00
     2867     3.789370079E-01     6.889763897E-02     0.000000000E+00
     2868     4.601378000E-01     5.905511811E-02     0.000000000E+00
     2869     4.330708755E-01     6.889763897E-02     0.000000000E+00
     2870     5.142716535E-01     5.905511811E-02     0.000000000E+00
     2871     4.872047244E-01     6.889763897E-02     0.000000000E+00
     2872     5.684055118E-01     5.905511811E-02     0.000000000E+00
     2873     5.413385827E-01     6.889763897E-02     0.000000000E+00
     2874     5.954724409E-01     6.889763897E-02     0.000000000E+00
     2875     8.120078740E-02     7.874015983E-02     0.000000000E+00
     2876     5.413385827E-02     8.858267834E-02     0.000000000E+00
     2877     2.706692913E-02     7.874015865E-02     0.000000000E+00
     2878     1.353346457E-01     7.874015983E-02     0.000000000E+00
     2879     1.082677165E-01     8.858267834E-02     0.000000000E+00
     2880     1.894685063E-01     7.874015983E-02     0.000000000E+00
     2881     1.624015748E-01     8.858267834E-02     0.000000000E+00
     2882     2.436023646E-01     7.874015983E-02     0.000000000E+00
     2883     2.165354378E-01     8.858267834E-02     0.000000000E+00
     2884     2.977362205E-01     7.874015983E-02     0.000000000E+00
     2885     2.706692913E-01     8.858267834E-02     0.000000000E+00
     2886     3.518700787E-01     7.874015983E-02     0.000000000E+00
     2887     3.248031496E-01     8.858267834E-02     0.000000000E+00
     2888     4.060039417E-01     7.874015983E-02     0.000000000E+00
     2889     3.789370079E-01     8.858267834E-02     0.000000000E+00
     2890     4.601378000E-01     7.874015983E-02     0.000000000E+00
     2891     4.330708755E-01     8.858267834E-02     0.000000000E+00
     2892     5.142716535E-01     7.874015983E-02     0.000000000E+00
     2893     4.872047244E-01     8.858267834E-02     0.000000000E+00
     2894     5.684055118E-01     7.874015983E-02     0.000000000E+00
     2895     5.413385827E-01     8.858267834E-02     0.000000000E+00
     2896     5.954724409E-01     8.858267834E-02     0.000000000E+00
     2897     8.120078740E-02     9.842519685E-02     0.000000000E+00
     2898     5.413385827E-02     1.082677165E-01     0.000000000E+00
     2899     2.706692913E-02     9.842519685E-02     0.000000000E+00
     2900     1.353346457E-01     9.842519685E-02     0.000000000E+00
     2901     1.082677165E-01     1.082677165E-01     0.000000000E+00
     2902     1.894685063E-01     9.842519685E-02     0.000000000E+00
     2903     1.624015748E-01     1.082677165E-01     0.000000000E+00
     2904     2.436023646E-01     9.842519685E-02     0.000000000E+00
     2905     2.165354354E-01     1.082677165E-01     0.000000000E+00
     2906     2.977362205E-01     9.842519685E-02     0.000000000E+00
     2907     2.706692913E-01     1.082677165E-01     0.000000000E+00
     2908     3.518700787E-01     9.842519685E-02     0.000000000E+00
     2909     3.248031496E-01     1.082677165E-01     0.000000000E+00
     2910     4.060039417E-01     9.842519685E-02     0.000000000E+00
     2911     3.789370079E-01     1.082677165E-01     0.000000000E+00
     2912     4.601378000E-01     9.842519685E-02     0.000000000E+00
     2913     4.330708708E-01     1.082677165E-01     0.000000000E+00
     2914     5.142716535E-01     9.842519685E-02     0.000000000E+00
     2915     4.872047244E-01     1.082677165E-01     0.000000000E+00
     2916     5.684055118E-01     9.842519685E-02     0.000000000E+00
     2917     5.413385827E-01     1.082677165E-01     0.000000000E+00
     2918     5.954724409E-01     1.082677165E-01     0.000000000E+00
     2919     5.684055118E-01     0.000000000E+00     0.000000000E+00
     2920     5.954724409E-01     0.000000000E+00     7.381889764E-03
     2921     5.142716535E-01     0.000000000E+00     0.000000000E+00
     2922     5.413385827E-01     0.000000000E+00     7.381889764E-03
     2923     4.601377953E-01     0.000000000E+00     0.000000000E+00
     2924     4.872047244E-01     0.000000000E+00     7.381889764E-03
     2925     4.060039370E-01     0.000000000E+00     0.000000000E+00
     2926     4.330708708E-01     0.000000000E+00     7.381889764E-03
     2927     3.518700787E-01     0.000000000E+00     0.000000000E+00
     2928     3.789370079E-01     0.000000000E+00     7.381889764E-03
     2929     2.977362205E-01     0.000000000E+00     0.000000000E+00
     2930     3.248031496E-01     0.000000000E+00     7.381889764E-03
     2931     2.436023622E-01     0.000000000E+00     0.000000000E+00
     2932     2.706692913E-01     0.000000000E+00     7.381889764E-03
     2933     1.894685039E-01     0.000000000E+00     0.000000000E+00
     2934     2.165354354E-01     0.000000000E+00     7.381889764E-03
     2935     1.353346457E-01     0.000000000E+00     0.000000000E+00
     2936     1.624015748E-01     0.000000000E+00     7.381889764E-03
     2937     8.120078740E-02     0.000000000E+00     0.000000000E+00
     2938     1.082677165E-01     0.000000000E+00     7.381889764E-03
     2939     2.706692913E-02     0.000000000E+00     0.000000000E+00
     2940     5.413385827E-02     0.000000000E+00     7.381889764E-03
     2941     8.120078740E-02     1.181102362E-01     0.000000000E+00
     2942     2.706692913E-02     1.181102362E-01     0.000000000E+00
     2943     5.413385827E-02     1.181102362E-01     7.381889764E-03
     2944     1.353346457E-01     1.181102362E-01     0.000000000E+00
     2945     1.082677165E-01     1.181102362E-01     7.381889764E-03
     2946     1.894685039E-01     1.181102362E-01     0.000000000E+00
     2947     1.624015748E-01     1.181102362E-01     7.381889764E-03
     2948     2.436023622E-01     1.181102362E-01     0.000000000E+00
     2949     2.165354284E-01     1.181102362E-01     7.381889764E-03
     2950     2.977362205E-01     1.181102362E-01     0.000000000E+00
     2951     2.706692913E-01     1.181102362E-01     7.381889764E-03
     2952     3.518700787E-01     1.181102362E-01     0.000000000E+00
     2953     3.248031496E-01     1.181102362E-01     7.381889764E-03
     2954     4.060039370E-01     1.181102362E-01     0.000000000E+00
     2955     3.789370079E-01     1.181102362E-01     7.381889764E-03
     2956     4.601377953E-01     1.181102362E-01     0.000000000E+00
     2957     4.330708638E-01     1.181102362E-01     7.381889764E-03
     2958     5.142716535E-01     1.181102362E-01     0.000000000E+00
     2959     4.872047244E-01     1.181102362E-01     7.381889764E-03
     2960     5.684055118E-01     1.181102362E-01     0.000000000E+00
     2961     5.413385827E-01     1.181102362E-01     7.381889764E-03
     2962     5.954724409E-01     1.181102362E-01     7.381889764E-03
     2963     0.000000000E+00     9.842519685E-03     0.000000000E+00
     2964     0.000000000E+00     0.000000000E+00     7.381889764E-03
     2965     0.000000000E+00     2.952755906E-02     0.000000000E+00
     2966     0.000000000E+00     1.968503937E-02     7.381889764E-03
     2967     0.000000000E+00     4.921259843E-02     0.000000000E+00
     2968     0.000000000E+00     3.937007757E-02     7.381889764E-03
     2969     0.000000000E+00     6.889763780E-02     0.000000000E+00
     2970     0.000000000E+00     5.905511811E-02     7.381889764E-03
     2971     0.000000000E+00     8.858267717E-02     0.000000000E+00
     2972     0.000000000E+00     7.874015689E-02     7.381889764E-03
     2973     0.000000000E+00     1.082677165E-01     0.000000000E+00
     2974     0.000000000E+00     9.842519685E-02     7.381889764E-03
     2975     0.000000000E+00     1.181102362E-01     7.381889764E-03
     2976     2.182395869E+00     4.921259843E-01     1.476377953E-02
     2977     2.209523756E+00     4.921259843E-01     2.214566929E-02
     2978     2.236651641E+00     4.921259843E-01     1.476377953E-02
     2979     2.128140096E+00     4.921259843E-01     1.476377953E-02
     2980     2.155267984E+00     4.921259843E-01     2.214566929E-02
     2981     2.073884324E+00     4.921259843E-01     1.476377953E-02
     2982     2.101012213E+00     4.921259843E-01     2.214566929E-02
     2983     2.019628551E+00     4.921259843E-01     1.476377953E-02
     2984     2.046756441E+00     4.921259843E-01     2.214566929E-02
     2985     1.965372779E+00     4.921259843E-01     1.476377953E-02
     2986     1.992500670E+00     4.921259843E-01     2.214566929E-02
     2987     1.911117007E+00     4.921259843E-01     1.476377953E-02
     2988     1.938244898E+00     4.921259843E-01     2.214566929E-02
     2989     1.856861234E+00     4.921259843E-01     1.476377953E-02
     2990     1.883989126E+00     4.921259843E-01     2.214566929E-02
     2991     1.802605462E+00     4.921259843E-01     1.476377953E-02
     2992     1.829733355E+00     4.921259843E-01     2.214566929E-02
     2993     1.775477583E+00     4.921259843E-01     2.214566929E-02
     2994     1.748349698E+00     4.921259843E-01     1.476377953E-02
     2995     1.802605476E+00     4.921259843E-01     2.952755906E-02
     2996     1.748349706E+00     4.921259843E-01     2.952755906E-02
     2997     1.856861247E+00     4.921259843E-01     2.952755906E-02
     2998     1.911117018E+00     4.921259843E-01     2.952755906E-02
     2999     1.965372789E+00     4.921259843E-01     2.952755906E-02
     3000     2.019628559E+00     4.921259843E-01     2.952755906E-02
     3001     2.073884330E+00     4.921259843E-01     2.952755906E-02
     3002     2.128140101E+00     4.921259843E-01     2.952755906E-02
     3003     2.182395871E+00     4.921259843E-01     2.952755906E-02
     3004     2.236651642E+00     4.921259843E-01     2.952755906E-02
     3005     1.721221820E+00     4.921259843E-01     2.214566929E-02
     3006     1.721221820E+00     4.511154856E-01     2.952755906E-02
     3007     1.698615249E+00     4.921259843E-01     2.952755906E-02
     3008     1.721221820E+00     4.511154840E-01     1.476377953E-02
     3009     1.698615248E+00     4.921259843E-01     1.476377953E-02
     3010     2.263779528E+00     4.921259843E-01     2.214566929E-02
     3011     2.263779528E+00     4.511154934E-01     1.476377953E-02
     3012     2.263779528E+00     4.511154856E-01     2.952755906E-02
     3013     2.263779528E+00     1.230314976E-01     1.476377953E-02
     3014     2.263779528E+00     8.202099894E-02     2.214566929E-02
     3015     2.263779528E+00     4.101050025E-02     1.476377953E-02
     3016     2.263779528E+00     2.050524981E-01     1.476377953E-02
     3017     2.263779528E+00     1.640419948E-01     2.214566929E-02
     3018     2.263779528E+00     2.870734955E-01     1.476377953E-02
     3019     2.263779528E+00     2.460629968E-01     2.214566929E-02
     3020     2.263779528E+00     3.690944960E-01     1.476377953E-02
     3021     2.263779528E+00     3.280839895E-01     2.214566929E-02
     3022     2.263779528E+00     4.101049947E-01     2.214566929E-02
     3023     2.263779528E+00     3.690944882E-01     2.952755906E-02
     3024     2.263779528E+00     2.870734908E-01     2.952755906E-02
     3025     2.263779528E+00     2.050524934E-01     2.952755906E-02
     3026     2.263779528E+00     1.230314961E-01     2.952755906E-02
     3027     2.263779528E+00     4.101049869E-02     2.952755906E-02
     3028     2.263779528E+00     0.000000000E+00     2.214566929E-02
     3029     2.236651642E+00     0.000000000E+00     2.952755906E-02
     3030     2.236651650E+00     0.000000000E+00     1.476377953E-02
     3031     2.182395886E+00     0.000000000E+00     1.476377953E-02
     3032     2.209523765E+00     0.000000000E+00     2.214566929E-02
     3033     2.128140114E+00     0.000000000E+00     1.476377953E-02
     3034     2.155267993E+00     0.000000000E+00     2.214566929E-02
     3035     2.073884341E+00     0.000000000E+00     1.476377953E-02
     3036     2.101012221E+00     0.000000000E+00     2.214566929E-02
     3037     2.019628569E+00     0.000000000E+00     1.476377953E-02
     3038     2.046756450E+00     0.000000000E+00     2.214566929E-02
     3039     1.965372796E+00     0.000000000E+00     1.476377953E-02
     3040     1.992500678E+00     0.000000000E+00     2.214566929E-02
     3041     1.911117024E+00     0.000000000E+00     1.476377953E-02
     3042     1.938244907E+00     0.000000000E+00     2.214566929E-02
     3043     1.856861251E+00     0.000000000E+00     1.476377953E-02
     3044     1.883989135E+00     0.000000000E+00     2.214566929E-02
     3045     1.802605479E+00     0.000000000E+00     1.476377953E-02
     3046     1.829733363E+00     0.000000000E+00     2.214566929E-02
     3047     1.775477592E+00     0.000000000E+00     2.214566929E-02
     3048     1.748349706E+00     0.000000000E+00     1.476377953E-02
     3049     2.182395871E+00     0.000000000E+00     2.952755906E-02
     3050     2.128140101E+00     0.000000000E+00     2.952755906E-02
     3051     2.073884330E+00     0.000000000E+00     2.952755906E-02
     3052     2.019628559E+00     0.000000000E+00     2.952755906E-02
     3053     1.965372789E+00     0.000000000E+00     2.952755906E-02
     3054     1.911117018E+00     0.000000000E+00     2.952755906E-02
     3055     1.856861247E+00     0.000000000E+00     2.952755906E-02
     3056     1.802605476E+00     0.000000000E+00     2.952755906E-02
     3057     1.748349706E+00     0.000000000E+00     2.952755906E-02
     3058     1.721221820E+00     0.000000000E+00     2.214566929E-02
     3059     1.721221820E+00     4.101049869E-02     2.952755906E-02
     3060     1.696866922E+00     0.000000000E+00     2.952755906E-02
     3061     1.721221820E+00     4.101049087E-02     1.476377953E-02
     3062     1.696866922E+00     0.000000000E+00     1.476377953E-02
     3063     1.721221820E+00     1.230314882E-01     1.476377953E-02
     3064     1.721221820E+00     8.202098955E-02     2.214566929E-02
     3065     1.721221820E+00     2.050524887E-01     1.476377953E-02
     3066     1.721221820E+00     1.640419948E-01     2.214566929E-02
     3067     1.721221820E+00     2.870734861E-01     1.476377953E-02
     3068     1.721221820E+00     2.460629874E-01     2.214566929E-02
     3069     1.721221820E+00     3.690944866E-01     1.476377953E-02
     3070     1.721221820E+00     3.280839895E-01     2.214566929E-02
     3071     1.721221820E+00     4.101049853E-01     2.214566929E-02
     3072     1.721221820E+00     1.230314961E-01     2.952755906E-02
     3073     1.721221820E+00     2.050524934E-01     2.952755906E-02
     3074     1.721221820E+00     2.870734908E-01     2.952755906E-02
     3075     1.721221820E+00     3.690944882E-01     2.952755906E-02
     3076     1.016577444E+00     2.580337711E-01     1.476377953E-02
     3077     1.036133409E+00     2.763569918E-01     2.214566929E-02
     3078     1.054766470E+00     2.955991612E-01     1.476377953E-02
     3079     9.749118240E-01     2.243453608E-01     1.476377953E-02
     3080     9.961827837E-01     2.407060518E-01     2.214566929E-02
     3081     9.301705616E-01     1.948608355E-01     1.476377953E-02
     3082     9.529556227E-01     2.090959501E-01     2.214566929E-02
     3083     8.827724334E-01     1.698574976E-01     1.476377953E-02
     3084     9.068618432E-01     1.818283218E-01     2.214566929E-02
     3085     8.331866637E-01     1.495809795E-01     1.476377953E-02
     3086     8.583429771E-01     1.591652634E-01     2.214566929E-02
     3087     7.818743892E-01     1.342158673E-01     1.476377953E-02
     3088     8.078708855E-01     1.413207633E-01     2.214566929E-02
     3089     7.293404492E-01     1.239079203E-01     1.476377953E-02
     3090     7.559185179E-01     1.284602622E-01     2.214566929E-02
     3091     7.029978296E-01     1.207022828E-01     2.214566929E-02
     3092     6.760836092E-01     1.187465542E-01     1.476377953E-02
     3093     7.293400346E-01     1.239107562E-01     2.952755906E-02
     3094     6.760834866E-01     1.187491037E-01     2.952755906E-02
     3095     7.818736994E-01     1.342186545E-01     2.952755906E-02
     3096     8.331844545E-01     1.495872334E-01     2.952755906E-02
     3097     8.827720732E-01     1.698582691E-01     2.952755906E-02
     3098     9.301651887E-01     1.948699200E-01     2.952755906E-02
     3099     9.749114998E-01     2.243458042E-01     2.952755906E-02
     3100     1.016570691E+00     2.580413387E-01     2.952755906E-02
     3101     1.054762599E+00     2.956027321E-01     2.952755906E-02
     3102     6.496062992E-01     1.181102362E-01     2.214566929E-02
     3103     6.496062992E-01     1.082677165E-01     2.952755906E-02
     3104     6.225393701E-01     1.181102362E-01     2.952755906E-02
     3105     6.496062992E-01     1.082677165E-01     1.476377953E-02
     3106     6.225393701E-01     1.181102362E-01     1.476377953E-02
     3107     1.072425722E+00     3.157035235E-01     2.214566929E-02
     3108     1.092860262E+00     3.386442477E-01     1.476377953E-02
     3109     1.092865078E+00     3.386396926E-01     2.952755906E-02
     3110     1.358708144E+00     4.835950697E-01     1.476377953E-02
     3111     1.388750183E+00     4.883066943E-01     2.214566929E-02
     3112     1.419646225E+00     4.911925202E-01     1.476377953E-02
     3113     1.299120117E+00     4.684447166E-01     1.476377953E-02
     3114     1.328433825E+00     4.768894136E-01     2.214566929E-02
     3115     1.241860782E+00     4.459706142E-01     1.476377953E-02
     3116     1.269961188E+00     4.580317815E-01     2.214566929E-02
     3117     1.187827107E+00     4.165132178E-01     1.476377953E-02
     3118     1.214262492E+00     4.320216408E-01     2.214566929E-02
     3119     1.137898313E+00     3.805471307E-01     1.476377953E-02
     3120     1.162236110E+00     3.992646290E-01     2.214566929E-02
     3121     1.114705411E+00     3.602828969E-01     2.214566929E-02
     3122     1.137900688E+00     3.805442466E-01     2.952755906E-02
     3123     1.187831438E+00     4.165063481E-01     2.952755906E-02
     3124     1.241861100E+00     4.459699442E-01     2.952755906E-02
     3125     1.299122251E+00     4.684380992E-01     2.952755906E-02
     3126     1.358708208E+00     4.835947407E-01     2.952755906E-02
     3127     1.419646415E+00     4.911894620E-01     2.952755906E-02
     3128     1.449942967E+00     4.921259843E-01     2.214566929E-02
     3129     1.472549534E+00     4.921259843E-01     1.476377953E-02
     3130     1.472549538E+00     4.921259843E-01     2.952755906E-02
     3131     1.517762674E+00     4.921259843E-01     1.476377953E-02
     3132     1.495156105E+00     4.921259843E-01     2.214566929E-02
     3133     1.562975818E+00     4.921259843E-01     1.476377953E-02
     3134     1.540369249E+00     4.921259843E-01     2.214566929E-02
     3135     1.608188961E+00     4.921259843E-01     1.476377953E-02
     3136     1.585582391E+00     4.921259843E-01     2.214566929E-02
     3137     1.653402105E+00     4.921259843E-01     1.476377953E-02
     3138     1.630795534E+00     4.921259843E-01     2.214566929E-02
     3139     1.676008677E+00     4.921259843E-01     2.214566929E-02
     3140     1.517762680E+00     4.921259843E-01     2.952755906E-02
     3141     1.562975822E+00     4.921259843E-01     2.952755906E-02
     3142     1.608188965E+00     4.921259843E-01     2.952755906E-02
     3143     1.653402107E+00     4.921259843E-01     2.952755906E-02
     3144     7.226709938E-01     0.000000000E+00     1.476377953E-02
     3145     6.983160956E-01     0.000000000E+00     2.214566929E-02
     3146     6.739611974E-01     0.000000000E+00     1.476377953E-02
     3147     7.713807902E-01     0.000000000E+00     1.476377953E-02
     3148     7.470258920E-01     0.000000000E+00     2.214566929E-02
     3149     8.200905866E-01     0.000000000E+00     1.476377953E-02
     3150     7.957356884E-01     0.000000000E+00     2.214566929E-02
     3151     8.688003831E-01     0.000000000E+00     1.476377953E-02
     3152     8.444454848E-01     0.000000000E+00     2.214566929E-02
     3153     9.175101795E-01     0.000000000E+00     1.476377953E-02
     3154     8.931552813E-01     0.000000000E+00     2.214566929E-02
     3155     9.662199759E-01     0.000000000E+00     1.476377953E-02
     3156     9.418650777E-01     0.000000000E+00     2.214566929E-02
     3157     1.014929772E+00     0.000000000E+00     1.476377953E-02
     3158     9.905748741E-01     0.000000000E+00     2.214566929E-02
     3159     1.063639569E+00     0.000000000E+00     1.476377953E-02
     3160     1.039284670E+00     0.000000000E+00     2.214566929E-02
     3161     1.112349365E+00     0.000000000E+00     1.476377953E-02
     3162     1.087994467E+00     0.000000000E+00     2.214566929E-02
     3163     1.161059162E+00     0.000000000E+00     1.476377953E-02
     3164     1.136704263E+00     0.000000000E+00     2.214566929E-02
     3165     1.209768958E+00     0.000000000E+00     1.476377953E-02
     3166     1.185414060E+00     0.000000000E+00     2.214566929E-02
     3167     1.258478754E+00     0.000000000E+00     1.476377953E-02
     3168     1.234123856E+00     0.000000000E+00     2.214566929E-02
     3169     1.307188551E+00     0.000000000E+00     1.476377953E-02
     3170     1.282833653E+00     0.000000000E+00     2.214566929E-02
     3171     1.355898347E+00     0.000000000E+00     1.476377953E-02
     3172     1.331543449E+00     0.000000000E+00     2.214566929E-02
     3173     1.404608144E+00     0.000000000E+00     1.476377953E-02
     3174     1.380253245E+00     0.000000000E+00     2.214566929E-02
     3175     1.453317940E+00     0.000000000E+00     1.476377953E-02
     3176     1.428963042E+00     0.000000000E+00     2.214566929E-02
     3177     1.502027736E+00     0.000000000E+00     1.476377953E-02
     3178     1.477672838E+00     0.000000000E+00     2.214566929E-02
     3179     1.550737533E+00     0.000000000E+00     1.476377953E-02
     3180     1.526382635E+00     0.000000000E+00     2.214566929E-02
     3181     1.599447329E+00     0.000000000E+00     1.476377953E-02
     3182     1.575092431E+00     0.000000000E+00     2.214566929E-02
     3183     1.648157126E+00     0.000000000E+00     1.476377953E-02
     3184     1.623802227E+00     0.000000000E+00     2.214566929E-02
     3185     1.672512024E+00     0.000000000E+00     2.214566929E-02
     3186     1.648157126E+00     0.000000000E+00     2.952755906E-02
     3187     1.599447329E+00     0.000000000E+00     2.952755906E-02
     3188     1.550737533E+00     0.000000000E+00     2.952755906E-02
     3189     1.502027736E+00     0.000000000E+00     2.952755906E-02
     3190     1.453317940E+00     0.000000000E+00     2.952755906E-02
     3191     1.404608144E+00     0.000000000E+00     2.952755906E-02
     3192     1.355898347E+00     0.000000000E+00     2.952755906E-02
     3193     1.307188551E+00     0.000000000E+00     2.952755906E-02
     3194     1.258478754E+00     0.000000000E+00     2.952755906E-02
     3195     1.209768958E+00     0.000000000E+00     2.952755906E-02
     3196     1.161059162E+00     0.000000000E+00     2.952755906E-02
     3197     1.112349365E+00     0.000000000E+00     2.952755906E-02
     3198     1.063639569E+00     0.000000000E+00     2.952755906E-02
     3199     1.014929772E+00     0.000000000E+00     2.952755906E-02
     3200     9.662199759E-01     0.000000000E+00     2.952755906E-02
     3201     9.175101795E-01     0.000000000E+00     2.952755906E-02
     3202     8.688003831E-01     0.000000000E+00     2.952755906E-02
     3203     8.200905866E-01     0.000000000E+00     2.952755906E-02
     3204     7.713807902E-01     0.000000000E+00     2.952755906E-02
     3205     7.226709938E-01     0.000000000E+00     2.952755906E-02
     3206     6.739611974E-01     0.000000000E+00     2.952755906E-02
     3207     6.496062992E-01     0.000000000E+00     2.214566929E-02
     3208     6.496062992E-01     9.842519685E-03     2.952755906E-02
     3209     6.225393701E-01     0.000000000E+00     2.952755906E-02
     3210     6.496062992E-01     9.842519685E-03     1.476377953E-02
     3211     6.225393701E-01     0.000000000E+00     1.476377953E-02
     3212     6.496062992E-01     2.952755964E-02     1.476377953E-02
     3213     6.496062992E-01     1.968503937E-02     2.214566929E-02
     3214     6.496062992E-01     4.921259901E-02     1.476377953E-02
     3215     6.496062992E-01     3.937007933E-02     2.214566929E-02
     3216     6.496062992E-01     6.889763897E-02     1.476377953E-02
     3217     6.496062992E-01     5.905511811E-02     2.214566929E-02
     3218     6.496062992E-01     8.858267834E-02     1.476377953E-02
     3219     6.496062992E-01     7.874015865E-02     2.214566929E-02
     3220     6.496062992E-01     9.842519685E-02     2.214566929E-02
     3221     6.496062992E-01     8.858267717E-02     2.952755906E-02
     3222     6.496062992E-01     6.889763780E-02     2.952755906E-02
     3223     6.496062992E-01     4.921259843E-02     2.952755906E-02
     3224     6.496062992E-01     2.952755906E-02     2.952755906E-02
     3225     0.000000000E+00     8.858267658E-02     1.476377953E-02
     3226     0.000000000E+00     9.842519685E-02     2.214566929E-02
     3227     0.000000000E+00     1.082677165E-01     1.476377953E-02
     3228     0.000000000E+00     6.889763721E-02     1.476377953E-02
     3229     0.000000000E+00     7.874015689E-02     2.214566929E-02
     3230     0.000000000E+00     4.921259725E-02     1.476377953E-02
     3231     0.000000000E+00     5.905511811E-02     2.214566929E-02
     3232     0.000000000E+00     2.952755788E-02     1.476377953E-02
     3233     0.000000000E+00     3.937007757E-02     2.214566929E-02
     3234     0.000000000E+00     1.968503937E-02     2.214566929E-02
     3235     0.000000000E+00     9.842519685E-03     1.476377953E-02
     3236     0.000000000E+00     2.952755906E-02     2.952755906E-02
     3237     0.000000000E+00     9.842519685E-03     2.952755906E-02
     3238     0.000000000E+00     4.921259843E-02     2.952755906E-02
     3239     0.000000000E+00     6.889763780E-02     2.952755906E-02
     3240     0.000000000E+00     8.858267717E-02     2.952755906E-02
     3241     0.000000000E+00     1.082677165E-01     2.952755906E-02
     3242     0.000000000E+00     0.000000000E+00     2.214566929E-02
     3243     2.706692913E-02     0.000000000E+00     2.952755906E-02
     3244     2.706692913E-02     0.000000000E+00     1.476377953E-02
     3245     0.000000000E+00     1.181102362E-01     2.214566929E-02
     3246     2.706692913E-02     1.181102362E-01     1.476377953E-02
     3247     2.706692913E-02     1.181102362E-01     2.952755906E-02
     3248     8.120078740E-02     1.181102362E-01     1.476377953E-02
     3249     5.413385827E-02     1.181102362E-01     2.214566929E-02
     3250     1.353346457E-01     1.181102362E-01     1.476377953E-02
     3251     1.082677165E-01     1.181102362E-01     2.214566929E-02
     3252     1.894684992E-01     1.181102362E-01     1.476377953E-02
     3253     1.624015748E-01     1.181102362E-01     2.214566929E-02
     3254     2.436023575E-01     1.181102362E-01     1.476377953E-02
     3255     2.165354284E-01     1.181102362E-01     2.214566929E-02
     3256     2.977362205E-01     1.181102362E-01     1.476377953E-02
     3257     2.706692913E-01     1.181102362E-01     2.214566929E-02
     3258     3.518700787E-01     1.181102362E-01     1.476377953E-02
     3259     3.248031496E-01     1.181102362E-01     2.214566929E-02
     3260     4.060039347E-01     1.181102362E-01     1.476377953E-02
     3261     3.789370079E-01     1.181102362E-01     2.214566929E-02
     3262     4.601377929E-01     1.181102362E-01     1.476377953E-02
     3263     4.330708638E-01     1.181102362E-01     2.214566929E-02
     3264     5.142716535E-01     1.181102362E-01     1.476377953E-02
     3265     4.872047244E-01     1.181102362E-01     2.214566929E-02
     3266     5.684055118E-01     1.181102362E-01     1.476377953E-02
     3267     5.413385827E-01     1.181102362E-01     2.214566929E-02
     3268     5.954724409E-01     1.181102362E-01     2.214566929E-02
     3269     8.120078740E-02     1.181102362E-01     2.952755906E-02
     3270     1.353346457E-01     1.181102362E-01     2.952755906E-02
     3271     1.894685039E-01     1.181102362E-01     2.952755906E-02
     3272     2.436023622E-01     1.181102362E-01     2.952755906E-02
     3273     2.977362205E-01     1.181102362E-01     2.952755906E-02
     3274     3.518700787E-01     1.181102362E-01     2.952755906E-02
     3275     4.060039370E-01     1.181102362E-01     2.952755906E-02
     3276     4.601377953E-01     1.181102362E-01     2.952755906E-02
     3277     5.142716535E-01     1.181102362E-01     2.952755906E-02
     3278     5.684055118E-01     1.181102362E-01     2.952755906E-02
     3279     8.120078740E-02     0.000000000E+00     1.476377953E-02
     3280     5.413385827E-02     0.000000000E+00     2.214566929E-02
     3281     1.353346457E-01     0.000000000E+00     1.476377953E-02
     3282     1.082677165E-01     0.000000000E+00     2.214566929E-02
     3283     1.894685063E-01     0.000000000E+00     1.476377953E-02
     3284     1.624015748E-01     0.000000000E+00     2.214566929E-02
     3285     2.436023646E-01     0.000000000E+00     1.476377953E-02
     3286     2.165354354E-01     0.000000000E+00     2.214566929E-02
     3287     2.977362205E-01     0.000000000E+00     1.476377953E-02
     3288     2.706692913E-01     0.000000000E+00     2.214566929E-02
     3289     3.518700787E-01     0.000000000E+00     1.476377953E-02
     3290     3.248031496E-01     0.000000000E+00     2.214566929E-02
     3291     4.060039417E-01     0.000000000E+00     1.476377953E-02
     3292     3.789370079E-01     0.000000000E+00     2.214566929E-02
     3293     4.601378000E-01     0.000000000E+00     1.476377953E-02
     3294     4.330708708E-01     0.000000000E+00     2.214566929E-02
     3295     5.142716535E-01     0.000000000E+00     1.476377953E-02
     3296     4.872047244E-01     0.000000000E+00     2.214566929E-02
     3297     5.684055118E-01     0.000000000E+00     1.476377953E-02
     3298     5.413385827E-01     0.000000000E+00     2.214566929E-02
     3299     5.954724409E-01     0.000000000E+00     2.214566929E-02
     3300     5.684055118E-01     0.000000000E+00     2.952755906E-02
     3301     5.142716535E-01     0.000000000E+00     2.952755906E-02
     3302     4.601377953E-01     0.000000000E+00     2.952755906E-02
     3303     4.060039370E-01     0.000000000E+00     2.952755906E-02
     3304     3.518700787E-01     0.000000000E+00     2.952755906E-02
     3305     2.977362205E-01     0.000000000E+00     2.952755906E-02
     3306     2.436023622E-01     0.000000000E+00     2.952755906E-02
     3307     1.894685039E-01     0.000000000E+00     2.952755906E-02
     3308     1.353346457E-01     0.000000000E+00     2.952755906E-02
     3309     8.120078740E-02     0.000000000E+00     2.952755906E-02
-1
/wb,elem,start            !  set before creation of elements
/com,*********** Elements for Body 1 'Solid' ***********
et,1,186
keyo,1,2,1          ! set full integration on SOLID186
MAT,1 $ TYPE,1 $ REAL,1 $ SECNUM,1 $ ESYS,0    ! ELEMNODES = 20
eblock,21,COMPACT,,120
(21i9)
        1        1      752      746      726      250      753      747      743      951     3011     2978      950     1925     3012     3004     1924      948     3022     3010     2977
        2        1      726      746      752      411      479      480      465      950     2978     3011      951     2291     2440     2412     2290      949     2441     2442     2413
        3        1       10      751      752      250      241      754      753      947      996     3020      951     1905     1906     3023     1925      948      994     3021     3022
        4        1      752      751       10      411      465      466      420      951     3020      996      947     2290     2411     2318     2289      949     2413     2415      995
        5       10       19      750      751      241      232      755      754      993     1033     3018      996     1886     1887     3024     1906      994     1031     3019     3021
        6       10      751      750       19      420      466      467      429      996     3018     1033      993     2318     2414     2337     2317      995     2415     2417     1032
        7       19       28      749      750      232      223      756      755     1030     1070     3016     1033     1867     1868     3025     1887     1031     1068     3017     3019
        8       19      750      749       28      429      467      468      438     1033     3016     1070     1030     2337     2416     2356     2336     1032     2417     2419     1069
        9       28       37      748      749      223      214      757      756     1067     1106     3013     1070     1847     1848     3026     1868     1068     1104     3014     3017
       10       28      749      748       37      438      468      469      447     1070     3013     1106     1067     2356     2418     2375     2355     1069     2419     2421     1105
       11       37      760      759      748      214      769      758      757     1107     3030     3015     1106     1849     3029     3027     1848     1104     3032     3028     3014
       12       37      748      759      760      447      469      470      456     1106     3015     3030     1107     2375     2420     2393     2374     1105     2421     2422     2394
       13        1      726      727        2      250      743      742      249      950     2976      956      946     1924     3003     1923     1922      948     2977     2980      954
       14        1        2      727      726      411      412      478      479      946      956     2976      950     2288     2294     2438     2291      949      955     2439     2441
       15        1        2       11       10      250      249      240      241      946      953      992      947     1922     1904     1903     1905      948      954      999      994
       16        1       10       11        2      411      420      421      412      947      992      953      946     2289     2316     2293     2288      949      995     1000      955
       17       10       11       20       19      241      240      231      232      992      998     1029      993     1903     1885     1884     1886      994      999     1036     1031
       18       10       19       20       11      420      429      430      421      993     1029      998      992     2317     2335     2320     2316      995     1032     1037     1000
       19       19       20       29       28      232      231      222      223     1029     1035     1066     1030     1884     1866     1865     1867     1031     1036     1073     1068
       20       19       28       29       20      429      438      439      430     1030     1066     1035     1029     2336     2354     2339     2335     1032     1069     1074     1037
       21       28       29       38       37      223      222      213      214     1066     1072     1103     1067     1865     1845     1844     1847     1068     1073     1109     1104
       22       28       37       38       29      438      447      448      439     1067     1103     1072     1066     2355     2373     2358     2354     1069     1105     1110     1074
       23       37       38      761      760      214      213      770      769     1103     1111     3031     1107     1844     1846     3049     1849     1104     1109     3034     3032
       24       37      760      761       38      447      456      457      448     1107     3031     1111     1103     2374     2392     2377     2373     1105     2394     2396     1110
       25        2      727      728        3      249      742      741      248      956     2979      961      952     1923     3002     1921     1920      954     2980     2982      959
       26        2        3      728      727      412      413      477      478      952      961     2979      956     2292     2297     2436     2294      955      960     2437     2439
       27        2        3       12       11      249      248      239      240      952      958      997      953     1920     1902     1901     1904      954      959     1003      999
       28        2       11       12        3      412      421      422      413      953      997      958      952     2293     2319     2296     2292      955     1000     1004      960
       29       11       12       21       20      240      239      230      231      997     1002     1034      998     1901     1883     1882     1885      999     1003     1040     1036
       30       11       20       21       12      421      430      431      422      998     1034     1002      997     2320     2338     2322     2319     1000     1037     1041     1004
       31       20       21       30       29      231      230      221      222     1034     1039     1071     1035     1882     1864     1863     1866     1036     1040     1077     1073
       32       20       29       30       21      430      439      440      431     1035     1071     1039     1034     2339     2357     2341     2338     1037     1074     1078     1041
       33       29       30       39       38      222      221      212      213     1071     1076     1108     1072     1863     1842     1841     1845     1073     1077     1113     1109
       34       29       38       39       30      439      448      449      440     1072     1108     1076     1071     2358     2376     2360     2357     1074     1110     1114     1078
       35       38       39      762      761      213      212      771      770     1108     1115     3033     1111     1841     1843     3050     1846     1109     1113     3036     3034
       36       38      761      762       39      448      457      458      449     1111     3033     1115     1108     2377     2395     2379     2376     1110     2396     2398     1114
       37        3      728      729        4      248      741      740      247      961     2981      966      957     1921     3001     1919     1918      959     2982     2984      964
       38        3        4      729      728      413      414      476      477      957      966     2981      961     2295     2300     2434     2297      960      965     2435     2437
       39        3        4       13       12      248      247      238      239      957      963     1001      958     1918     1900     1899     1902      959      964     1007     1003
       40        3       12       13        4      413      422      423      414      958     1001      963      957     2296     2321     2299     2295      960     1004     1008      965
       41       12       13       22       21      239      238      229      230     1001     1006     1038     1002     1899     1881     1880     1883     1003     1007     1044     1040
       42       12       21       22       13      422      431      432      423     1002     1038     1006     1001     2322     2340     2324     2321     1004     1041     1045     1008
       43       21       22       31       30      230      229      220      221     1038     1043     1075     1039     1880     1862     1861     1864     1040     1044     1081     1077
       44       21       30       31       22      431      440      441      432     1039     1075     1043     1038     2341     2359     2343     2340     1041     1078     1082     1045
       45       30       31       40       39      221      220      211      212     1075     1080     1112     1076     1861     1839     1838     1842     1077     1081     1117     1113
       46       30       39       40       31      440      449      450      441     1076     1112     1080     1075     2360     2378     2362     2359     1078     1114     1118     1082
       47       39       40      763      762      212      211      772      771     1112     1119     3035     1115     1838     1840     3051     1843     1113     1117     3038     3036
       48       39      762      763       40      449      458      459      450     1115     3035     1119     1112     2379     2397     2381     2378     1114     2398     2400     1118
       49        4      729      730        5      247      740      739      246      966     2983      971      962     1919     3000     1917     1916      964     2984     2986      969
       50        4        5      730      729      414      415      475      476      962      971     2983      966     2298     2303     2432     2300      965      970     2433     2435
       51        4        5       14       13      247      246      237      238      962      968     1005      963     1916     1898     1897     1900      964      969     1011     1007
       52        4       13       14        5      414      423      424      415      963     1005      968      962     2299     2323     2302     2298      965     1008     1012      970
       53       13       14       23       22      238      237      228      229     1005     1010     1042     1006     1897     1879     1878     1881     1007     1011     1048     1044
       54       13       22       23       14      423      432      433      424     1006     1042     1010     1005     2324     2342     2326     2323     1008     1045     1049     1012
       55       22       23       32       31      229      228      219      220     1042     1047     1079     1043     1878     1860     1859     1862     1044     1048     1085     1081
       56       22       31       32       23      432      441      442      433     1043     1079     1047     1042     2343     2361     2345     2342     1045     1082     1086     1049
       57       31       32       41       40      220      219      210      211     1079     1084     1116     1080     1859     1836     1835     1839     1081     1085     1121     1117
       58       31       40       41       32      441      450      451      442     1080     1116     1084     1079     2362     2380     2364     2361     1082     1118     1122     1086
       59       40       41      764      763      211      210      773      772     1116     1123     3037     1119     1835     1837     3052     1840     1117     1121     3040     3038
       60       40      763      764       41      450      459      460      451     1119     3037     1123     1116     2381     2399     2383     2380     1118     2400     2402     1122
       61        5      730      731        6      246      739      738      245      971     2985      976      967     1917     2999     1915     1914      969     2986     2988      974
       62        5        6      731      730      415      416      474      475      967      976     2985      971     2301     2306     2430     2303      970      975     2431     2433
       63        5        6       15       14      246      245      236      237      967      973     1009      968     1914     1896     1895     1898      969      974     1015     1011
       64        5       14       15        6      415      424      425      416      968     1009      973      967     2302     2325     2305     2301      970     1012     1016      975
       65       14       15       24       23      237      236      227      228     1009     1014     1046     1010     1895     1877     1876     1879     1011     1015     1052     1048
       66       14       23       24       15      424      433      434      425     1010     1046     1014     1009     2326     2344     2328     2325     1012     1049     1053     1016
       67       23       24       33       32      228      227      218      219     1046     1051     1083     1047     1876     1858     1857     1860     1048     1052     1089     1085
       68       23       32       33       24      433      442      443      434     1047     1083     1051     1046     2345     2363     2347     2344     1049     1086     1090     1053
       69       32       33       42       41      219      218      209      210     1083     1088     1120     1084     1857     1833     1832     1836     1085     1089     1125     1121
       70       32       41       42       33      442      451      452      443     1084     1120     1088     1083     2364     2382     2366     2363     1086     1122     1126     1090
       71       41       42      765      764      210      209      774      773     1120     1127     3039     1123     1832     1834     3053     1837     1121     1125     3042     3040
       72       41      764      765       42      451      460      461      452     1123     3039     1127     1120     2383     2401     2385     2382     1122     2402     2404     1126
       73        6      731      732        7      245      738      737      244      976     2987      981      972     1915     2998     1913     1912      974     2988     2990      979
       74        6        7      732      731      416      417      473      474      972      981     2987      976     2304     2309     2428     2306      975      980     2429     2431
       75        6        7       16       15      245      244      235      236      972      978     1013      973     1912     1894     1893     1896      974      979     1019     1015
       76        6       15       16        7      416      425      426      417      973     1013      978      972     2305     2327     2308     2304      975     1016     1020      980
       77       15       16       25       24      236      235      226      227     1013     1018     1050     1014     1893     1875     1874     1877     1015     1019     1056     1052
       78       15       24       25       16      425      434      435      426     1014     1050     1018     1013     2328     2346     2330     2327     1016     1053     1057     1020
       79       24       25       34       33      227      226      217      218     1050     1055     1087     1051     1874     1856     1855     1858     1052     1056     1093     1089
       80       24       33       34       25      434      443      444      435     1051     1087     1055     1050     2347     2365     2349     2346     1053     1090     1094     1057
       81       33       34       43       42      218      217      208      209     1087     1092     1124     1088     1855     1830     1829     1833     1089     1093     1129     1125
       82       33       42       43       34      443      452      453      444     1088     1124     1092     1087     2366     2384     2368     2365     1090     1126     1130     1094
       83       42       43      766      765      209      208      775      774     1124     1131     3041     1127     1829     1831     3054     1834     1125     1129     3044     3042
       84       42      765      766       43      452      461      462      453     1127     3041     1131     1124     2385     2403     2387     2384     1126     2404     2406     1130
       85        7      732      733        8      244      737      736      243      981     2989      986      977     1913     2997     1911     1910      979     2990     2992      984
       86        7        8      733      732      417      418      472      473      977      986     2989      981     2307     2312     2426     2309      980      985     2427     2429
       87        7        8       17       16      244      243      234      235      977      983     1017      978     1910     1892     1891     1894      979      984     1023     1019
       88        7       16       17        8      417      426      427      418      978     1017      983      977     2308     2329     2311     2307      980     1020     1024      985
       89       16       17       26       25      235      234      225      226     1017     1022     1054     1018     1891     1873     1872     1875     1019     1023     1060     1056
       90       16       25       26       17      426      435      436      427     1018     1054     1022     1017     2330     2348     2332     2329     1020     1057     1061     1024
       91       25       26       35       34      226      225      216      217     1054     1059     1091     1055     1872     1854     1853     1856     1056     1060     1097     1093
       92       25       34       35       26      435      444      445      436     1055     1091     1059     1054     2349     2367     2351     2348     1057     1094     1098     1061
       93       34       35       44       43      217      216      207      208     1091     1096     1128     1092     1853     1827     1826     1830     1093     1097     1133     1129
       94       34       43       44       35      444      453      454      445     1092     1128     1096     1091     2368     2386     2370     2367     1094     1130     1134     1098
       95       43       44      767      766      208      207      776      775     1128     1135     3043     1131     1826     1828     3055     1831     1129     1133     3046     3044
       96       43      766      767       44      453      462      463      454     1131     3043     1135     1128     2387     2405     2389     2386     1130     2406     2408     1134
       97        8      733      734        9      243      736      735      242      986     2991      990      982     1911     2995     1908     1907      984     2992     2993      988
       98        8        9      734      733      418      419      471      472      982      990     2991      986     2310     2314     2423     2312      985      989     2425     2427
       99        8        9       18       17      243      242      233      234      982      987     1021      983     1907     1889     1888     1892      984      988     1026     1023
      100        8       17       18        9      418      427      428      419      983     1021      987      982     2311     2331     2313     2310      985     1024     1027      989
      101       17       18       27       26      234      233      224      225     1021     1025     1058     1022     1888     1870     1869     1873     1023     1026     1063     1060
      102       17       26       27       18      427      436      437      428     1022     1058     1025     1021     2332     2350     2333     2331     1024     1061     1064     1027
      103       26       27       36       35      225      224      215      216     1058     1062     1095     1059     1869     1851     1850     1854     1060     1063     1100     1097
      104       26       35       36       27      436      445      446      437     1059     1095     1062     1058     2351     2369     2352     2350     1061     1098     1101     1064
      105       35       36       45       44      216      215      206      207     1095     1099     1132     1096     1850     1823     1822     1827     1097     1100     1136     1133
      106       35       44       45       36      445      454      455      446     1096     1132     1099     1095     2370     2388     2371     2369     1098     1134     1137     1101
      107       44       45      768      767      207      206      777      776     1132     1138     3045     1135     1822     1824     3056     1828     1133     1136     3047     3046
      108       44      767      768       45      454      463      464      455     1135     3045     1138     1132     2389     2407     2390     2388     1134     2408     2410     1137
      109        9      734      745      784      242      735      744      789      990     2994     3008      991     1908     2996     3006     1909      988     2993     3005     3071
      110        9      784      745      734      419      487      486      471      991     3008     2994      990     2315     2458     2424     2314      989     2462     2460     2425
      111        9      784      783       18      242      789      788      233      991     3069     1028      987     1909     3075     1890     1889      988     3071     3070     1026
      112        9       18      783      784      419      428      485      487      987     1028     3069      991     2313     2334     2455     2315      989     1027     2457     2462
      113       18      783      782       27      233      788      787      224     1028     3067     1065     1025     1890     3074     1871     1870     1026     3070     3068     1063
      114       18       27      782      783      428      437      484      485     1025     1065     3067     1028     2333     2353     2452     2334     1027     1064     2454     2457
      115       27      782      781       36      224      787      786      215     1065     3065     1102     1062     1871     3073     1852     1851     1063     3068     3066     1100
      116       27       36      781      782      437      446      483      484     1062     1102     3065     1065     2352     2372     2449     2353     1064     1101     2451     2454
      117       36      781      780       45      215      786      785      206     1102     3063     1139     1099     1852     3072     1825     1823     1100     3066     3064     1136
      118       36       45      780      781      446      455      482      483     1099     1139     3063     1102     2371     2391     2446     2372     1101     1137     2448     2451
      119       45      780      779      768      206      785      778      777     1139     3061     3048     1138     1825     3059     3057     1824     1136     3064     3058     3047
      120       45      768      779      780      455      464      481      482     1138     3048     3061     1139     2390     2409     2443     2391     1137     2410     2445     2448
-1
secnum,1    ! reset the section ID to default
! Material Id = {3C226952-9C99-45C0-A778-46D89367B31F}
/com,*********** Elements for Body 2 'Solid' ***********
et,2,186
keyo,2,2,1          ! set full integration on SOLID186
MAT,2 $ TYPE,2 $ REAL,1 $ SECNUM,2 $ ESYS,0    ! ELEMNODES = 20
eblock,21,COMPACT,,264
(21i9)
      121       46      878      877      834      355      887      876      875     1145     3210     3146     1144     2161     3208     3206     2160     1142     3213     3207     3145
      122       46      834      877      878      488      613      640      641     1144     3146     3210     1145     2465     2734     2793     2466     1143     2735     2795     2797
      123       46       67      879      878      355      334      886      887     1141     1250     3212     1145     2117     2118     3224     2161     1142     1248     3215     3213
      124       46      878      879       67      488      641      639      509     1145     3212     1250     1141     2466     2790     2528     2464     1143     2797     2792     1249
      125       67       88      880      879      334      313      885      886     1247     1335     3214     1250     2074     2075     3223     2118     1248     1333     3217     3215
      126       67      879      880       88      509      639      638      530     1250     3214     1335     1247     2528     2787     2570     2527     1249     2792     2789     1334
      127       88      109      881      880      313      292      884      885     1332     1420     3216     1335     2031     2032     3222     2075     1333     1418     3219     3217
      128       88      880      881      109      530      638      637      551     1335     3216     1420     1332     2570     2784     2612     2569     1334     2789     2786     1419
      129      109      130      882      881      292      271      883      884     1417     1505     3218     1420     1987     1989     3221     2032     1418     1502     3220     3219
      130      109      881      882      130      551      637      636      572     1420     3218     1505     1417     2612     2781     2654     2611     1419     2786     2783     1503
      131      130      797      807      882      271      798      806      883     1504     3092     3105     1505     1988     3094     3103     1989     1502     3091     3102     3220
      132      130      882      807      797      572      636      635      626     1505     3105     3092     1504     2654     2778     2761     2653     1503     2783     2780     2762
      133       46      834      835       47      355      875      874      354     1144     3144     1150     1140     2160     3205     2159     2158     1142     3145     3148     1148
      134       46       47      835      834      488      489      612      613     1140     1150     3144     1144     2463     2469     2732     2465     1143     1149     2733     2735
      135       46       47       68       67      355      354      333      334     1140     1147     1246     1141     2158     2116     2115     2117     1142     1148     1253     1248
      136       46       67       68       47      488      509      510      489     1141     1246     1147     1140     2464     2526     2468     2463     1143     1249     1254     1149
      137       67       68       89       88      334      333      312      313     1246     1252     1331     1247     2115     2073     2072     2074     1248     1253     1338     1333
      138       67       88       89       68      509      530      531      510     1247     1331     1252     1246     2527     2568     2530     2526     1249     1334     1339     1254
      139       88       89      110      109      313      312      291      292     1331     1337     1416     1332     2072     2030     2029     2031     1333     1338     1423     1418
      140       88      109      110       89      530      551      552      531     1332     1416     1337     1331     2569     2610     2572     2568     1334     1419     1424     1339
      141      109      110      131      130      292      291      270      271     1416     1422     1501     1417     2029     1985     1984     1987     1418     1423     1507     1502
      142      109      130      131      110      551      572      573      552     1417     1501     1422     1416     2611     2652     2614     2610     1419     1503     1508     1424
      143      130      131      796      797      271      270      799      798     1501     1509     3089     1504     1984     1986     3093     1988     1502     1507     3090     3091
      144      130      797      796      131      572      626      627      573     1504     3089     1509     1501     2653     2760     2656     2652     1503     2762     2764     1508
      145       47      835      836       48      354      874      873      353     1150     3147     1155     1146     2159     3204     2157     2156     1148     3148     3150     1153
      146       47       48      836      835      489      490      611      612     1146     1155     3147     1150     2467     2472     2730     2469     1149     1154     2731     2733
      147       47       48       69       68      354      353      332      333     1146     1152     1251     1147     2156     2114     2113     2116     1148     1153     1257     1253
      148       47       68       69       48      489      510      511      490     1147     1251     1152     1146     2468     2529     2471     2467     1149     1254     1258     1154
      149       68       69       90       89      333      332      311      312     1251     1256     1336     1252     2113     2071     2070     2073     1253     1257     1342     1338
      150       68       89       90       69      510      531      532      511     1252     1336     1256     1251     2530     2571     2532     2529     1254     1339     1343     1258
      151       89       90      111      110      312      311      290      291     1336     1341     1421     1337     2070     2028     2027     2030     1338     1342     1427     1423
      152       89      110      111       90      531      552      553      532     1337     1421     1341     1336     2572     2613     2574     2571     1339     1424     1428     1343
      153      110      111      132      131      291      290      269      270     1421     1426     1506     1422     2027     1982     1981     1985     1423     1427     1511     1507
      154      110      131      132      111      552      573      574      553     1422     1506     1426     1421     2614     2655     2616     2613     1424     1508     1512     1428
      155      131      132      795      796      270      269      800      799     1506     1513     3087     1509     1981     1983     3095     1986     1507     1511     3088     3090
      156      131      796      795      132      573      627      628      574     1509     3087     1513     1506     2656     2763     2658     2655     1508     2764     2766     1512
      157       48      836      837       49      353      873      872      352     1155     3149     1160     1151     2157     3203     2155     2154     1153     3150     3152     1158
      158       48       49      837      836      490      491      610      611     1151     1160     3149     1155     2470     2475     2728     2472     1154     1159     2729     2731
      159       48       49       70       69      353      352      331      332     1151     1157     1255     1152     2154     2112     2111     2114     1153     1158     1261     1257
      160       48       69       70       49      490      511      512      491     1152     1255     1157     1151     2471     2531     2474     2470     1154     1258     1262     1159
      161       69       70       91       90      332      331      310      311     1255     1260     1340     1256     2111     2069     2068     2071     1257     1261     1346     1342
      162       69       90       91       70      511      532      533      512     1256     1340     1260     1255     2532     2573     2534     2531     1258     1343     1347     1262
      163       90       91      112      111      311      310      289      290     1340     1345     1425     1341     2068     2026     2025     2028     1342     1346     1431     1427
      164       90      111      112       91      532      553      554      533     1341     1425     1345     1340     2574     2615     2576     2573     1343     1428     1432     1347
      165      111      112      133      132      290      289      268      269     1425     1430     1510     1426     2025     1979     1978     1982     1427     1431     1515     1511
      166      111      132      133      112      553      574      575      554     1426     1510     1430     1425     2616     2657     2618     2615     1428     1512     1516     1432
      167      132      133      794      795      269      268      801      800     1510     1517     3085     1513     1978     1980     3096     1983     1511     1515     3086     3088
      168      132      795      794      133      574      628      629      575     1513     3085     1517     1510     2658     2765     2660     2657     1512     2766     2768     1516
      169       49      837      838       50      352      872      871      351     1160     3151     1165     1156     2155     3202     2153     2152     1158     3152     3154     1163
      170       49       50      838      837      491      492      609      610     1156     1165     3151     1160     2473     2478     2726     2475     1159     1164     2727     2729
      171       49       50       71       70      352      351      330      331     1156     1162     1259     1157     2152     2110     2109     2112     1158     1163     1265     1261
      172       49       70       71       50      491      512      513      492     1157     1259     1162     1156     2474     2533     2477     2473     1159     1262     1266     1164
      173       70       71       92       91      331      330      309      310     1259     1264     1344     1260     2109     2067     2066     2069     1261     1265     1350     1346
      174       70       91       92       71      512      533      534      513     1260     1344     1264     1259     2534     2575     2536     2533     1262     1347     1351     1266
      175       91       92      113      112      310      309      288      289     1344     1349     1429     1345     2066     2024     2023     2026     1346     1350     1435     1431
      176       91      112      113       92      533      554      555      534     1345     1429     1349     1344     2576     2617     2578     2575     1347     1432     1436     1351
      177      112      113      134      133      289      288      267      268     1429     1434     1514     1430     2023     1976     1975     1979     1431     1435     1519     1515
      178      112      133      134      113      554      575      576      555     1430     1514     1434     1429     2618     2659     2620     2617     1432     1516     1520     1436
      179      133      134      793      794      268      267      802      801     1514     1521     3083     1517     1975     1977     3097     1980     1515     1519     3084     3086
      180      133      794      793      134      575      629      630      576     1517     3083     1521     1514     2660     2767     2662     2659     1516     2768     2770     1520
      181       50      838      839       51      351      871      870      350     1165     3153     1170     1161     2153     3201     2151     2150     1163     3154     3156     1168
      182       50       51      839      838      492      493      608      609     1161     1170     3153     1165     2476     2481     2724     2478     1164     1169     2725     2727
      183       50       51       72       71      351      350      329      330     1161     1167     1263     1162     2150     2108     2107     2110     1163     1168     1269     1265
      184       50       71       72       51      492      513      514      493     1162     1263     1167     1161     2477     2535     2480     2476     1164     1266     1270     1169
      185       71       72       93       92      330      329      308      309     1263     1268     1348     1264     2107     2065     2064     2067     1265     1269     1354     1350
      186       71       92       93       72      513      534      535      514     1264     1348     1268     1263     2536     2577     2538     2535     1266     1351     1355     1270
      187       92       93      114      113      309      308      287      288     1348     1353     1433     1349     2064     2022     2021     2024     1350     1354     1439     1435
      188       92      113      114       93      534      555      556      535     1349     1433     1353     1348     2578     2619     2580     2577     1351     1436     1440     1355
      189      113      114      135      134      288      287      266      267     1433     1438     1518     1434     2021     1973     1972     1976     1435     1439     1523     1519
      190      113      134      135      114      555      576      577      556     1434     1518     1438     1433     2620     2661     2622     2619     1436     1520     1524     1440
      191      134      135      792      793      267      266      803      802     1518     1525     3081     1521     1972     1974     3098     1977     1519     1523     3082     3084
      192      134      793      792      135      576      630      631      577     1521     3081     1525     1518     2662     2769     2664     2661     1520     2770     2772     1524
      193       51      839      840       52      350      870      869      349     1170     3155     1175     1166     2151     3200     2149     2148     1168     3156     3158     1173
      194       51       52      840      839      493      494      607      608     1166     1175     3155     1170     2479     2484     2722     2481     1169     1174     2723     2725
      195       51       52       73       72      350      349      328      329     1166     1172     1267     1167     2148     2106     2105     2108     1168     1173     1273     1269
      196       51       72       73       52      493      514      515      494     1167     1267     1172     1166     2480     2537     2483     2479     1169     1270     1274     1174
      197       72       73       94       93      329      328      307      308     1267     1272     1352     1268     2105     2063     2062     2065     1269     1273     1358     1354
      198       72       93       94       73      514      535      536      515     1268     1352     1272     1267     2538     2579     2540     2537     1270     1355     1359     1274
      199       93       94      115      114      308      307      286      287     1352     1357     1437     1353     2062     2020     2019     2022     1354     1358     1443     1439
      200       93      114      115       94      535      556      557      536     1353     1437     1357     1352     2580     2621     2582     2579     1355     1440     1444     1359
      201      114      115      136      135      287      286      265      266     1437     1442     1522     1438     2019     1970     1969     1973     1439     1443     1527     1523
      202      114      135      136      115      556      577      578      557     1438     1522     1442     1437     2622     2663     2624     2621     1440     1524     1528     1444
      203      135      136      791      792      266      265      804      803     1522     1529     3079     1525     1969     1971     3099     1974     1523     1527     3080     3082
      204      135      792      791      136      577      631      632      578     1525     3079     1529     1522     2664     2771     2666     2663     1524     2772     2774     1528
      205       52      840      841       53      349      869      868      348     1175     3157     1180     1171     2149     3199     2147     2146     1173     3158     3160     1178
      206       52       53      841      840      494      495      606      607     1171     1180     3157     1175     2482     2487     2720     2484     1174     1179     2721     2723
      207       52       53       74       73      349      348      327      328     1171     1177     1271     1172     2146     2104     2103     2106     1173     1178     1277     1273
      208       52       73       74       53      494      515      516      495     1172     1271     1177     1171     2483     2539     2486     2482     1174     1274     1278     1179
      209       73       74       95       94      328      327      306      307     1271     1276     1356     1272     2103     2061     2060     2063     1273     1277     1362     1358
      210       73       94       95       74      515      536      537      516     1272     1356     1276     1271     2540     2581     2542     2539     1274     1359     1363     1278
      211       94       95      116      115      307      306      285      286     1356     1361     1441     1357     2060     2018     2017     2020     1358     1362     1447     1443
      212       94      115      116       95      536      557      558      537     1357     1441     1361     1356     2582     2623     2584     2581     1359     1444     1448     1363
      213      115      116      137      136      286      285      264      265     1441     1446     1526     1442     2017     1967     1966     1970     1443     1447     1531     1527
      214      115      136      137      116      557      578      579      558     1442     1526     1446     1441     2624     2665     2626     2623     1444     1528     1532     1448
      215      136      137      790      791      265      264      805      804     1526     1533     3076     1529     1966     1968     3100     1971     1527     1531     3077     3080
      216      136      791      790      137      578      632      633      579     1529     3076     1533     1526     2666     2773     2668     2665     1528     2774     2776     1532
      217       53      841      842       54      348      868      867      347     1180     3159     1185     1176     2147     3198     2145     2144     1178     3160     3162     1183
      218       53       54      842      841      495      496      605      606     1176     1185     3159     1180     2485     2490     2718     2487     1179     1184     2719     2721
      219       53       54       75       74      348      347      326      327     1176     1182     1275     1177     2144     2102     2101     2104     1178     1183     1281     1277
      220       53       74       75       54      495      516      517      496     1177     1275     1182     1176     2486     2541     2489     2485     1179     1278     1282     1184
      221       74       75       96       95      327      326      305      306     1275     1280     1360     1276     2101     2059     2058     2061     1277     1281     1366     1362
      222       74       95       96       75      516      537      538      517     1276     1360     1280     1275     2542     2583     2544     2541     1278     1363     1367     1282
      223       95       96      117      116      306      305      284      285     1360     1365     1445     1361     2058     2016     2015     2018     1362     1366     1451     1447
      224       95      116      117       96      537      558      559      538     1361     1445     1365     1360     2584     2625     2586     2583     1363     1448     1452     1367
      225      116      117      138      137      285      284      263      264     1445     1450     1530     1446     2015     1964     1963     1967     1447     1451     1535     1531
      226      116      137      138      117      558      579      580      559     1446     1530     1450     1445     2626     2667     2628     2625     1448     1532     1536     1452
      227      137      138      808      790      264      263      809      805     1530     1537     3078     1533     1963     1965     3101     1968     1531     1535     3107     3077
      228      137      790      808      138      579      633      634      580     1533     3078     1537     1530     2668     2775     2670     2667     1532     2776     2777     1536
      229       54      842      843       55      347      867      866      346     1185     3161     1190     1181     2145     3197     2143     2142     1183     3162     3164     1188
      230       54       55      843      842      496      497      604      605     1181     1190     3161     1185     2488     2493     2716     2490     1184     1189     2717     2719
      231       54       55       76       75      347      346      325      326     1181     1187     1279     1182     2142     2100     2099     2102     1183     1188     1285     1281
      232       54       75       76       55      496      517      518      497     1182     1279     1187     1181     2489     2543     2492     2488     1184     1282     1286     1189
      233       75       76       97       96      326      325      304      305     1279     1284     1364     1280     2099     2057     2056     2059     1281     1285     1370     1366
      234       75       96       97       76      517      538      539      518     1280     1364     1284     1279     2544     2585     2546     2543     1282     1367     1371     1286
      235       96       97      118      117      305      304      283      284     1364     1369     1449     1365     2056     2014     2013     2016     1366     1370     1455     1451
      236       96      117      118       97      538      559      560      539     1365     1449     1369     1364     2586     2627     2588     2585     1367     1452     1456     1371
      237      117      118      139      138      284      283      262      263     1449     1454     1534     1450     2013     1961     1960     1964     1451     1455     1539     1535
      238      117      138      139      118      559      580      581      560     1450     1534     1454     1449     2628     2669     2630     2627     1452     1536     1540     1456
      239      138      139      815      808      263      262      816      809     1534     1541     3108     1537     1960     1962     3109     1965     1535     1539     3121     3107
      240      138      808      815      139      580      634      619      581     1537     3108     1541     1534     2670     2747     2672     2669     1536     2777     2748     1540
      241       55      843      844       56      346      866      865      345     1190     3163     1195     1186     2143     3196     2141     2140     1188     3164     3166     1193
      242       55       56      844      843      497      498      603      604     1186     1195     3163     1190     2491     2496     2714     2493     1189     1194     2715     2717
      243       55       56       77       76      346      345      324      325     1186     1192     1283     1187     2140     2098     2097     2100     1188     1193     1289     1285
      244       55       76       77       56      497      518      519      498     1187     1283     1192     1186     2492     2545     2495     2491     1189     1286     1290     1194
      245       76       77       98       97      325      324      303      304     1283     1288     1368     1284     2097     2055     2054     2057     1285     1289     1374     1370
      246       76       97       98       77      518      539      540      519     1284     1368     1288     1283     2546     2587     2548     2545     1286     1371     1375     1290
      247       97       98      119      118      304      303      282      283     1368     1373     1453     1369     2054     2012     2011     2014     1370     1374     1459     1455
      248       97      118      119       98      539      560      561      540     1369     1453     1373     1368     2588     2629     2590     2587     1371     1456     1460     1375
      249      118      119      140      139      283      282      261      262     1453     1458     1538     1454     2011     1958     1957     1961     1455     1459     1543     1539
      250      118      139      140      119      560      581      582      561     1454     1538     1458     1453     2630     2671     2632     2629     1456     1540     1544     1460
      251      139      140      814      815      262      261      817      816     1538     1545     3119     1541     1957     1959     3122     1962     1539     1543     3120     3121
      252      139      815      814      140      581      619      620      582     1541     3119     1545     1538     2672     2746     2674     2671     1540     2748     2750     1544
      253       56      844      845       57      345      865      864      344     1195     3165     1200     1191     2141     3195     2139     2138     1193     3166     3168     1198
      254       56       57      845      844      498      499      602      603     1191     1200     3165     1195     2494     2499     2712     2496     1194     1199     2713     2715
      255       56       57       78       77      345      344      323      324     1191     1197     1287     1192     2138     2096     2095     2098     1193     1198     1293     1289
      256       56       77       78       57      498      519      520      499     1192     1287     1197     1191     2495     2547     2498     2494     1194     1290     1294     1199
      257       77       78       99       98      324      323      302      303     1287     1292     1372     1288     2095     2053     2052     2055     1289     1293     1378     1374
      258       77       98       99       78      519      540      541      520     1288     1372     1292     1287     2548     2589     2550     2547     1290     1375     1379     1294
      259       98       99      120      119      303      302      281      282     1372     1377     1457     1373     2052     2010     2009     2012     1374     1378     1463     1459
      260       98      119      120       99      540      561      562      541     1373     1457     1377     1372     2590     2631     2592     2589     1375     1460     1464     1379
      261      119      120      141      140      282      281      260      261     1457     1462     1542     1458     2009     1955     1954     1958     1459     1463     1547     1543
      262      119      140      141      120      561      582      583      562     1458     1542     1462     1457     2632     2673     2634     2631     1460     1544     1548     1464
      263      140      141      813      814      261      260      818      817     1542     1549     3117     1545     1954     1956     3123     1959     1543     1547     3118     3120
      264      140      814      813      141      582      620      621      583     1545     3117     1549     1542     2674     2749     2676     2673     1544     2750     2752     1548
      265       57      845      846       58      344      864      863      343     1200     3167     1205     1196     2139     3194     2137     2136     1198     3168     3170     1203
      266       57       58      846      845      499      500      601      602     1196     1205     3167     1200     2497     2502     2710     2499     1199     1204     2711     2713
      267       57       58       79       78      344      343      322      323     1196     1202     1291     1197     2136     2094     2093     2096     1198     1203     1297     1293
      268       57       78       79       58      499      520      521      500     1197     1291     1202     1196     2498     2549     2501     2497     1199     1294     1298     1204
      269       78       79      100       99      323      322      301      302     1291     1296     1376     1292     2093     2051     2050     2053     1293     1297     1382     1378
      270       78       99      100       79      520      541      542      521     1292     1376     1296     1291     2550     2591     2552     2549     1294     1379     1383     1298
      271       99      100      121      120      302      301      280      281     1376     1381     1461     1377     2050     2008     2007     2010     1378     1382     1467     1463
      272       99      120      121      100      541      562      563      542     1377     1461     1381     1376     2592     2633     2594     2591     1379     1464     1468     1383
      273      120      121      142      141      281      280      259      260     1461     1466     1546     1462     2007     1952     1951     1955     1463     1467     1551     1547
      274      120      141      142      121      562      583      584      563     1462     1546     1466     1461     2634     2675     2636     2633     1464     1548     1552     1468
      275      141      142      812      813      260      259      819      818     1546     1553     3115     1549     1951     1953     3124     1956     1547     1551     3116     3118
      276      141      813      812      142      583      621      622      584     1549     3115     1553     1546     2676     2751     2678     2675     1548     2752     2754     1552
      277       58      846      847       59      343      863      862      342     1205     3169     1210     1201     2137     3193     2135     2134     1203     3170     3172     1208
      278       58       59      847      846      500      501      600      601     1201     1210     3169     1205     2500     2505     2708     2502     1204     1209     2709     2711
      279       58       59       80       79      343      342      321      322     1201     1207     1295     1202     2134     2092     2091     2094     1203     1208     1301     1297
      280       58       79       80       59      500      521      522      501     1202     1295     1207     1201     2501     2551     2504     2500     1204     1298     1302     1209
      281       79       80      101      100      322      321      300      301     1295     1300     1380     1296     2091     2049     2048     2051     1297     1301     1386     1382
      282       79      100      101       80      521      542      543      522     1296     1380     1300     1295     2552     2593     2554     2551     1298     1383     1387     1302
      283      100      101      122      121      301      300      279      280     1380     1385     1465     1381     2048     2006     2005     2008     1382     1386     1471     1467
      284      100      121      122      101      542      563      564      543     1381     1465     1385     1380     2594     2635     2596     2593     1383     1468     1472     1387
      285      121      122      143      142      280      279      258      259     1465     1470     1550     1466     2005     1949     1948     1952     1467     1471     1555     1551
      286      121      142      143      122      563      584      585      564     1466     1550     1470     1465     2636     2677     2638     2635     1468     1552     1556     1472
      287      142      143      811      812      259      258      820      819     1550     1557     3113     1553     1948     1950     3125     1953     1551     1555     3114     3116
      288      142      812      811      143      584      622      623      585     1553     3113     1557     1550     2678     2753     2680     2677     1552     2754     2756     1556
      289       59      847      848       60      342      862      861      341     1210     3171     1215     1206     2135     3192     2133     2132     1208     3172     3174     1213
      290       59       60      848      847      501      502      599      600     1206     1215     3171     1210     2503     2508     2706     2505     1209     1214     2707     2709
      291       59       60       81       80      342      341      320      321     1206     1212     1299     1207     2132     2090     2089     2092     1208     1213     1305     1301
      292       59       80       81       60      501      522      523      502     1207     1299     1212     1206     2504     2553     2507     2503     1209     1302     1306     1214
      293       80       81      102      101      321      320      299      300     1299     1304     1384     1300     2089     2047     2046     2049     1301     1305     1390     1386
      294       80      101      102       81      522      543      544      523     1300     1384     1304     1299     2554     2595     2556     2553     1302     1387     1391     1306
      295      101      102      123      122      300      299      278      279     1384     1389     1469     1385     2046     2004     2003     2006     1386     1390     1475     1471
      296      101      122      123      102      543      564      565      544     1385     1469     1389     1384     2596     2637     2598     2595     1387     1472     1476     1391
      297      122      123      144      143      279      278      257      258     1469     1474     1554     1470     2003     1946     1945     1949     1471     1475     1559     1555
      298      122      143      144      123      564      585      586      565     1470     1554     1474     1469     2638     2679     2640     2637     1472     1556     1560     1476
      299      143      144      810      811      258      257      821      820     1554     1561     3110     1557     1945     1947     3126     1950     1555     1559     3111     3114
      300      143      811      810      144      585      623      624      586     1557     3110     1561     1554     2680     2755     2682     2679     1556     2756     2758     1560
      301       60      848      849       61      341      861      860      340     1215     3173     1220     1211     2133     3191     2131     2130     1213     3174     3176     1218
      302       60       61      849      848      502      503      598      599     1211     1220     3173     1215     2506     2511     2704     2508     1214     1219     2705     2707
      303       60       61       82       81      341      340      319      320     1211     1217     1303     1212     2130     2088     2087     2090     1213     1218     1309     1305
      304       60       81       82       61      502      523      524      503     1212     1303     1217     1211     2507     2555     2510     2506     1214     1306     1310     1219
      305       81       82      103      102      320      319      298      299     1303     1308     1388     1304     2087     2045     2044     2047     1305     1309     1394     1390
      306       81      102      103       82      523      544      545      524     1304     1388     1308     1303     2556     2597     2558     2555     1306     1391     1395     1310
      307      102      103      124      123      299      298      277      278     1388     1393     1473     1389     2044     2002     2001     2004     1390     1394     1479     1475
      308      102      123      124      103      544      565      566      545     1389     1473     1393     1388     2598     2639     2600     2597     1391     1476     1480     1395
      309      123      124      145      144      278      277      256      257     1473     1478     1558     1474     2001     1943     1942     1946     1475     1479     1563     1559
      310      123      144      145      124      565      586      587      566     1474     1558     1478     1473     2640     2681     2642     2639     1476     1560     1564     1480
      311      144      145      822      810      257      256      823      821     1558     1565     3112     1561     1942     1944     3127     1947     1559     1563     3128     3111
      312      144      810      822      145      586      624      625      587     1561     3112     1565     1558     2682     2757     2684     2681     1560     2758     2759     1564
      313       61      849      850       62      340      860      859      339     1220     3175     1225     1216     2131     3190     2129     2128     1218     3176     3178     1223
      314       61       62      850      849      503      504      597      598     1216     1225     3175     1220     2509     2514     2702     2511     1219     1224     2703     2705
      315       61       62       83       82      340      339      318      319     1216     1222     1307     1217     2128     2086     2085     2088     1218     1223     1313     1309
      316       61       82       83       62      503      524      525      504     1217     1307     1222     1216     2510     2557     2513     2509     1219     1310     1314     1224
      317       82       83      104      103      319      318      297      298     1307     1312     1392     1308     2085     2043     2042     2045     1309     1313     1398     1394
      318       82      103      104       83      524      545      546      525     1308     1392     1312     1307     2558     2599     2560     2557     1310     1395     1399     1314
      319      103      104      125      124      298      297      276      277     1392     1397     1477     1393     2042     2000     1999     2002     1394     1398     1483     1479
      320      103      124      125      104      545      566      567      546     1393     1477     1397     1392     2600     2641     2602     2599     1395     1480     1484     1399
      321      124      125      146      145      277      276      255      256     1477     1482     1562     1478     1999     1940     1939     1943     1479     1483     1567     1563
      322      124      145      146      125      566      587      588      567     1478     1562     1482     1477     2642     2683     2644     2641     1480     1564     1568     1484
      323      145      146      824      822      256      255      829      823     1562     1569     3129     1565     1939     1941     3130     1944     1563     1567     3132     3128
      324      145      822      824      146      587      625      614      588     1565     3129     1569     1562     2684     2737     2686     2683     1564     2759     2738     1568
      325       62      850      851       63      339      859      858      338     1225     3177     1230     1221     2129     3189     2127     2126     1223     3178     3180     1228
      326       62       63      851      850      504      505      596      597     1221     1230     3177     1225     2512     2517     2700     2514     1224     1229     2701     2703
      327       62       63       84       83      339      338      317      318     1221     1227     1311     1222     2126     2084     2083     2086     1223     1228     1317     1313
      328       62       83       84       63      504      525      526      505     1222     1311     1227     1221     2513     2559     2516     2512     1224     1314     1318     1229
      329       83       84      105      104      318      317      296      297     1311     1316     1396     1312     2083     2041     2040     2043     1313     1317     1402     1398
      330       83      104      105       84      525      546      547      526     1312     1396     1316     1311     2560     2601     2562     2559     1314     1399     1403     1318
      331      104      105      126      125      297      296      275      276     1396     1401     1481     1397     2040     1998     1997     2000     1398     1402     1487     1483
      332      104      125      126      105      546      567      568      547     1397     1481     1401     1396     2602     2643     2604     2601     1399     1484     1488     1403
      333      125      126      147      146      276      275      254      255     1481     1486     1566     1482     1997     1937     1936     1940     1483     1487     1571     1567
      334      125      146      147      126      567      588      589      568     1482     1566     1486     1481     2644     2685     2646     2643     1484     1568     1572     1488
      335      146      147      825      824      255      254      830      829     1566     1573     3131     1569     1936     1938     3140     1941     1567     1571     3134     3132
      336      146      824      825      147      588      614      615      589     1569     3131     1573     1566     2686     2736     2688     2685     1568     2738     2740     1572
      337       63      851      852       64      338      858      857      337     1230     3179     1235     1226     2127     3188     2125     2124     1228     3180     3182     1233
      338       63       64      852      851      505      506      595      596     1226     1235     3179     1230     2515     2520     2698     2517     1229     1234     2699     2701
      339       63       64       85       84      338      337      316      317     1226     1232     1315     1227     2124     2082     2081     2084     1228     1233     1321     1317
      340       63       84       85       64      505      526      527      506     1227     1315     1232     1226     2516     2561     2519     2515     1229     1318     1322     1234
      341       84       85      106      105      317      316      295      296     1315     1320     1400     1316     2081     2039     2038     2041     1317     1321     1406     1402
      342       84      105      106       85      526      547      548      527     1316     1400     1320     1315     2562     2603     2564     2561     1318     1403     1407     1322
      343      105      106      127      126      296      295      274      275     1400     1405     1485     1401     2038     1996     1995     1998     1402     1406     1491     1487
      344      105      126      127      106      547      568      569      548     1401     1485     1405     1400     2604     2645     2606     2603     1403     1488     1492     1407
      345      126      127      148      147      275      274      253      254     1485     1490     1570     1486     1995     1934     1933     1937     1487     1491     1575     1571
      346      126      147      148      127      568      589      590      569     1486     1570     1490     1485     2646     2687     2648     2645     1488     1572     1576     1492
      347      147      148      826      825      254      253      831      830     1570     1577     3133     1573     1933     1935     3141     1938     1571     1575     3136     3134
      348      147      825      826      148      589      615      616      590     1573     3133     1577     1570     2688     2739     2690     2687     1572     2740     2742     1576
      349       64      852      853       65      337      857      856      336     1235     3181     1240     1231     2125     3187     2123     2122     1233     3182     3184     1238
      350       64       65      853      852      506      507      594      595     1231     1240     3181     1235     2518     2523     2696     2520     1234     1239     2697     2699
      351       64       65       86       85      337      336      315      316     1231     1237     1319     1232     2122     2080     2079     2082     1233     1238     1325     1321
      352       64       85       86       65      506      527      528      507     1232     1319     1237     1231     2519     2563     2522     2518     1234     1322     1326     1239
      353       85       86      107      106      316      315      294      295     1319     1324     1404     1320     2079     2037     2036     2039     1321     1325     1410     1406
      354       85      106      107       86      527      548      549      528     1320     1404     1324     1319     2564     2605     2566     2563     1322     1407     1411     1326
      355      106      107      128      127      295      294      273      274     1404     1409     1489     1405     2036     1994     1993     1996     1406     1410     1495     1491
      356      106      127      128      107      548      569      570      549     1405     1489     1409     1404     2606     2647     2608     2605     1407     1492     1496     1411
      357      127      128      149      148      274      273      252      253     1489     1494     1574     1490     1993     1931     1930     1934     1491     1495     1579     1575
      358      127      148      149      128      569      590      591      570     1490     1574     1494     1489     2648     2689     2650     2647     1492     1576     1580     1496
      359      148      149      827      826      253      252      832      831     1574     1581     3135     1577     1930     1932     3142     1935     1575     1579     3138     3136
      360      148      826      827      149      590      616      617      591     1577     3135     1581     1574     2690     2741     2692     2689     1576     2742     2744     1580
      361       65      853      854       66      336      856      855      335     1240     3183     1245     1236     2123     3186     2121     2119     1238     3184     3185     1242
      362       65       66      854      853      507      508      593      594     1236     1245     3183     1240     2521     2525     2694     2523     1239     1243     2695     2697
      363       65       66       87       86      336      335      314      315     1236     1241     1323     1237     2119     2077     2076     2080     1238     1242     1328     1325
      364       65       86       87       66      507      528      529      508     1237     1323     1241     1236     2522     2565     2524     2521     1239     1326     1329     1243
      365       86       87      108      107      315      314      293      294     1323     1327     1408     1324     2076     2034     2033     2037     1325     1328     1413     1410
      366       86      107      108       87      528      549      550      529     1324     1408     1327     1323     2566     2607     2567     2565     1326     1411     1414     1329
      367      107      108      129      128      294      293      272      273     1408     1412     1493     1409     2033     1991     1990     1994     1410     1413     1498     1495
      368      107      128      129      108      549      570      571      550     1409     1493     1412     1408     2608     2649     2609     2607     1411     1496     1499     1414
      369      128      129      150      149      273      272      251      252     1493     1497     1578     1494     1990     1927     1926     1931     1495     1498     1582     1579
      370      128      149      150      129      570      591      592      571     1494     1578     1497     1493     2650     2691     2651     2649     1496     1580     1583     1499
      371      149      150      828      827      252      251      833      832     1578     1585     3137     1581     1926     1929     3143     1932     1579     1582     3139     3138
      372      149      827      828      150      591      617      618      592     1581     3137     1585     1578     2692     2743     2693     2691     1580     2744     2745     1583
      373       66      854      779      780      335      855      778      785     1245     3062     3061     1244     2121     3060     3059     2120     1242     3185     3058     3064
      374       66      780      779      854      508      482      481      593     1244     3061     3062     1245     2447     2443     2444     2525     1243     2448     2445     2695
      375       66      780      781       87      335      785      786      314     1244     3063     1330     1241     2120     3072     2078     2077     1242     3064     3066     1328
      376       66       87      781      780      508      529      483      482     1241     1330     3063     1244     2524     2450     2446     2447     1243     1329     2451     2448
      377       87      781      782      108      314      786      787      293     1330     3065     1415     1327     2078     3073     2035     2034     1328     3066     3068     1413
      378       87      108      782      781      529      550      484      483     1327     1415     3065     1330     2567     2453     2449     2450     1329     1414     2454     2451
      379      108      782      783      129      293      787      788      272     1415     3067     1500     1412     2035     3074     1992     1991     1413     3068     3070     1498
      380      108      129      783      782      550      571      485      484     1412     1500     3067     1415     2609     2456     2452     2453     1414     1499     2457     2454
      381      129      783      784      150      272      788      789      251     1500     3069     1584     1497     1992     3075     1928     1927     1498     3070     3071     1582
      382      129      150      784      783      571      592      487      485     1497     1584     3069     1500     2651     2461     2455     2456     1499     1583     2462     2457
      383      150      784      745      828      251      789      744      833     1584     3008     3009     1585     1928     3006     3007     1929     1582     3071     3005     3139
      384      150      828      745      784      592      618      486      487     1585     3009     3008     1584     2693     2459     2458     2461     1583     2745     2460     2462
-1
secnum,1    ! reset the section ID to default
! Material Id = {F4687661-7259-4B04-8258-F666DB87852D}
/com,*********** Elements for Body 3 'Solid' ***********
et,3,186
keyo,3,2,1          ! set full integration on SOLID186
MAT,3 $ TYPE,3 $ REAL,1 $ SECNUM,3 $ ESYS,0    ! ELEMNODES = 20
eblock,21,COMPACT,,144
(21i9)
      385      151      892      899      924      410      893      898      945     1590     3235     3244     1591     2286     3237     3243     2287     1588     3234     3242     3280
      386      151      924      899      892      642      707      719      720     1591     3244     3235     1590     2800     2939     2963     2801     1589     2940     2964     2966
      387      151      162      891      892      410      399      894      893     1587     1646     3232     1590     2263     2264     3236     2286     1588     1644     3233     3234
      388      151      892      891      162      642      720      721      653     1590     3232     1646     1587     2801     2965     2833     2799     1589     2966     2968     1645
      389      162      173      890      891      399      388      895      894     1643     1691     3230     1646     2240     2241     3238     2264     1644     1689     3231     3233
      390      162      891      890      173      653      721      722      664     1646     3230     1691     1643     2833     2967     2855     2832     1645     2968     2970     1690
      391      173      184      889      890      388      377      896      895     1688     1736     3228     1691     2217     2218     3239     2241     1689     1734     3229     3231
      392      173      890      889      184      664      722      723      675     1691     3228     1736     1688     2855     2969     2877     2854     1690     2970     2972     1735
      393      184      195      888      889      377      366      897      896     1733     1780     3225     1736     2193     2194     3240     2218     1734     1778     3226     3229
      394      184      889      888      195      675      723      724      686     1736     3225     1780     1733     2877     2971     2899     2876     1735     2972     2974     1779
      395      195      902      900      888      366      913      901      897     1781     3246     3227     1780     2195     3247     3241     2194     1778     3249     3245     3226
      396      195      888      900      902      686      724      725      708     1780     3227     3246     1781     2899     2973     2942     2898     1779     2974     2975     2943
      397      151      924      925      152      410      945      944      409     1591     3279     1596     1586     2287     3309     2285     2284     1588     3280     3282     1594
      398      151      152      925      924      642      643      706      707     1586     1596     3279     1591     2798     2804     2937     2800     1589     1595     2938     2940
      399      151      152      163      162      410      409      398      399     1586     1593     1642     1587     2284     2262     2261     2263     1588     1594     1649     1644
      400      151      162      163      152      642      653      654      643     1587     1642     1593     1586     2799     2831     2803     2798     1589     1645     1650     1595
      401      162      163      174      173      399      398      387      388     1642     1648     1687     1643     2261     2239     2238     2240     1644     1649     1694     1689
      402      162      173      174      163      653      664      665      654     1643     1687     1648     1642     2832     2853     2835     2831     1645     1690     1695     1650
      403      173      174      185      184      388      387      376      377     1687     1693     1732     1688     2238     2216     2215     2217     1689     1694     1739     1734
      404      173      184      185      174      664      675      676      665     1688     1732     1693     1687     2854     2875     2857     2853     1690     1735     1740     1695
      405      184      185      196      195      377      376      365      366     1732     1738     1777     1733     2215     2191     2190     2193     1734     1739     1783     1778
      406      184      195      196      185      675      686      687      676     1733     1777     1738     1732     2876     2897     2879     2875     1735     1779     1784     1740
      407      195      196      903      902      366      365      914      913     1777     1785     3248     1781     2190     2192     3269     2195     1778     1783     3251     3249
      408      195      902      903      196      686      708      709      687     1781     3248     1785     1777     2898     2941     2901     2897     1779     2943     2945     1784
      409      152      925      926      153      409      944      943      408     1596     3281     1601     1592     2285     3308     2283     2282     1594     3282     3284     1599
      410      152      153      926      925      643      644      705      706     1592     1601     3281     1596     2802     2807     2935     2804     1595     1600     2936     2938
      411      152      153      164      163      409      408      397      398     1592     1598     1647     1593     2282     2260     2259     2262     1594     1599     1653     1649
      412      152      163      164      153      643      654      655      644     1593     1647     1598     1592     2803     2834     2806     2802     1595     1650     1654     1600
      413      163      164      175      174      398      397      386      387     1647     1652     1692     1648     2259     2237     2236     2239     1649     1653     1698     1694
      414      163      174      175      164      654      665      666      655     1648     1692     1652     1647     2835     2856     2837     2834     1650     1695     1699     1654
      415      174      175      186      185      387      386      375      376     1692     1697     1737     1693     2236     2214     2213     2216     1694     1698     1743     1739
      416      174      185      186      175      665      676      677      666     1693     1737     1697     1692     2857     2878     2859     2856     1695     1740     1744     1699
      417      185      186      197      196      376      375      364      365     1737     1742     1782     1738     2213     2188     2187     2191     1739     1743     1787     1783
      418      185      196      197      186      676      687      688      677     1738     1782     1742     1737     2879     2900     2881     2878     1740     1784     1788     1744
      419      196      197      904      903      365      364      915      914     1782     1789     3250     1785     2187     2189     3270     2192     1783     1787     3253     3251
      420      196      903      904      197      687      709      710      688     1785     3250     1789     1782     2901     2944     2903     2900     1784     2945     2947     1788
      421      153      926      927      154      408      943      942      407     1601     3283     1606     1597     2283     3307     2281     2280     1599     3284     3286     1604
      422      153      154      927      926      644      645      704      705     1597     1606     3283     1601     2805     2810     2933     2807     1600     1605     2934     2936
      423      153      154      165      164      408      407      396      397     1597     1603     1651     1598     2280     2258     2257     2260     1599     1604     1657     1653
      424      153      164      165      154      644      655      656      645     1598     1651     1603     1597     2806     2836     2809     2805     1600     1654     1658     1605
      425      164      165      176      175      397      396      385      386     1651     1656     1696     1652     2257     2235     2234     2237     1653     1657     1702     1698
      426      164      175      176      165      655      666      667      656     1652     1696     1656     1651     2837     2858     2839     2836     1654     1699     1703     1658
      427      175      176      187      186      386      385      374      375     1696     1701     1741     1697     2234     2212     2211     2214     1698     1702     1747     1743
      428      175      186      187      176      666      677      678      667     1697     1741     1701     1696     2859     2880     2861     2858     1699     1744     1748     1703
      429      186      187      198      197      375      374      363      364     1741     1746     1786     1742     2211     2185     2184     2188     1743     1747     1791     1787
      430      186      197      198      187      677      688      689      678     1742     1786     1746     1741     2881     2902     2883     2880     1744     1788     1792     1748
      431      197      198      905      904      364      363      916      915     1786     1793     3252     1789     2184     2186     3271     2189     1787     1791     3255     3253
      432      197      904      905      198      688      710      711      689     1789     3252     1793     1786     2903     2946     2905     2902     1788     2947     2949     1792
      433      154      927      928      155      407      942      941      406     1606     3285     1611     1602     2281     3306     2279     2278     1604     3286     3288     1609
      434      154      155      928      927      645      646      703      704     1602     1611     3285     1606     2808     2813     2931     2810     1605     1610     2932     2934
      435      154      155      166      165      407      406      395      396     1602     1608     1655     1603     2278     2256     2255     2258     1604     1609     1661     1657
      436      154      165      166      155      645      656      657      646     1603     1655     1608     1602     2809     2838     2812     2808     1605     1658     1662     1610
      437      165      166      177      176      396      395      384      385     1655     1660     1700     1656     2255     2233     2232     2235     1657     1661     1706     1702
      438      165      176      177      166      656      667      668      657     1656     1700     1660     1655     2839     2860     2841     2838     1658     1703     1707     1662
      439      176      177      188      187      385      384      373      374     1700     1705     1745     1701     2232     2210     2209     2212     1702     1706     1751     1747
      440      176      187      188      177      667      678      679      668     1701     1745     1705     1700     2861     2882     2863     2860     1703     1748     1752     1707
      441      187      188      199      198      374      373      362      363     1745     1750     1790     1746     2209     2182     2181     2185     1747     1751     1795     1791
      442      187      198      199      188      678      689      690      679     1746     1790     1750     1745     2883     2904     2885     2882     1748     1792     1796     1752
      443      198      199      906      905      363      362      917      916     1790     1797     3254     1793     2181     2183     3272     2186     1791     1795     3257     3255
      444      198      905      906      199      689      711      712      690     1793     3254     1797     1790     2905     2948     2907     2904     1792     2949     2951     1796
      445      155      928      929      156      406      941      940      405     1611     3287     1616     1607     2279     3305     2277     2276     1609     3288     3290     1614
      446      155      156      929      928      646      647      702      703     1607     1616     3287     1611     2811     2816     2929     2813     1610     1615     2930     2932
      447      155      156      167      166      406      405      394      395     1607     1613     1659     1608     2276     2254     2253     2256     1609     1614     1665     1661
      448      155      166      167      156      646      657      658      647     1608     1659     1613     1607     2812     2840     2815     2811     1610     1662     1666     1615
      449      166      167      178      177      395      394      383      384     1659     1664     1704     1660     2253     2231     2230     2233     1661     1665     1710     1706
      450      166      177      178      167      657      668      669      658     1660     1704     1664     1659     2841     2862     2843     2840     1662     1707     1711     1666
      451      177      178      189      188      384      383      372      373     1704     1709     1749     1705     2230     2208     2207     2210     1706     1710     1755     1751
      452      177      188      189      178      668      679      680      669     1705     1749     1709     1704     2863     2884     2865     2862     1707     1752     1756     1711
      453      188      189      200      199      373      372      361      362     1749     1754     1794     1750     2207     2179     2178     2182     1751     1755     1799     1795
      454      188      199      200      189      679      690      691      680     1750     1794     1754     1749     2885     2906     2887     2884     1752     1796     1800     1756
      455      199      200      907      906      362      361      918      917     1794     1801     3256     1797     2178     2180     3273     2183     1795     1799     3259     3257
      456      199      906      907      200      690      712      713      691     1797     3256     1801     1794     2907     2950     2909     2906     1796     2951     2953     1800
      457      156      929      930      157      405      940      939      404     1616     3289     1621     1612     2277     3304     2275     2274     1614     3290     3292     1619
      458      156      157      930      929      647      648      701      702     1612     1621     3289     1616     2814     2819     2927     2816     1615     1620     2928     2930
      459      156      157      168      167      405      404      393      394     1612     1618     1663     1613     2274     2252     2251     2254     1614     1619     1669     1665
      460      156      167      168      157      647      658      659      648     1613     1663     1618     1612     2815     2842     2818     2814     1615     1666     1670     1620
      461      167      168      179      178      394      393      382      383     1663     1668     1708     1664     2251     2229     2228     2231     1665     1669     1714     1710
      462      167      178      179      168      658      669      670      659     1664     1708     1668     1663     2843     2864     2845     2842     1666     1711     1715     1670
      463      178      179      190      189      383      382      371      372     1708     1713     1753     1709     2228     2206     2205     2208     1710     1714     1759     1755
      464      178      189      190      179      669      680      681      670     1709     1753     1713     1708     2865     2886     2867     2864     1711     1756     1760     1715
      465      189      190      201      200      372      371      360      361     1753     1758     1798     1754     2205     2176     2175     2179     1755     1759     1803     1799
      466      189      200      201      190      680      691      692      681     1754     1798     1758     1753     2887     2908     2889     2886     1756     1800     1804     1760
      467      200      201      908      907      361      360      919      918     1798     1805     3258     1801     2175     2177     3274     2180     1799     1803     3261     3259
      468      200      907      908      201      691      713      714      692     1801     3258     1805     1798     2909     2952     2911     2908     1800     2953     2955     1804
      469      157      930      931      158      404      939      938      403     1621     3291     1626     1617     2275     3303     2273     2272     1619     3292     3294     1624
      470      157      158      931      930      648      649      700      701     1617     1626     3291     1621     2817     2822     2925     2819     1620     1625     2926     2928
      471      157      158      169      168      404      403      392      393     1617     1623     1667     1618     2272     2250     2249     2252     1619     1624     1673     1669
      472      157      168      169      158      648      659      660      649     1618     1667     1623     1617     2818     2844     2821     2817     1620     1670     1674     1625
      473      168      169      180      179      393      392      381      382     1667     1672     1712     1668     2249     2227     2226     2229     1669     1673     1718     1714
      474      168      179      180      169      659      670      671      660     1668     1712     1672     1667     2845     2866     2847     2844     1670     1715     1719     1674
      475      179      180      191      190      382      381      370      371     1712     1717     1757     1713     2226     2204     2203     2206     1714     1718     1763     1759
      476      179      190      191      180      670      681      682      671     1713     1757     1717     1712     2867     2888     2869     2866     1715     1760     1764     1719
      477      190      191      202      201      371      370      359      360     1757     1762     1802     1758     2203     2173     2172     2176     1759     1763     1807     1803
      478      190      201      202      191      681      692      693      682     1758     1802     1762     1757     2889     2910     2891     2888     1760     1804     1808     1764
      479      201      202      909      908      360      359      920      919     1802     1809     3260     1805     2172     2174     3275     2177     1803     1807     3263     3261
      480      201      908      909      202      692      714      715      693     1805     3260     1809     1802     2911     2954     2913     2910     1804     2955     2957     1808
      481      158      931      932      159      403      938      937      402     1626     3293     1631     1622     2273     3302     2271     2270     1624     3294     3296     1629
      482      158      159      932      931      649      650      699      700     1622     1631     3293     1626     2820     2825     2923     2822     1625     1630     2924     2926
      483      158      159      170      169      403      402      391      392     1622     1628     1671     1623     2270     2248     2247     2250     1624     1629     1677     1673
      484      158      169      170      159      649      660      661      650     1623     1671     1628     1622     2821     2846     2824     2820     1625     1674     1678     1630
      485      169      170      181      180      392      391      380      381     1671     1676     1716     1672     2247     2225     2224     2227     1673     1677     1722     1718
      486      169      180      181      170      660      671      672      661     1672     1716     1676     1671     2847     2868     2849     2846     1674     1719     1723     1678
      487      180      181      192      191      381      380      369      370     1716     1721     1761     1717     2224     2202     2201     2204     1718     1722     1767     1763
      488      180      191      192      181      671      682      683      672     1717     1761     1721     1716     2869     2890     2871     2868     1719     1764     1768     1723
      489      191      192      203      202      370      369      358      359     1761     1766     1806     1762     2201     2170     2169     2173     1763     1767     1811     1807
      490      191      202      203      192      682      693      694      683     1762     1806     1766     1761     2891     2912     2893     2890     1764     1808     1812     1768
      491      202      203      910      909      359      358      921      920     1806     1813     3262     1809     2169     2171     3276     2174     1807     1811     3265     3263
      492      202      909      910      203      693      715      716      694     1809     3262     1813     1806     2913     2956     2915     2912     1808     2957     2959     1812
      493      159      932      933      160      402      937      936      401     1631     3295     1636     1627     2271     3301     2269     2268     1629     3296     3298     1634
      494      159      160      933      932      650      651      698      699     1627     1636     3295     1631     2823     2828     2921     2825     1630     1635     2922     2924
      495      159      160      171      170      402      401      390      391     1627     1633     1675     1628     2268     2246     2245     2248     1629     1634     1681     1677
      496      159      170      171      160      650      661      662      651     1628     1675     1633     1627     2824     2848     2827     2823     1630     1678     1682     1635
      497      170      171      182      181      391      390      379      380     1675     1680     1720     1676     2245     2223     2222     2225     1677     1681     1726     1722
      498      170      181      182      171      661      672      673      662     1676     1720     1680     1675     2849     2870     2851     2848     1678     1723     1727     1682
      499      181      182      193      192      380      379      368      369     1720     1725     1765     1721     2222     2200     2199     2202     1722     1726     1771     1767
      500      181      192      193      182      672      683      684      673     1721     1765     1725     1720     2871     2892     2873     2870     1723     1768     1772     1727
      501      192      193      204      203      369      368      357      358     1765     1770     1810     1766     2199     2167     2166     2170     1767     1771     1815     1811
      502      192      203      204      193      683      694      695      684     1766     1810     1770     1765     2893     2914     2895     2892     1768     1812     1816     1772
      503      203      204      911      910      358      357      922      921     1810     1817     3264     1813     2166     2168     3277     2171     1811     1815     3267     3265
      504      203      910      911      204      694      716      717      695     1813     3264     1817     1810     2915     2958     2917     2914     1812     2959     2961     1816
      505      160      933      934      161      401      936      935      400     1636     3297     1641     1632     2269     3300     2267     2265     1634     3298     3299     1638
      506      160      161      934      933      651      652      697      698     1632     1641     3297     1636     2826     2830     2919     2828     1635     1639     2920     2922
      507      160      161      172      171      401      400      389      390     1632     1637     1679     1633     2265     2243     2242     2246     1634     1638     1684     1681
      508      160      171      172      161      651      662      663      652     1633     1679     1637     1632     2827     2850     2829     2826     1635     1682     1685     1639
      509      171      172      183      182      390      389      378      379     1679     1683     1724     1680     2242     2220     2219     2223     1681     1684     1729     1726
      510      171      182      183      172      662      673      674      663     1680     1724     1683     1679     2851     2872     2852     2850     1682     1727     1730     1685
      511      182      183      194      193      379      378      367      368     1724     1728     1769     1725     2219     2197     2196     2200     1726     1729     1774     1771
      512      182      193      194      183      673      684      685      674     1725     1769     1728     1724     2873     2894     2874     2872     1727     1772     1775     1730
      513      193      194      205      204      368      367      356      357     1769     1773     1814     1770     2196     2163     2162     2167     1771     1774     1818     1815
      514      193      204      205      194      684      695      696      685     1770     1814     1773     1769     2895     2916     2896     2894     1772     1816     1819     1775
      515      204      205      912      911      357      356      923      922     1814     1821     3266     1817     2162     2165     3278     2168     1815     1818     3268     3267
      516      204      911      912      205      695      717      718      696     1817     3266     1821     1814     2917     2960     2918     2916     1816     2961     2962     1819
      517      161      934      877      878      400      935      876      887     1641     3211     3210     1640     2267     3209     3208     2266     1638     3299     3207     3213
      518      161      878      877      934      652      641      640      697     1640     3210     3211     1641     2796     2793     2794     2830     1639     2797     2795     2920
      519      161      878      879      172      400      887      886      389     1640     3212     1686     1637     2266     3224     2244     2243     1638     3213     3215     1684
      520      161      172      879      878      652      663      639      641     1637     1686     3212     1640     2829     2791     2790     2796     1639     1685     2792     2797
      521      172      879      880      183      389      886      885      378     1686     3214     1731     1683     2244     3223     2221     2220     1684     3215     3217     1729
      522      172      183      880      879      663      674      638      639     1683     1731     3214     1686     2852     2788     2787     2791     1685     1730     2789     2792
      523      183      880      881      194      378      885      884      367     1731     3216     1776     1728     2221     3222     2198     2197     1729     3217     3219     1774
      524      183      194      881      880      674      685      637      638     1728     1776     3216     1731     2874     2785     2784     2788     1730     1775     2786     2789
      525      194      881      882      205      367      884      883      356     1776     3218     1820     1773     2198     3221     2164     2163     1774     3219     3220     1818
      526      194      205      882      881      685      696      636      637     1773     1820     3218     1776     2896     2782     2781     2785     1775     1819     2783     2786
      527      205      882      807      912      356      883      806      923     1820     3105     3106     1821     2164     3103     3104     2165     1818     3220     3102     3268
      528      205      912      807      882      696      718      635      636     1821     3106     3105     1820     2918     2779     2778     2782     1819     2962     2780     2783
-1
secnum,1    ! reset the section ID to default
! Material Id = {DC3F2332-56A9-4B03-B09E-49C685302BC4}
/wb,elem,end               !  done creating elements
toffst,459.67,      ! Temperature offset from absolute zero
/com,*********** Set Reference Temperature ***********
tref,71.6
/wb,mat,start              !  starting to send materials
/com,*********** Send Materials ***********
MP,DENS,1,0.000734544492879577,	! slinch in^-3
MP,ALPX,1,6.66666666666667e-06,	! F^-1
MP,C,1,373722.969668162,	! in^2 s^-2 F^-1
MP,KXX,1,7.55607836445752,	! slinch in s^-3 F^-1
MP,RSVX,1,8.52348993288591,	! ohm cmil in^-1
MP,MURX,1,10000,

TB,HYPE,1,1,3,YEOH
TBDATA,1,101.1778793908,-35.5112881199046,18.3173066102531,0,0,0
MP,UVID,1,d4aa369d-c3bf-469e-9d1c-2c2a90b37665

MP,DENS,2,0.000734544492879577,	! slinch in^-3
MP,ALPX,2,6.66666666666667e-06,	! F^-1
MP,C,2,373722.969668162,	! in^2 s^-2 F^-1
MP,KXX,2,7.55607836445752,	! slinch in s^-3 F^-1
MP,RSVX,2,8.52348993288591,	! ohm cmil in^-1
MP,MURX,2,10000,

TB,HYPE,2,1,3,YEOH
TBDATA,1,101.1778793908,-35.5112881199046,18.3173066102531,0,0,0
MP,UVID,2,d4aa369d-c3bf-469e-9d1c-2c2a90b37665

MP,DENS,3,0.000734544492879577,	! slinch in^-3
MP,ALPX,3,6.66666666666667e-06,	! F^-1
MP,C,3,373722.969668162,	! in^2 s^-2 F^-1
MP,KXX,3,7.55607836445752,	! slinch in s^-3 F^-1
MP,RSVX,3,8.52348993288591,	! ohm cmil in^-1
MP,MURX,3,10000,

TB,HYPE,3,1,3,YEOH
TBDATA,1,101.1778793908,-35.5112881199046,18.3173066102531,0,0,0
MP,UVID,3,d4aa369d-c3bf-469e-9d1c-2c2a90b37665

/wb,mat,end                !  done sending materials
!************************* Model Summary ********************
! Solid,	Elastomers,	matid,	1
! Solid,	Elastomers,	matid,	2
! Solid,	Elastomers,	matid,	3
!************************* End Model Summary ********************
! get the diagonal of the bounding box. Needed later for other things
*get,_xmin,node,,mnloc,x
*get,_ymin,node,,mnloc,y
*get,_zmin,node,,mnloc,z
*get,_xmax,node,,mxloc,x
*get,_ymax,node,,mxloc,y
*get,_zmax,node,,mxloc,z
_ASMDIAG=(_xmax-_xmin)*(_xmax-_xmin)+(_ymax-_ymin)*(_ymax-_ymin)+(_zmax-_zmin)*(_zmax-_zmin)
_ASMDIAG=SQRT(_ASMDIAG)
/wb,contact,start          !  starting to send contact
/wb,contact,end            !  done creating contacts
/golist
/wb,load,start             !  starting to send loads
/com,********* Frictionless Supports X *********
CMBLOCK,_FRICSUX,NODE,        9
(8i10)
       719      -725       888      -901      2963     -2975      3225     -3242
      3245
cmsel,s,_FRICSUX
d,all,ux,0
nsel,all
/com,********* Frictionless Supports Y *********
CMBLOCK,_FRICSUY,NODE,       42
(8i10)
       456      -464       470       481       593      -613       640       697
      -707       719       758      -779       834      -877       898       899
       924      -945      2392     -2410      2422      2444      2445      2694
     -2735      2794      2795      2919     -2940      2964      3028     -3058
      3060      3062      3144     -3207      3209      3211      3242     -3244
      3279     -3309
cmsel,s,_FRICSUY
d,all,uy,0
nsel,all
/com,********* Frictionless Supports Z *********
CMBLOCK,_FRICSUZ,NODE,       70
(8i10)
       206      -410       735      -744       747       753      -758       769
      -778       785      -789       798      -806       809       816      -821
       823       829      -833       855      -876       883      -887       893
      -898       901       913      -923       935      -945      1822     -2287
      2995     -3004      3006      3007      3012      3023     -3027      3029
      3049     -3057      3059      3060      3072     -3075      3093     -3101
      3103      3104      3109      3122     -3127      3130      3140     -3143
      3186     -3206      3208      3209      3221     -3224      3236     -3241
      3243      3247      3269     -3278      3300     -3309
cmsel,s,_FRICSUZ
d,all,uz,0
nsel,all
/gst,on,on
fini
*get,_numnode,node,0,count
*get,_numelem,elem,0,count
*get, _MAXELEMNUM, elem, 0, NUM, MAX
*get, _MAXNODENUM, node, 0, NUM, MAX
*get, _MAXELEMTYPE, etyp, 0, NUM, MAX
*get, _MAXREALCONST, rcon, 0, NUM, MAX
/go
/wb,load,end               !  done creating loads
/com,--- Number of total nodes = %_numnode%
/com,--- Number of contact elements = 0
/com,--- Number of spring elements = 0
/com,--- Number of bearing elements = 0
/com,--- Number of solid elements = 528
/com,--- Number of condensed parts = 0
/com,--- Number of total elements = %_numelem%
*get,_wallbsol,active,,time,wall
/com,****************************************************************************
/com,*************************    SOLUTION       ********************************
/com,****************************************************************************
/solu
antype,0                   ! static analysis
nlgeom,on                  ! Turn on Large Deformation Effects
_thickRatio=  0     ! Ratio of thick parts in the model
eqsl,sparse,,,,,1
cntr,print,1               ! print out contact info and also make no initial contact an error
cncheck,dmp		!	Enable program controlled contact splitting for distributed memory parallel run
dmpoption,emat,no             ! Don't combine emat file for DANSYS
dmpoption,esav,no             ! Don't combine esav file for DANSYS
nldiag,cont,iter           ! print out contact info each equilibrium iteration
rescontrol,define,last,last,,dele	   ! Program Controlled
/com,****************************************************
/com,******************* SOLVE FOR LS 1 OF 1 ****************
/com,*** Set Displacements ***
CMBLOCK,_CM89UX_XP,NODE,       10
(8i10)
       465      -470       480       746      -759      2411     -2422      2442
      3010     -3028
cmsel,s,_CM89UX_XP
d,all,ux,1.96850393700787
nsel,all

/com,*** Component For All Non-Zero UX Displacements ***
cmsel,s,_CM89ux_xp
cm,_DISPNONZEROUX,NODE
nsel,all

/nopr
/gopr
autots,on                   ! User turned on automatic time stepping
nsub,10,50,5,OFF
time,1.
outres,erase
outres,all,none
outres,nsol,all,
outres,rsol,all
outres,eangl,all
outres,etmp,all
outres,veng,all
outres,nload,all,
outres,strs,all,
outres,bkstr,all,
outres,epel,all,
outres,eppl,all,
outres,cont,all,
outres,nldat,all,
stabilize,off                   ! Stabilization turned OFF by user
! *********** WB SOLVE COMMAND ***********
! check interactive state
*get,ANSINTER_,active,,int
*if,ANSINTER_,ne,0,then
/eof
*endif
solve
/com *************** Write FE CONNECTORS ********* 
CEWRITE,file,ce,,INTE
/com,****************************************************
/com,*************** FINISHED SOLVE FOR LS 1 *************
fini
save,file,db
*get,_wallasol,active,,time,wall
/nopr
*get,_numnode,node,0,count
*get,_numelem,elem,0,count
*get, _MAXELEMNUM, elem, 0, NUM, MAX
*get, _MAXNODENUM, node, 0, NUM, MAX,,,INTERNAL
*get, _MAXELEMTYPE, etyp, 0, NUM, MAX
*get, _MAXREALCONST, rcon, 0, NUM, MAX
*get,_NSOLTHREADS,active,0,ntfs
*get,_NSOLPROCESSES,active,0,npfs
/gopr
/post1
xmlo,ENCODING,ISO-8859-1
xmlo,parm
/xml,parm,xml
fini
/gopr
*get,_walldone,active,,time,wall
_preptime=(_wallbsol-_wallstrt)*3600
_solvtime=(_wallasol-_wallbsol)*3600
_posttime=(_walldone-_wallasol)*3600
_totaltim=(_walldone-_wallstrt)*3600
*get,_dlbratio,active,0,solu,dlbr
*get,_combtime,active,0,solu,comb
*get,_ssmode,active,0,solu,ssmm
*get,_ndofs,active,0,solu,ndof
*get,_sol_end_time,active,0,set,time
*if,_sol_end_time,eq,1.000000,then
/fclean				!clean distributed files
*endif
/com,--- Total number of nodes = %_numnode%
/com,--- Total number of elements = %_numelem%
/com,--- Element load balance ratio = %_dlbratio%
/com,--- Time to combine distributed files = %_combtime%
/com,--- Sparse memory mode = %_ssmode%
/com,--- Number of DOF = %_ndofs%
/wb,file,end               ! done with WB generated input
