[0.000000] (-) TimerEvent: {}
[0.003139] (action_tutorials_interfaces) JobQueued: {'identifier': 'action_tutorials_interfaces', 'dependencies': OrderedDict()}
[0.008391] (my_package) JobQueued: {'identifier': 'my_package', 'dependencies': OrderedDict()}
[0.008456] (py_pubs) JobQueued: {'identifier': 'py_pubs', 'dependencies': OrderedDict()}
[0.008477] (py_srvcli) JobQueued: {'identifier': 'py_srvcli', 'dependencies': OrderedDict()}
[0.008494] (python_parameters) JobQueued: {'identifier': 'python_parameters', 'dependencies': OrderedDict()}
[0.008512] (tutorial_interfaces) JobQueued: {'identifier': 'tutorial_interfaces', 'dependencies': OrderedDict()}
[0.008528] (action_tutorials_py) JobQueued: {'identifier': 'action_tutorials_py', 'dependencies': OrderedDict([('action_tutorials_interfaces', '/home/brairlab/ros2_ws/install/action_tutorials_interfaces')])}
[0.008556] (action_tutorials_interfaces) JobStarted: {'identifier': 'action_tutorials_interfaces'}
[0.049861] (my_package) JobStarted: {'identifier': 'my_package'}
[0.076467] (py_pubs) JobStarted: {'identifier': 'py_pubs'}
[0.092602] (py_srvcli) JobStarted: {'identifier': 'py_srvcli'}
[0.103268] (-) TimerEvent: {}
[0.261358] (-) TimerEvent: {}
[0.271484] (action_tutorials_interfaces) JobProgress: {'identifier': 'action_tutorials_interfaces', 'progress': 'cmake'}
[0.277157] (action_tutorials_interfaces) JobProgress: {'identifier': 'action_tutorials_interfaces', 'progress': 'build'}
[0.277277] (action_tutorials_interfaces) Command: {'cmd': ['/usr/bin/cmake', '--build', '/home/brairlab/ros2_ws/build/action_tutorials_interfaces', '--', '-j4', '-l4'], 'cwd': '/home/brairlab/ros2_ws/build/action_tutorials_interfaces', 'env': OrderedDict([('LESSOPEN', '| /usr/bin/lesspipe %s'), ('USER', 'brairlab'), ('LC_TIME', 'it_IT.UTF-8'), ('XDG_SESSION_TYPE', 'wayland'), ('SHLVL', '1'), ('LD_LIBRARY_PATH', '/usr/lib/yarp:/opt/ros/humble/lib/x86_64-linux-gnu:/opt/ros/humble/lib'), ('HOME', '/home/brairlab'), ('DESKTOP_SESSION', 'ubuntu'), ('ROS_PYTHON_VERSION', '3'), ('GNOME_SHELL_SESSION_MODE', 'ubuntu'), ('GTK_MODULES', 'gail:atk-bridge'), ('LC_MONETARY', 'it_IT.UTF-8'), ('DBUS_STARTER_BUS_TYPE', 'session'), ('SYSTEMD_EXEC_PID', '2458'), ('DBUS_SESSION_BUS_ADDRESS', 'unix:path=/run/user/1000/bus,guid=f3f4ffbbb4edfd638e4a4ea5690b77a3'), ('COLORTERM', 'truecolor'), ('IM_CONFIG_PHASE', '1'), ('WAYLAND_DISPLAY', 'wayland-0'), ('ROS_DISTRO', 'humble'), ('LOGNAME', 'brairlab'), ('_', '/usr/bin/colcon'), ('ROS_VERSION', '2'), ('XDG_SESSION_CLASS', 'user'), ('USERNAME', 'brairlab'), ('TERM', 'xterm-256color'), ('GNOME_DESKTOP_SESSION_ID', 'this-is-deprecated'), ('ROS_LOCALHOST_ONLY', '0'), ('PATH', '/opt/ros/humble/bin:/usr/local/sbin:/usr/local/bin:/usr/sbin:/usr/bin:/sbin:/bin:/usr/games:/usr/local/games:/snap/bin:/snap/bin'), ('SESSION_MANAGER', 'local/brairlab-vm:@/tmp/.ICE-unix/2458,unix/brairlab-vm:/tmp/.ICE-unix/2458'), ('XDG_MENU_PREFIX', 'gnome-'), ('LC_ADDRESS', 'it_IT.UTF-8'), ('GNOME_TERMINAL_SCREEN', '/org/gnome/Terminal/screen/2530a811_6489_4d0a_985c_a7f6c8f5c3a1'), ('GNOME_SETUP_DISPLAY', ':1'), ('XDG_RUNTIME_DIR', '/run/user/1000'), ('DISPLAY', ':0'), ('LANG', 'en_US.UTF-8'), ('XDG_CURRENT_DESKTOP', 'ubuntu:GNOME'), ('LC_TELEPHONE', 'it_IT.UTF-8'), ('XMODIFIERS', '@im=ibus'), ('XDG_SESSION_DESKTOP', 'ubuntu'), ('XAUTHORITY', '/run/user/1000/.mutter-Xwaylandauth.23O6E3'), ('LS_COLORS', 'rs=0:di=01;34:ln=01;36:mh=00:pi=40;33:so=01;35:do=01;35:bd=40;33;01:cd=40;33;01:or=40;31;01:mi=00:su=37;41:sg=30;43:ca=30;41:tw=30;42:ow=34;42:st=37;44:ex=01;32:*.tar=01;31:*.tgz=01;31:*.arc=01;31:*.arj=01;31:*.taz=01;31:*.lha=01;31:*.lz4=01;31:*.lzh=01;31:*.lzma=01;31:*.tlz=01;31:*.txz=01;31:*.tzo=01;31:*.t7z=01;31:*.zip=01;31:*.z=01;31:*.dz=01;31:*.gz=01;31:*.lrz=01;31:*.lz=01;31:*.lzo=01;31:*.xz=01;31:*.zst=01;31:*.tzst=01;31:*.bz2=01;31:*.bz=01;31:*.tbz=01;31:*.tbz2=01;31:*.tz=01;31:*.deb=01;31:*.rpm=01;31:*.jar=01;31:*.war=01;31:*.ear=01;31:*.sar=01;31:*.rar=01;31:*.alz=01;31:*.ace=01;31:*.zoo=01;31:*.cpio=01;31:*.7z=01;31:*.rz=01;31:*.cab=01;31:*.wim=01;31:*.swm=01;31:*.dwm=01;31:*.esd=01;31:*.jpg=01;35:*.jpeg=01;35:*.mjpg=01;35:*.mjpeg=01;35:*.gif=01;35:*.bmp=01;35:*.pbm=01;35:*.pgm=01;35:*.ppm=01;35:*.tga=01;35:*.xbm=01;35:*.xpm=01;35:*.tif=01;35:*.tiff=01;35:*.png=01;35:*.svg=01;35:*.svgz=01;35:*.mng=01;35:*.pcx=01;35:*.mov=01;35:*.mpg=01;35:*.mpeg=01;35:*.m2v=01;35:*.mkv=01;35:*.webm=01;35:*.webp=01;35:*.ogm=01;35:*.mp4=01;35:*.m4v=01;35:*.mp4v=01;35:*.vob=01;35:*.qt=01;35:*.nuv=01;35:*.wmv=01;35:*.asf=01;35:*.rm=01;35:*.rmvb=01;35:*.flc=01;35:*.avi=01;35:*.fli=01;35:*.flv=01;35:*.gl=01;35:*.dl=01;35:*.xcf=01;35:*.xwd=01;35:*.yuv=01;35:*.cgm=01;35:*.emf=01;35:*.ogv=01;35:*.ogx=01;35:*.aac=00;36:*.au=00;36:*.flac=00;36:*.m4a=00;36:*.mid=00;36:*.midi=00;36:*.mka=00;36:*.mp3=00;36:*.mpc=00;36:*.ogg=00;36:*.ra=00;36:*.wav=00;36:*.oga=00;36:*.opus=00;36:*.spx=00;36:*.xspf=00;36:'), ('GNOME_TERMINAL_SERVICE', ':1.182'), ('SSH_AGENT_LAUNCHER', 'gnome-keyring'), ('SSH_AUTH_SOCK', '/run/user/1000/keyring/ssh'), ('AMENT_PREFIX_PATH', '/opt/ros/humble'), ('SHELL', '/bin/bash'), ('LC_NAME', 'it_IT.UTF-8'), ('QT_ACCESSIBILITY', '1'), ('GDMSESSION', 'ubuntu'), ('LESSCLOSE', '/usr/bin/lesspipe %s %s'), ('LC_MEASUREMENT', 'it_IT.UTF-8'), ('LC_IDENTIFICATION', 'it_IT.UTF-8'), ('QT_IM_MODULE', 'ibus'), ('PWD', '/home/brairlab/ros2_ws/build/action_tutorials_interfaces'), ('XDG_CONFIG_DIRS', '/etc/xdg/xdg-ubuntu:/etc/xdg'), ('DBUS_STARTER_ADDRESS', 'unix:path=/run/user/1000/bus,guid=f3f4ffbbb4edfd638e4a4ea5690b77a3'), ('XDG_DATA_DIRS', '/usr/share/ubuntu:/usr/local/share/:/usr/share/:/var/lib/snapd/desktop'), ('PYTHONPATH', '/opt/ros/humble/lib/python3.10/site-packages:/opt/ros/humble/local/lib/python3.10/dist-packages'), ('LC_NUMERIC', 'it_IT.UTF-8'), ('LC_PAPER', 'it_IT.UTF-8'), ('COLCON', '1'), ('VTE_VERSION', '6800'), ('CMAKE_PREFIX_PATH', '/opt/ros/humble')]), 'shell': False}
[0.363499] (-) TimerEvent: {}
[0.487350] (-) TimerEvent: {}
[0.657374] (-) TimerEvent: {}
[0.772446] (-) TimerEvent: {}
[0.879456] (-) TimerEvent: {}
[0.980634] (-) TimerEvent: {}
[1.085767] (-) TimerEvent: {}
[1.196851] (-) TimerEvent: {}
[1.325356] (-) TimerEvent: {}
[1.530662] (-) TimerEvent: {}
[1.659256] (-) TimerEvent: {}
[1.762266] (-) TimerEvent: {}
[1.863480] (-) TimerEvent: {}
[1.964639] (-) TimerEvent: {}
[2.069190] (-) TimerEvent: {}
[2.172415] (-) TimerEvent: {}
[2.273832] (-) TimerEvent: {}
[2.400597] (-) TimerEvent: {}
[2.530577] (-) TimerEvent: {}
[2.638262] (action_tutorials_interfaces) StdoutLine: {'line': b'[  3%] Built target action_tutorials_interfaces__cpp\n'}
[2.650151] (-) TimerEvent: {}
[2.651630] (action_tutorials_interfaces) StdoutLine: {'line': b'[  3%] Built target ament_cmake_python_copy_action_tutorials_interfaces\n'}
[2.652426] (action_tutorials_interfaces) StdoutLine: {'line': b'[ 12%] Built target action_tutorials_interfaces__rosidl_typesupport_fastrtps_cpp\n'}
[2.653073] (action_tutorials_interfaces) StdoutLine: {'line': b'[ 22%] Built target action_tutorials_interfaces__rosidl_typesupport_introspection_cpp\n'}
[2.654680] (action_tutorials_interfaces) StdoutLine: {'line': b'running egg_info\n'}
[2.654864] (action_tutorials_interfaces) StdoutLine: {'line': b'writing action_tutorials_interfaces.egg-info/PKG-INFO\n'}
[2.655259] (action_tutorials_interfaces) StdoutLine: {'line': b'writing dependency_links to action_tutorials_interfaces.egg-info/dependency_links.txt\n'}
[2.655384] (action_tutorials_interfaces) StdoutLine: {'line': b'writing top-level names to action_tutorials_interfaces.egg-info/top_level.txt\n'}
[2.655476] (action_tutorials_interfaces) StdoutLine: {'line': b"reading manifest file 'action_tutorials_interfaces.egg-info/SOURCES.txt'\n"}
[2.655558] (action_tutorials_interfaces) StdoutLine: {'line': b"writing manifest file 'action_tutorials_interfaces.egg-info/SOURCES.txt'\n"}
[2.759491] (action_tutorials_interfaces) StdoutLine: {'line': b'[ 22%] Built target ament_cmake_python_build_action_tutorials_interfaces_egg\n'}
[2.759867] (-) TimerEvent: {}
[2.905709] (-) TimerEvent: {}
[2.992884] (action_tutorials_interfaces) StdoutLine: {'line': b'[ 32%] Built target action_tutorials_interfaces__rosidl_typesupport_cpp\n'}
[3.030614] (-) TimerEvent: {}
[3.141085] (-) TimerEvent: {}
[3.166019] (action_tutorials_interfaces) StdoutLine: {'line': b'[ 41%] Built target action_tutorials_interfaces__rosidl_generator_c\n'}
[3.259319] (-) TimerEvent: {}
[3.367364] (-) TimerEvent: {}
[3.473547] (-) TimerEvent: {}
[3.488694] (action_tutorials_interfaces) StdoutLine: {'line': b'[ 51%] Built target action_tutorials_interfaces__rosidl_typesupport_fastrtps_c\n'}
[3.574475] (-) TimerEvent: {}
[3.679039] (-) TimerEvent: {}
[3.789218] (-) TimerEvent: {}
[3.793520] (action_tutorials_interfaces) StdoutLine: {'line': b'[ 61%] Built target action_tutorials_interfaces__rosidl_typesupport_c\n'}
[3.886492] (-) TimerEvent: {}
[3.976425] (action_tutorials_interfaces) StdoutLine: {'line': b'[ 70%] Built target action_tutorials_interfaces__rosidl_typesupport_introspection_c\n'}
[4.017417] (-) TimerEvent: {}
[4.198535] (py_srvcli) Command: {'cmd': ['/usr/bin/python3', '-W', 'ignore:setup.py install is deprecated', '-W', 'ignore:easy_install command is deprecated', 'setup.py', 'egg_info', '--egg-base', '../../build/py_srvcli', 'build', '--build-base', '/home/brairlab/ros2_ws/build/py_srvcli/build', 'install', '--record', '/home/brairlab/ros2_ws/build/py_srvcli/install.log', '--single-version-externally-managed', 'install_data'], 'cwd': '/home/brairlab/ros2_ws/src/py_srvcli', 'env': {'LESSOPEN': '| /usr/bin/lesspipe %s', 'USER': 'brairlab', 'LC_TIME': 'it_IT.UTF-8', 'XDG_SESSION_TYPE': 'wayland', 'SHLVL': '1', 'LD_LIBRARY_PATH': '/usr/lib/yarp:/opt/ros/humble/lib/x86_64-linux-gnu:/opt/ros/humble/lib', 'HOME': '/home/brairlab', 'DESKTOP_SESSION': 'ubuntu', 'ROS_PYTHON_VERSION': '3', 'GNOME_SHELL_SESSION_MODE': 'ubuntu', 'GTK_MODULES': 'gail:atk-bridge', 'LC_MONETARY': 'it_IT.UTF-8', 'DBUS_STARTER_BUS_TYPE': 'session', 'SYSTEMD_EXEC_PID': '2458', 'DBUS_SESSION_BUS_ADDRESS': 'unix:path=/run/user/1000/bus,guid=f3f4ffbbb4edfd638e4a4ea5690b77a3', 'COLORTERM': 'truecolor', 'IM_CONFIG_PHASE': '1', 'WAYLAND_DISPLAY': 'wayland-0', 'ROS_DISTRO': 'humble', 'LOGNAME': 'brairlab', '_': '/usr/bin/colcon', 'ROS_VERSION': '2', 'XDG_SESSION_CLASS': 'user', 'USERNAME': 'brairlab', 'TERM': 'xterm-256color', 'GNOME_DESKTOP_SESSION_ID': 'this-is-deprecated', 'ROS_LOCALHOST_ONLY': '0', 'PATH': '/opt/ros/humble/bin:/usr/local/sbin:/usr/local/bin:/usr/sbin:/usr/bin:/sbin:/bin:/usr/games:/usr/local/games:/snap/bin:/snap/bin', 'SESSION_MANAGER': 'local/brairlab-vm:@/tmp/.ICE-unix/2458,unix/brairlab-vm:/tmp/.ICE-unix/2458', 'XDG_MENU_PREFIX': 'gnome-', 'LC_ADDRESS': 'it_IT.UTF-8', 'GNOME_TERMINAL_SCREEN': '/org/gnome/Terminal/screen/2530a811_6489_4d0a_985c_a7f6c8f5c3a1', 'GNOME_SETUP_DISPLAY': ':1', 'XDG_RUNTIME_DIR': '/run/user/1000', 'DISPLAY': ':0', 'LANG': 'en_US.UTF-8', 'XDG_CURRENT_DESKTOP': 'ubuntu:GNOME', 'LC_TELEPHONE': 'it_IT.UTF-8', 'XMODIFIERS': '@im=ibus', 'XDG_SESSION_DESKTOP': 'ubuntu', 'XAUTHORITY': '/run/user/1000/.mutter-Xwaylandauth.23O6E3', 'LS_COLORS': 'rs=0:di=01;34:ln=01;36:mh=00:pi=40;33:so=01;35:do=01;35:bd=40;33;01:cd=40;33;01:or=40;31;01:mi=00:su=37;41:sg=30;43:ca=30;41:tw=30;42:ow=34;42:st=37;44:ex=01;32:*.tar=01;31:*.tgz=01;31:*.arc=01;31:*.arj=01;31:*.taz=01;31:*.lha=01;31:*.lz4=01;31:*.lzh=01;31:*.lzma=01;31:*.tlz=01;31:*.txz=01;31:*.tzo=01;31:*.t7z=01;31:*.zip=01;31:*.z=01;31:*.dz=01;31:*.gz=01;31:*.lrz=01;31:*.lz=01;31:*.lzo=01;31:*.xz=01;31:*.zst=01;31:*.tzst=01;31:*.bz2=01;31:*.bz=01;31:*.tbz=01;31:*.tbz2=01;31:*.tz=01;31:*.deb=01;31:*.rpm=01;31:*.jar=01;31:*.war=01;31:*.ear=01;31:*.sar=01;31:*.rar=01;31:*.alz=01;31:*.ace=01;31:*.zoo=01;31:*.cpio=01;31:*.7z=01;31:*.rz=01;31:*.cab=01;31:*.wim=01;31:*.swm=01;31:*.dwm=01;31:*.esd=01;31:*.jpg=01;35:*.jpeg=01;35:*.mjpg=01;35:*.mjpeg=01;35:*.gif=01;35:*.bmp=01;35:*.pbm=01;35:*.pgm=01;35:*.ppm=01;35:*.tga=01;35:*.xbm=01;35:*.xpm=01;35:*.tif=01;35:*.tiff=01;35:*.png=01;35:*.svg=01;35:*.svgz=01;35:*.mng=01;35:*.pcx=01;35:*.mov=01;35:*.mpg=01;35:*.mpeg=01;35:*.m2v=01;35:*.mkv=01;35:*.webm=01;35:*.webp=01;35:*.ogm=01;35:*.mp4=01;35:*.m4v=01;35:*.mp4v=01;35:*.vob=01;35:*.qt=01;35:*.nuv=01;35:*.wmv=01;35:*.asf=01;35:*.rm=01;35:*.rmvb=01;35:*.flc=01;35:*.avi=01;35:*.fli=01;35:*.flv=01;35:*.gl=01;35:*.dl=01;35:*.xcf=01;35:*.xwd=01;35:*.yuv=01;35:*.cgm=01;35:*.emf=01;35:*.ogv=01;35:*.ogx=01;35:*.aac=00;36:*.au=00;36:*.flac=00;36:*.m4a=00;36:*.mid=00;36:*.midi=00;36:*.mka=00;36:*.mp3=00;36:*.mpc=00;36:*.ogg=00;36:*.ra=00;36:*.wav=00;36:*.oga=00;36:*.opus=00;36:*.spx=00;36:*.xspf=00;36:', 'GNOME_TERMINAL_SERVICE': ':1.182', 'SSH_AGENT_LAUNCHER': 'gnome-keyring', 'SSH_AUTH_SOCK': '/run/user/1000/keyring/ssh', 'AMENT_PREFIX_PATH': '/opt/ros/humble', 'SHELL': '/bin/bash', 'LC_NAME': 'it_IT.UTF-8', 'QT_ACCESSIBILITY': '1', 'GDMSESSION': 'ubuntu', 'LESSCLOSE': '/usr/bin/lesspipe %s %s', 'LC_MEASUREMENT': 'it_IT.UTF-8', 'LC_IDENTIFICATION': 'it_IT.UTF-8', 'QT_IM_MODULE': 'ibus', 'PWD': '/home/brairlab/ros2_ws/build/py_srvcli', 'XDG_CONFIG_DIRS': '/etc/xdg/xdg-ubuntu:/etc/xdg', 'DBUS_STARTER_ADDRESS': 'unix:path=/run/user/1000/bus,guid=f3f4ffbbb4edfd638e4a4ea5690b77a3', 'XDG_DATA_DIRS': '/usr/share/ubuntu:/usr/local/share/:/usr/share/:/var/lib/snapd/desktop', 'PYTHONPATH': '/home/brairlab/ros2_ws/build/py_srvcli/prefix_override:/usr/lib/python3/dist-packages/colcon_core/task/python/colcon_distutils_commands:/home/brairlab/ros2_ws/install/py_srvcli/lib/python3.10/site-packages:/opt/ros/humble/lib/python3.10/site-packages:/opt/ros/humble/local/lib/python3.10/dist-packages', 'LC_NUMERIC': 'it_IT.UTF-8', 'LC_PAPER': 'it_IT.UTF-8', 'COLCON': '1', 'VTE_VERSION': '6800'}, 'shell': False}
[4.200114] (-) TimerEvent: {}
[4.200297] (action_tutorials_interfaces) StdoutLine: {'line': b'[ 70%] Built target action_tutorials_interfaces\n'}
[4.226889] (my_package) Command: {'cmd': ['/usr/bin/python3', '-W', 'ignore:setup.py install is deprecated', '-W', 'ignore:easy_install command is deprecated', 'setup.py', 'egg_info', '--egg-base', '../../build/my_package', 'build', '--build-base', '/home/brairlab/ros2_ws/build/my_package/build', 'install', '--record', '/home/brairlab/ros2_ws/build/my_package/install.log', '--single-version-externally-managed', 'install_data'], 'cwd': '/home/brairlab/ros2_ws/src/my_package', 'env': {'LESSOPEN': '| /usr/bin/lesspipe %s', 'USER': 'brairlab', 'LC_TIME': 'it_IT.UTF-8', 'XDG_SESSION_TYPE': 'wayland', 'SHLVL': '1', 'LD_LIBRARY_PATH': '/usr/lib/yarp:/opt/ros/humble/lib/x86_64-linux-gnu:/opt/ros/humble/lib', 'HOME': '/home/brairlab', 'DESKTOP_SESSION': 'ubuntu', 'ROS_PYTHON_VERSION': '3', 'GNOME_SHELL_SESSION_MODE': 'ubuntu', 'GTK_MODULES': 'gail:atk-bridge', 'LC_MONETARY': 'it_IT.UTF-8', 'DBUS_STARTER_BUS_TYPE': 'session', 'SYSTEMD_EXEC_PID': '2458', 'DBUS_SESSION_BUS_ADDRESS': 'unix:path=/run/user/1000/bus,guid=f3f4ffbbb4edfd638e4a4ea5690b77a3', 'COLORTERM': 'truecolor', 'IM_CONFIG_PHASE': '1', 'WAYLAND_DISPLAY': 'wayland-0', 'ROS_DISTRO': 'humble', 'LOGNAME': 'brairlab', '_': '/usr/bin/colcon', 'ROS_VERSION': '2', 'XDG_SESSION_CLASS': 'user', 'USERNAME': 'brairlab', 'TERM': 'xterm-256color', 'GNOME_DESKTOP_SESSION_ID': 'this-is-deprecated', 'ROS_LOCALHOST_ONLY': '0', 'PATH': '/opt/ros/humble/bin:/usr/local/sbin:/usr/local/bin:/usr/sbin:/usr/bin:/sbin:/bin:/usr/games:/usr/local/games:/snap/bin:/snap/bin', 'SESSION_MANAGER': 'local/brairlab-vm:@/tmp/.ICE-unix/2458,unix/brairlab-vm:/tmp/.ICE-unix/2458', 'XDG_MENU_PREFIX': 'gnome-', 'LC_ADDRESS': 'it_IT.UTF-8', 'GNOME_TERMINAL_SCREEN': '/org/gnome/Terminal/screen/2530a811_6489_4d0a_985c_a7f6c8f5c3a1', 'GNOME_SETUP_DISPLAY': ':1', 'XDG_RUNTIME_DIR': '/run/user/1000', 'DISPLAY': ':0', 'LANG': 'en_US.UTF-8', 'XDG_CURRENT_DESKTOP': 'ubuntu:GNOME', 'LC_TELEPHONE': 'it_IT.UTF-8', 'XMODIFIERS': '@im=ibus', 'XDG_SESSION_DESKTOP': 'ubuntu', 'XAUTHORITY': '/run/user/1000/.mutter-Xwaylandauth.23O6E3', 'LS_COLORS': 'rs=0:di=01;34:ln=01;36:mh=00:pi=40;33:so=01;35:do=01;35:bd=40;33;01:cd=40;33;01:or=40;31;01:mi=00:su=37;41:sg=30;43:ca=30;41:tw=30;42:ow=34;42:st=37;44:ex=01;32:*.tar=01;31:*.tgz=01;31:*.arc=01;31:*.arj=01;31:*.taz=01;31:*.lha=01;31:*.lz4=01;31:*.lzh=01;31:*.lzma=01;31:*.tlz=01;31:*.txz=01;31:*.tzo=01;31:*.t7z=01;31:*.zip=01;31:*.z=01;31:*.dz=01;31:*.gz=01;31:*.lrz=01;31:*.lz=01;31:*.lzo=01;31:*.xz=01;31:*.zst=01;31:*.tzst=01;31:*.bz2=01;31:*.bz=01;31:*.tbz=01;31:*.tbz2=01;31:*.tz=01;31:*.deb=01;31:*.rpm=01;31:*.jar=01;31:*.war=01;31:*.ear=01;31:*.sar=01;31:*.rar=01;31:*.alz=01;31:*.ace=01;31:*.zoo=01;31:*.cpio=01;31:*.7z=01;31:*.rz=01;31:*.cab=01;31:*.wim=01;31:*.swm=01;31:*.dwm=01;31:*.esd=01;31:*.jpg=01;35:*.jpeg=01;35:*.mjpg=01;35:*.mjpeg=01;35:*.gif=01;35:*.bmp=01;35:*.pbm=01;35:*.pgm=01;35:*.ppm=01;35:*.tga=01;35:*.xbm=01;35:*.xpm=01;35:*.tif=01;35:*.tiff=01;35:*.png=01;35:*.svg=01;35:*.svgz=01;35:*.mng=01;35:*.pcx=01;35:*.mov=01;35:*.mpg=01;35:*.mpeg=01;35:*.m2v=01;35:*.mkv=01;35:*.webm=01;35:*.webp=01;35:*.ogm=01;35:*.mp4=01;35:*.m4v=01;35:*.mp4v=01;35:*.vob=01;35:*.qt=01;35:*.nuv=01;35:*.wmv=01;35:*.asf=01;35:*.rm=01;35:*.rmvb=01;35:*.flc=01;35:*.avi=01;35:*.fli=01;35:*.flv=01;35:*.gl=01;35:*.dl=01;35:*.xcf=01;35:*.xwd=01;35:*.yuv=01;35:*.cgm=01;35:*.emf=01;35:*.ogv=01;35:*.ogx=01;35:*.aac=00;36:*.au=00;36:*.flac=00;36:*.m4a=00;36:*.mid=00;36:*.midi=00;36:*.mka=00;36:*.mp3=00;36:*.mpc=00;36:*.ogg=00;36:*.ra=00;36:*.wav=00;36:*.oga=00;36:*.opus=00;36:*.spx=00;36:*.xspf=00;36:', 'GNOME_TERMINAL_SERVICE': ':1.182', 'SSH_AGENT_LAUNCHER': 'gnome-keyring', 'SSH_AUTH_SOCK': '/run/user/1000/keyring/ssh', 'AMENT_PREFIX_PATH': '/opt/ros/humble', 'SHELL': '/bin/bash', 'LC_NAME': 'it_IT.UTF-8', 'QT_ACCESSIBILITY': '1', 'GDMSESSION': 'ubuntu', 'LESSCLOSE': '/usr/bin/lesspipe %s %s', 'LC_MEASUREMENT': 'it_IT.UTF-8', 'LC_IDENTIFICATION': 'it_IT.UTF-8', 'QT_IM_MODULE': 'ibus', 'PWD': '/home/brairlab/ros2_ws/build/my_package', 'XDG_CONFIG_DIRS': '/etc/xdg/xdg-ubuntu:/etc/xdg', 'DBUS_STARTER_ADDRESS': 'unix:path=/run/user/1000/bus,guid=f3f4ffbbb4edfd638e4a4ea5690b77a3', 'XDG_DATA_DIRS': '/usr/share/ubuntu:/usr/local/share/:/usr/share/:/var/lib/snapd/desktop', 'PYTHONPATH': '/home/brairlab/ros2_ws/build/my_package/prefix_override:/usr/lib/python3/dist-packages/colcon_core/task/python/colcon_distutils_commands:/home/brairlab/ros2_ws/install/my_package/lib/python3.10/site-packages:/opt/ros/humble/lib/python3.10/site-packages:/opt/ros/humble/local/lib/python3.10/dist-packages', 'LC_NUMERIC': 'it_IT.UTF-8', 'LC_PAPER': 'it_IT.UTF-8', 'COLCON': '1', 'VTE_VERSION': '6800'}, 'shell': False}
[4.301026] (-) TimerEvent: {}
[4.334086] (py_pubs) Command: {'cmd': ['/usr/bin/python3', '-W', 'ignore:setup.py install is deprecated', '-W', 'ignore:easy_install command is deprecated', 'setup.py', 'egg_info', '--egg-base', '../../build/py_pubs', 'build', '--build-base', '/home/brairlab/ros2_ws/build/py_pubs/build', 'install', '--record', '/home/brairlab/ros2_ws/build/py_pubs/install.log', '--single-version-externally-managed', 'install_data'], 'cwd': '/home/brairlab/ros2_ws/src/py_pubs', 'env': {'LESSOPEN': '| /usr/bin/lesspipe %s', 'USER': 'brairlab', 'LC_TIME': 'it_IT.UTF-8', 'XDG_SESSION_TYPE': 'wayland', 'SHLVL': '1', 'LD_LIBRARY_PATH': '/usr/lib/yarp:/opt/ros/humble/lib/x86_64-linux-gnu:/opt/ros/humble/lib', 'HOME': '/home/brairlab', 'DESKTOP_SESSION': 'ubuntu', 'ROS_PYTHON_VERSION': '3', 'GNOME_SHELL_SESSION_MODE': 'ubuntu', 'GTK_MODULES': 'gail:atk-bridge', 'LC_MONETARY': 'it_IT.UTF-8', 'DBUS_STARTER_BUS_TYPE': 'session', 'SYSTEMD_EXEC_PID': '2458', 'DBUS_SESSION_BUS_ADDRESS': 'unix:path=/run/user/1000/bus,guid=f3f4ffbbb4edfd638e4a4ea5690b77a3', 'COLORTERM': 'truecolor', 'IM_CONFIG_PHASE': '1', 'WAYLAND_DISPLAY': 'wayland-0', 'ROS_DISTRO': 'humble', 'LOGNAME': 'brairlab', '_': '/usr/bin/colcon', 'ROS_VERSION': '2', 'XDG_SESSION_CLASS': 'user', 'USERNAME': 'brairlab', 'TERM': 'xterm-256color', 'GNOME_DESKTOP_SESSION_ID': 'this-is-deprecated', 'ROS_LOCALHOST_ONLY': '0', 'PATH': '/opt/ros/humble/bin:/usr/local/sbin:/usr/local/bin:/usr/sbin:/usr/bin:/sbin:/bin:/usr/games:/usr/local/games:/snap/bin:/snap/bin', 'SESSION_MANAGER': 'local/brairlab-vm:@/tmp/.ICE-unix/2458,unix/brairlab-vm:/tmp/.ICE-unix/2458', 'XDG_MENU_PREFIX': 'gnome-', 'LC_ADDRESS': 'it_IT.UTF-8', 'GNOME_TERMINAL_SCREEN': '/org/gnome/Terminal/screen/2530a811_6489_4d0a_985c_a7f6c8f5c3a1', 'GNOME_SETUP_DISPLAY': ':1', 'XDG_RUNTIME_DIR': '/run/user/1000', 'DISPLAY': ':0', 'LANG': 'en_US.UTF-8', 'XDG_CURRENT_DESKTOP': 'ubuntu:GNOME', 'LC_TELEPHONE': 'it_IT.UTF-8', 'XMODIFIERS': '@im=ibus', 'XDG_SESSION_DESKTOP': 'ubuntu', 'XAUTHORITY': '/run/user/1000/.mutter-Xwaylandauth.23O6E3', 'LS_COLORS': 'rs=0:di=01;34:ln=01;36:mh=00:pi=40;33:so=01;35:do=01;35:bd=40;33;01:cd=40;33;01:or=40;31;01:mi=00:su=37;41:sg=30;43:ca=30;41:tw=30;42:ow=34;42:st=37;44:ex=01;32:*.tar=01;31:*.tgz=01;31:*.arc=01;31:*.arj=01;31:*.taz=01;31:*.lha=01;31:*.lz4=01;31:*.lzh=01;31:*.lzma=01;31:*.tlz=01;31:*.txz=01;31:*.tzo=01;31:*.t7z=01;31:*.zip=01;31:*.z=01;31:*.dz=01;31:*.gz=01;31:*.lrz=01;31:*.lz=01;31:*.lzo=01;31:*.xz=01;31:*.zst=01;31:*.tzst=01;31:*.bz2=01;31:*.bz=01;31:*.tbz=01;31:*.tbz2=01;31:*.tz=01;31:*.deb=01;31:*.rpm=01;31:*.jar=01;31:*.war=01;31:*.ear=01;31:*.sar=01;31:*.rar=01;31:*.alz=01;31:*.ace=01;31:*.zoo=01;31:*.cpio=01;31:*.7z=01;31:*.rz=01;31:*.cab=01;31:*.wim=01;31:*.swm=01;31:*.dwm=01;31:*.esd=01;31:*.jpg=01;35:*.jpeg=01;35:*.mjpg=01;35:*.mjpeg=01;35:*.gif=01;35:*.bmp=01;35:*.pbm=01;35:*.pgm=01;35:*.ppm=01;35:*.tga=01;35:*.xbm=01;35:*.xpm=01;35:*.tif=01;35:*.tiff=01;35:*.png=01;35:*.svg=01;35:*.svgz=01;35:*.mng=01;35:*.pcx=01;35:*.mov=01;35:*.mpg=01;35:*.mpeg=01;35:*.m2v=01;35:*.mkv=01;35:*.webm=01;35:*.webp=01;35:*.ogm=01;35:*.mp4=01;35:*.m4v=01;35:*.mp4v=01;35:*.vob=01;35:*.qt=01;35:*.nuv=01;35:*.wmv=01;35:*.asf=01;35:*.rm=01;35:*.rmvb=01;35:*.flc=01;35:*.avi=01;35:*.fli=01;35:*.flv=01;35:*.gl=01;35:*.dl=01;35:*.xcf=01;35:*.xwd=01;35:*.yuv=01;35:*.cgm=01;35:*.emf=01;35:*.ogv=01;35:*.ogx=01;35:*.aac=00;36:*.au=00;36:*.flac=00;36:*.m4a=00;36:*.mid=00;36:*.midi=00;36:*.mka=00;36:*.mp3=00;36:*.mpc=00;36:*.ogg=00;36:*.ra=00;36:*.wav=00;36:*.oga=00;36:*.opus=00;36:*.spx=00;36:*.xspf=00;36:', 'GNOME_TERMINAL_SERVICE': ':1.182', 'SSH_AGENT_LAUNCHER': 'gnome-keyring', 'SSH_AUTH_SOCK': '/run/user/1000/keyring/ssh', 'AMENT_PREFIX_PATH': '/opt/ros/humble', 'SHELL': '/bin/bash', 'LC_NAME': 'it_IT.UTF-8', 'QT_ACCESSIBILITY': '1', 'GDMSESSION': 'ubuntu', 'LESSCLOSE': '/usr/bin/lesspipe %s %s', 'LC_MEASUREMENT': 'it_IT.UTF-8', 'LC_IDENTIFICATION': 'it_IT.UTF-8', 'QT_IM_MODULE': 'ibus', 'PWD': '/home/brairlab/ros2_ws/build/py_pubs', 'XDG_CONFIG_DIRS': '/etc/xdg/xdg-ubuntu:/etc/xdg', 'DBUS_STARTER_ADDRESS': 'unix:path=/run/user/1000/bus,guid=f3f4ffbbb4edfd638e4a4ea5690b77a3', 'XDG_DATA_DIRS': '/usr/share/ubuntu:/usr/local/share/:/usr/share/:/var/lib/snapd/desktop', 'PYTHONPATH': '/home/brairlab/ros2_ws/build/py_pubs/prefix_override:/usr/lib/python3/dist-packages/colcon_core/task/python/colcon_distutils_commands:/home/brairlab/ros2_ws/install/py_pubs/lib/python3.10/site-packages:/opt/ros/humble/lib/python3.10/site-packages:/opt/ros/humble/local/lib/python3.10/dist-packages', 'LC_NUMERIC': 'it_IT.UTF-8', 'LC_PAPER': 'it_IT.UTF-8', 'COLCON': '1', 'VTE_VERSION': '6800'}, 'shell': False}
[4.401463] (-) TimerEvent: {}
[4.558119] (-) TimerEvent: {}
[4.660194] (-) TimerEvent: {}
[4.762590] (action_tutorials_interfaces) StdoutLine: {'line': b'[ 74%] Built target action_tutorials_interfaces__py\n'}
[4.762908] (-) TimerEvent: {}
[5.053430] (-) TimerEvent: {}
[5.157498] (-) TimerEvent: {}
[5.273396] (-) TimerEvent: {}
[5.750727] (-) TimerEvent: {}
[5.881566] (-) TimerEvent: {}
[6.491731] (-) TimerEvent: {}
[6.703050] (-) TimerEvent: {}
[7.054066] (-) TimerEvent: {}
[7.193845] (-) TimerEvent: {}
[7.362882] (-) TimerEvent: {}
[7.421810] (action_tutorials_interfaces) StdoutLine: {'line': b'[ 80%] Built target action_tutorials_interfaces__rosidl_generator_py\n'}
[7.472996] (-) TimerEvent: {}
[7.628750] (-) TimerEvent: {}
[7.807729] (-) TimerEvent: {}
[7.919098] (-) TimerEvent: {}
[8.140181] (-) TimerEvent: {}
[8.248701] (-) TimerEvent: {}
[8.582868] (-) TimerEvent: {}
[8.714956] (-) TimerEvent: {}
[8.845870] (-) TimerEvent: {}
[9.751967] (-) TimerEvent: {}
[9.890624] (-) TimerEvent: {}
[10.009328] (-) TimerEvent: {}
[10.186495] (action_tutorials_interfaces) StdoutLine: {'line': b'[ 87%] Built target action_tutorials_interfaces__rosidl_typesupport_fastrtps_c__pyext\n'}
[10.186918] (-) TimerEvent: {}
[10.306268] (-) TimerEvent: {}
[10.447703] (-) TimerEvent: {}
[10.571334] (-) TimerEvent: {}
[10.633516] (action_tutorials_interfaces) StdoutLine: {'line': b'[ 93%] Built target action_tutorials_interfaces__rosidl_typesupport_c__pyext\n'}
[10.702263] (-) TimerEvent: {}
[10.816719] (-) TimerEvent: {}
[10.947622] (my_package) StdoutLine: {'line': b'running egg_info\n'}
[10.961511] (-) TimerEvent: {}
[10.961944] (my_package) StdoutLine: {'line': b'writing ../../build/my_package/my_package.egg-info/PKG-INFO\n'}
[10.972085] (my_package) StdoutLine: {'line': b'writing dependency_links to ../../build/my_package/my_package.egg-info/dependency_links.txt\n'}
[11.000962] (my_package) StdoutLine: {'line': b'writing entry points to ../../build/my_package/my_package.egg-info/entry_points.txt\n'}
[11.014502] (my_package) StdoutLine: {'line': b'writing requirements to ../../build/my_package/my_package.egg-info/requires.txt\n'}
[11.016165] (my_package) StdoutLine: {'line': b'writing top-level names to ../../build/my_package/my_package.egg-info/top_level.txt\n'}
[11.066843] (py_srvcli) StdoutLine: {'line': b'running egg_info\n'}
[11.113471] (-) TimerEvent: {}
[11.136167] (py_srvcli) StdoutLine: {'line': b'writing ../../build/py_srvcli/py_srvcli.egg-info/PKG-INFO\n'}
[11.136455] (py_srvcli) StdoutLine: {'line': b'writing dependency_links to ../../build/py_srvcli/py_srvcli.egg-info/dependency_links.txt\n'}
[11.136606] (py_srvcli) StdoutLine: {'line': b'writing entry points to ../../build/py_srvcli/py_srvcli.egg-info/entry_points.txt\n'}
[11.136736] (py_srvcli) StdoutLine: {'line': b'writing requirements to ../../build/py_srvcli/py_srvcli.egg-info/requires.txt\n'}
[11.136856] (py_srvcli) StdoutLine: {'line': b'writing top-level names to ../../build/py_srvcli/py_srvcli.egg-info/top_level.txt\n'}
[11.137445] (py_srvcli) StdoutLine: {'line': b"reading manifest file '../../build/py_srvcli/py_srvcli.egg-info/SOURCES.txt'\n"}
[11.137592] (py_srvcli) StdoutLine: {'line': b"adding license file 'LICENSE'\n"}
[11.137712] (py_srvcli) StdoutLine: {'line': b"writing manifest file '../../build/py_srvcli/py_srvcli.egg-info/SOURCES.txt'\n"}
[11.137826] (py_srvcli) StdoutLine: {'line': b'running build\n'}
[11.137938] (py_srvcli) StdoutLine: {'line': b'running build_py\n'}
[11.138049] (py_srvcli) StdoutLine: {'line': b'running install\n'}
[11.138162] (py_srvcli) StdoutLine: {'line': b'running install_lib\n'}
[11.140927] (py_srvcli) StdoutLine: {'line': b'running install_data\n'}
[11.151050] (py_pubs) StdoutLine: {'line': b'running egg_info\n'}
[11.242866] (-) TimerEvent: {}
[11.248858] (my_package) StdoutLine: {'line': b"reading manifest file '../../build/my_package/my_package.egg-info/SOURCES.txt'\n"}
[11.249160] (py_srvcli) StdoutLine: {'line': b'running install_egg_info\n'}
[11.249300] (my_package) StdoutLine: {'line': b"adding license file 'LICENSE'\n"}
[11.249409] (my_package) StdoutLine: {'line': b"writing manifest file '../../build/my_package/my_package.egg-info/SOURCES.txt'\n"}
[11.249513] (my_package) StdoutLine: {'line': b'running build\n'}
[11.249613] (my_package) StdoutLine: {'line': b'running build_py\n'}
[11.249713] (py_pubs) StdoutLine: {'line': b'writing ../../build/py_pubs/py_pubs.egg-info/PKG-INFO\n'}
[11.252647] (py_srvcli) StdoutLine: {'line': b"removing '/home/brairlab/ros2_ws/install/py_srvcli/lib/python3.10/site-packages/py_srvcli-0.0.0-py3.10.egg-info' (and everything under it)\n"}
[11.261466] (py_pubs) StdoutLine: {'line': b'writing dependency_links to ../../build/py_pubs/py_pubs.egg-info/dependency_links.txt\n'}
[11.261695] (py_pubs) StdoutLine: {'line': b'writing entry points to ../../build/py_pubs/py_pubs.egg-info/entry_points.txt\n'}
[11.267141] (py_srvcli) StdoutLine: {'line': b'Copying ../../build/py_srvcli/py_srvcli.egg-info to /home/brairlab/ros2_ws/install/py_srvcli/lib/python3.10/site-packages/py_srvcli-0.0.0-py3.10.egg-info\n'}
[11.268529] (my_package) StdoutLine: {'line': b'running install\n'}
[11.272278] (py_srvcli) StdoutLine: {'line': b'running install_scripts\n'}
[11.274037] (py_pubs) StdoutLine: {'line': b'writing requirements to ../../build/py_pubs/py_pubs.egg-info/requires.txt\n'}
[11.283974] (my_package) StdoutLine: {'line': b'running install_lib\n'}
[11.321481] (action_tutorials_interfaces) StdoutLine: {'line': b'[100%] Built target action_tutorials_interfaces__rosidl_typesupport_introspection_c__pyext\n'}
[11.321654] (py_pubs) StdoutLine: {'line': b'writing top-level names to ../../build/py_pubs/py_pubs.egg-info/top_level.txt\n'}
[11.344892] (-) TimerEvent: {}
[11.358898] (my_package) StdoutLine: {'line': b'running install_data\n'}
[11.371351] (py_pubs) StdoutLine: {'line': b"reading manifest file '../../build/py_pubs/py_pubs.egg-info/SOURCES.txt'\n"}
[11.512959] (py_pubs) StdoutLine: {'line': b"adding license file 'LICENSE'\n"}
[11.681048] (-) TimerEvent: {}
[11.686681] (my_package) StdoutLine: {'line': b'running install_egg_info\n'}
[11.687702] (my_package) StdoutLine: {'line': b"removing '/home/brairlab/ros2_ws/install/my_package/lib/python3.10/site-packages/my_package-0.0.0-py3.10.egg-info' (and everything under it)\n"}
[11.687983] (my_package) StdoutLine: {'line': b'Copying ../../build/my_package/my_package.egg-info to /home/brairlab/ros2_ws/install/my_package/lib/python3.10/site-packages/my_package-0.0.0-py3.10.egg-info\n'}
[11.688133] (my_package) StdoutLine: {'line': b'running install_scripts\n'}
[11.688298] (py_pubs) StdoutLine: {'line': b"writing manifest file '../../build/py_pubs/py_pubs.egg-info/SOURCES.txt'\n"}
[11.688445] (py_pubs) StdoutLine: {'line': b'running build\n'}
[11.688561] (py_pubs) StdoutLine: {'line': b'running build_py\n'}
[11.735117] (py_pubs) StdoutLine: {'line': b'running install\n'}
[11.757752] (py_pubs) StdoutLine: {'line': b'running install_lib\n'}
[11.864631] (-) TimerEvent: {}
[11.865369] (py_pubs) StdoutLine: {'line': b'running install_data\n'}
[11.865577] (py_pubs) StdoutLine: {'line': b'running install_egg_info\n'}
[11.897648] (py_pubs) StdoutLine: {'line': b"removing '/home/brairlab/ros2_ws/install/py_pubs/lib/python3.10/site-packages/py_pubs-0.0.0-py3.10.egg-info' (and everything under it)\n"}
[11.924472] (py_pubs) StdoutLine: {'line': b'Copying ../../build/py_pubs/py_pubs.egg-info to /home/brairlab/ros2_ws/install/py_pubs/lib/python3.10/site-packages/py_pubs-0.0.0-py3.10.egg-info\n'}
[11.943165] (py_pubs) StdoutLine: {'line': b'running install_scripts\n'}
[11.943689] (action_tutorials_interfaces) CommandEnded: {'returncode': 0}
[11.945241] (py_srvcli) StdoutLine: {'line': b'Installing client script to /home/brairlab/ros2_ws/install/py_srvcli/lib/py_srvcli\n'}
[11.956516] (py_srvcli) StdoutLine: {'line': b'Installing service script to /home/brairlab/ros2_ws/install/py_srvcli/lib/py_srvcli\n'}
[11.994748] (-) TimerEvent: {}
[12.014515] (py_srvcli) StdoutLine: {'line': b"writing list of installed files to '/home/brairlab/ros2_ws/build/py_srvcli/install.log'\n"}
[12.032323] (action_tutorials_interfaces) JobProgress: {'identifier': 'action_tutorials_interfaces', 'progress': 'install'}
[12.039156] (my_package) StdoutLine: {'line': b'Installing my_node script to /home/brairlab/ros2_ws/install/my_package/lib/my_package\n'}
[12.113982] (my_package) StdoutLine: {'line': b"writing list of installed files to '/home/brairlab/ros2_ws/build/my_package/install.log'\n"}
[12.371051] (-) TimerEvent: {}
[12.455402] (action_tutorials_interfaces) Command: {'cmd': ['/usr/bin/cmake', '--install', '/home/brairlab/ros2_ws/build/action_tutorials_interfaces'], 'cwd': '/home/brairlab/ros2_ws/build/action_tutorials_interfaces', 'env': OrderedDict([('LESSOPEN', '| /usr/bin/lesspipe %s'), ('USER', 'brairlab'), ('LC_TIME', 'it_IT.UTF-8'), ('XDG_SESSION_TYPE', 'wayland'), ('SHLVL', '1'), ('LD_LIBRARY_PATH', '/usr/lib/yarp:/opt/ros/humble/lib/x86_64-linux-gnu:/opt/ros/humble/lib'), ('HOME', '/home/brairlab'), ('DESKTOP_SESSION', 'ubuntu'), ('ROS_PYTHON_VERSION', '3'), ('GNOME_SHELL_SESSION_MODE', 'ubuntu'), ('GTK_MODULES', 'gail:atk-bridge'), ('LC_MONETARY', 'it_IT.UTF-8'), ('DBUS_STARTER_BUS_TYPE', 'session'), ('SYSTEMD_EXEC_PID', '2458'), ('DBUS_SESSION_BUS_ADDRESS', 'unix:path=/run/user/1000/bus,guid=f3f4ffbbb4edfd638e4a4ea5690b77a3'), ('COLORTERM', 'truecolor'), ('IM_CONFIG_PHASE', '1'), ('WAYLAND_DISPLAY', 'wayland-0'), ('ROS_DISTRO', 'humble'), ('LOGNAME', 'brairlab'), ('_', '/usr/bin/colcon'), ('ROS_VERSION', '2'), ('XDG_SESSION_CLASS', 'user'), ('USERNAME', 'brairlab'), ('TERM', 'xterm-256color'), ('GNOME_DESKTOP_SESSION_ID', 'this-is-deprecated'), ('ROS_LOCALHOST_ONLY', '0'), ('PATH', '/opt/ros/humble/bin:/usr/local/sbin:/usr/local/bin:/usr/sbin:/usr/bin:/sbin:/bin:/usr/games:/usr/local/games:/snap/bin:/snap/bin'), ('SESSION_MANAGER', 'local/brairlab-vm:@/tmp/.ICE-unix/2458,unix/brairlab-vm:/tmp/.ICE-unix/2458'), ('XDG_MENU_PREFIX', 'gnome-'), ('LC_ADDRESS', 'it_IT.UTF-8'), ('GNOME_TERMINAL_SCREEN', '/org/gnome/Terminal/screen/2530a811_6489_4d0a_985c_a7f6c8f5c3a1'), ('GNOME_SETUP_DISPLAY', ':1'), ('XDG_RUNTIME_DIR', '/run/user/1000'), ('DISPLAY', ':0'), ('LANG', 'en_US.UTF-8'), ('XDG_CURRENT_DESKTOP', 'ubuntu:GNOME'), ('LC_TELEPHONE', 'it_IT.UTF-8'), ('XMODIFIERS', '@im=ibus'), ('XDG_SESSION_DESKTOP', 'ubuntu'), ('XAUTHORITY', '/run/user/1000/.mutter-Xwaylandauth.23O6E3'), ('LS_COLORS', 'rs=0:di=01;34:ln=01;36:mh=00:pi=40;33:so=01;35:do=01;35:bd=40;33;01:cd=40;33;01:or=40;31;01:mi=00:su=37;41:sg=30;43:ca=30;41:tw=30;42:ow=34;42:st=37;44:ex=01;32:*.tar=01;31:*.tgz=01;31:*.arc=01;31:*.arj=01;31:*.taz=01;31:*.lha=01;31:*.lz4=01;31:*.lzh=01;31:*.lzma=01;31:*.tlz=01;31:*.txz=01;31:*.tzo=01;31:*.t7z=01;31:*.zip=01;31:*.z=01;31:*.dz=01;31:*.gz=01;31:*.lrz=01;31:*.lz=01;31:*.lzo=01;31:*.xz=01;31:*.zst=01;31:*.tzst=01;31:*.bz2=01;31:*.bz=01;31:*.tbz=01;31:*.tbz2=01;31:*.tz=01;31:*.deb=01;31:*.rpm=01;31:*.jar=01;31:*.war=01;31:*.ear=01;31:*.sar=01;31:*.rar=01;31:*.alz=01;31:*.ace=01;31:*.zoo=01;31:*.cpio=01;31:*.7z=01;31:*.rz=01;31:*.cab=01;31:*.wim=01;31:*.swm=01;31:*.dwm=01;31:*.esd=01;31:*.jpg=01;35:*.jpeg=01;35:*.mjpg=01;35:*.mjpeg=01;35:*.gif=01;35:*.bmp=01;35:*.pbm=01;35:*.pgm=01;35:*.ppm=01;35:*.tga=01;35:*.xbm=01;35:*.xpm=01;35:*.tif=01;35:*.tiff=01;35:*.png=01;35:*.svg=01;35:*.svgz=01;35:*.mng=01;35:*.pcx=01;35:*.mov=01;35:*.mpg=01;35:*.mpeg=01;35:*.m2v=01;35:*.mkv=01;35:*.webm=01;35:*.webp=01;35:*.ogm=01;35:*.mp4=01;35:*.m4v=01;35:*.mp4v=01;35:*.vob=01;35:*.qt=01;35:*.nuv=01;35:*.wmv=01;35:*.asf=01;35:*.rm=01;35:*.rmvb=01;35:*.flc=01;35:*.avi=01;35:*.fli=01;35:*.flv=01;35:*.gl=01;35:*.dl=01;35:*.xcf=01;35:*.xwd=01;35:*.yuv=01;35:*.cgm=01;35:*.emf=01;35:*.ogv=01;35:*.ogx=01;35:*.aac=00;36:*.au=00;36:*.flac=00;36:*.m4a=00;36:*.mid=00;36:*.midi=00;36:*.mka=00;36:*.mp3=00;36:*.mpc=00;36:*.ogg=00;36:*.ra=00;36:*.wav=00;36:*.oga=00;36:*.opus=00;36:*.spx=00;36:*.xspf=00;36:'), ('GNOME_TERMINAL_SERVICE', ':1.182'), ('SSH_AGENT_LAUNCHER', 'gnome-keyring'), ('SSH_AUTH_SOCK', '/run/user/1000/keyring/ssh'), ('AMENT_PREFIX_PATH', '/opt/ros/humble'), ('SHELL', '/bin/bash'), ('LC_NAME', 'it_IT.UTF-8'), ('QT_ACCESSIBILITY', '1'), ('GDMSESSION', 'ubuntu'), ('LESSCLOSE', '/usr/bin/lesspipe %s %s'), ('LC_MEASUREMENT', 'it_IT.UTF-8'), ('LC_IDENTIFICATION', 'it_IT.UTF-8'), ('QT_IM_MODULE', 'ibus'), ('PWD', '/home/brairlab/ros2_ws/build/action_tutorials_interfaces'), ('XDG_CONFIG_DIRS', '/etc/xdg/xdg-ubuntu:/etc/xdg'), ('DBUS_STARTER_ADDRESS', 'unix:path=/run/user/1000/bus,guid=f3f4ffbbb4edfd638e4a4ea5690b77a3'), ('XDG_DATA_DIRS', '/usr/share/ubuntu:/usr/local/share/:/usr/share/:/var/lib/snapd/desktop'), ('PYTHONPATH', '/opt/ros/humble/lib/python3.10/site-packages:/opt/ros/humble/local/lib/python3.10/dist-packages'), ('LC_NUMERIC', 'it_IT.UTF-8'), ('LC_PAPER', 'it_IT.UTF-8'), ('COLCON', '1'), ('VTE_VERSION', '6800'), ('CMAKE_PREFIX_PATH', '/opt/ros/humble')]), 'shell': False}
[12.494726] (-) TimerEvent: {}
[12.536908] (py_srvcli) CommandEnded: {'returncode': 0}
[12.614516] (-) TimerEvent: {}
[12.616714] (action_tutorials_interfaces) StdoutLine: {'line': b'-- Install configuration: ""\n'}
[12.630699] (action_tutorials_interfaces) StdoutLine: {'line': b'-- Up-to-date: /home/brairlab/ros2_ws/install/action_tutorials_interfaces/share/ament_index/resource_index/rosidl_interfaces/action_tutorials_interfaces\n'}
[12.631241] (action_tutorials_interfaces) StdoutLine: {'line': b'-- Up-to-date: /home/brairlab/ros2_ws/install/action_tutorials_interfaces/include/action_tutorials_interfaces/action_tutorials_interfaces\n'}
[12.743803] (-) TimerEvent: {}
[12.771409] (action_tutorials_interfaces) StdoutLine: {'line': b'-- Up-to-date: /home/brairlab/ros2_ws/install/action_tutorials_interfaces/include/action_tutorials_interfaces/action_tutorials_interfaces/action\n'}
[12.772660] (action_tutorials_interfaces) StdoutLine: {'line': b'-- Up-to-date: /home/brairlab/ros2_ws/install/action_tutorials_interfaces/include/action_tutorials_interfaces/action_tutorials_interfaces/action/detail\n'}
[12.773013] (action_tutorials_interfaces) StdoutLine: {'line': b'-- Up-to-date: /home/brairlab/ros2_ws/install/action_tutorials_interfaces/include/action_tutorials_interfaces/action_tutorials_interfaces/action/detail/fibonacci__functions.h\n'}
[12.773285] (action_tutorials_interfaces) StdoutLine: {'line': b'-- Up-to-date: /home/brairlab/ros2_ws/install/action_tutorials_interfaces/include/action_tutorials_interfaces/action_tutorials_interfaces/action/detail/fibonacci__functions.c\n'}
[13.256208] (-) TimerEvent: {}
[13.256894] (action_tutorials_interfaces) StdoutLine: {'line': b'-- Up-to-date: /home/brairlab/ros2_ws/install/action_tutorials_interfaces/include/action_tutorials_interfaces/action_tutorials_interfaces/action/detail/fibonacci__struct.h\n'}
[13.257583] (action_tutorials_interfaces) StdoutLine: {'line': b'-- Up-to-date: /home/brairlab/ros2_ws/install/action_tutorials_interfaces/include/action_tutorials_interfaces/action_tutorials_interfaces/action/detail/fibonacci__type_support.h\n'}
[13.257796] (action_tutorials_interfaces) StdoutLine: {'line': b'-- Up-to-date: /home/brairlab/ros2_ws/install/action_tutorials_interfaces/include/action_tutorials_interfaces/action_tutorials_interfaces/action/fibonacci.h\n'}
[13.266374] (action_tutorials_interfaces) StdoutLine: {'line': b'-- Up-to-date: /home/brairlab/ros2_ws/install/action_tutorials_interfaces/include/action_tutorials_interfaces/action_tutorials_interfaces/msg\n'}
[13.267624] (action_tutorials_interfaces) StdoutLine: {'line': b'-- Up-to-date: /home/brairlab/ros2_ws/install/action_tutorials_interfaces/include/action_tutorials_interfaces/action_tutorials_interfaces/msg/rosidl_generator_c__visibility_control.h\n'}
[13.267767] (action_tutorials_interfaces) StdoutLine: {'line': b'-- Up-to-date: /home/brairlab/ros2_ws/install/action_tutorials_interfaces/share/action_tutorials_interfaces/environment/library_path.sh\n'}
[13.295837] (action_tutorials_interfaces) StdoutLine: {'line': b'-- Up-to-date: /home/brairlab/ros2_ws/install/action_tutorials_interfaces/share/action_tutorials_interfaces/environment/library_path.dsv\n'}
[13.307114] (action_tutorials_interfaces) StdoutLine: {'line': b'-- Up-to-date: /home/brairlab/ros2_ws/install/action_tutorials_interfaces/lib/libaction_tutorials_interfaces__rosidl_generator_c.so\n'}
[13.307260] (action_tutorials_interfaces) StdoutLine: {'line': b'-- Up-to-date: /home/brairlab/ros2_ws/install/action_tutorials_interfaces/include/action_tutorials_interfaces/action_tutorials_interfaces\n'}
[13.307393] (action_tutorials_interfaces) StdoutLine: {'line': b'-- Up-to-date: /home/brairlab/ros2_ws/install/action_tutorials_interfaces/include/action_tutorials_interfaces/action_tutorials_interfaces/action\n'}
[13.307520] (action_tutorials_interfaces) StdoutLine: {'line': b'-- Up-to-date: /home/brairlab/ros2_ws/install/action_tutorials_interfaces/include/action_tutorials_interfaces/action_tutorials_interfaces/action/detail\n'}
[13.307674] (action_tutorials_interfaces) StdoutLine: {'line': b'-- Up-to-date: /home/brairlab/ros2_ws/install/action_tutorials_interfaces/include/action_tutorials_interfaces/action_tutorials_interfaces/action/detail/fibonacci__rosidl_typesupport_fastrtps_c.h\n'}
[13.307800] (action_tutorials_interfaces) StdoutLine: {'line': b'-- Up-to-date: /home/brairlab/ros2_ws/install/action_tutorials_interfaces/include/action_tutorials_interfaces/action_tutorials_interfaces/msg\n'}
[13.307933] (action_tutorials_interfaces) StdoutLine: {'line': b'-- Up-to-date: /home/brairlab/ros2_ws/install/action_tutorials_interfaces/include/action_tutorials_interfaces/action_tutorials_interfaces/msg/rosidl_typesupport_fastrtps_c__visibility_control.h\n'}
[13.308105] (action_tutorials_interfaces) StdoutLine: {'line': b'-- Up-to-date: /home/brairlab/ros2_ws/install/action_tutorials_interfaces/lib/libaction_tutorials_interfaces__rosidl_typesupport_fastrtps_c.so\n'}
[13.308249] (action_tutorials_interfaces) StdoutLine: {'line': b'-- Up-to-date: /home/brairlab/ros2_ws/install/action_tutorials_interfaces/include/action_tutorials_interfaces/action_tutorials_interfaces\n'}
[13.308396] (action_tutorials_interfaces) StdoutLine: {'line': b'-- Up-to-date: /home/brairlab/ros2_ws/install/action_tutorials_interfaces/include/action_tutorials_interfaces/action_tutorials_interfaces/action\n'}
[13.308649] (action_tutorials_interfaces) StdoutLine: {'line': b'-- Up-to-date: /home/brairlab/ros2_ws/install/action_tutorials_interfaces/include/action_tutorials_interfaces/action_tutorials_interfaces/action/detail\n'}
[13.308809] (action_tutorials_interfaces) StdoutLine: {'line': b'-- Up-to-date: /home/brairlab/ros2_ws/install/action_tutorials_interfaces/include/action_tutorials_interfaces/action_tutorials_interfaces/action/detail/fibonacci__type_support.c\n'}
[13.308942] (action_tutorials_interfaces) StdoutLine: {'line': b'-- Up-to-date: /home/brairlab/ros2_ws/install/action_tutorials_interfaces/include/action_tutorials_interfaces/action_tutorials_interfaces/action/detail/fibonacci__rosidl_typesupport_introspection_c.h\n'}
[13.309069] (action_tutorials_interfaces) StdoutLine: {'line': b'-- Up-to-date: /home/brairlab/ros2_ws/install/action_tutorials_interfaces/include/action_tutorials_interfaces/action_tutorials_interfaces/msg\n'}
[13.309215] (action_tutorials_interfaces) StdoutLine: {'line': b'-- Up-to-date: /home/brairlab/ros2_ws/install/action_tutorials_interfaces/include/action_tutorials_interfaces/action_tutorials_interfaces/msg/rosidl_typesupport_introspection_c__visibility_control.h\n'}
[13.309328] (action_tutorials_interfaces) StdoutLine: {'line': b'-- Up-to-date: /home/brairlab/ros2_ws/install/action_tutorials_interfaces/lib/libaction_tutorials_interfaces__rosidl_typesupport_introspection_c.so\n'}
[13.309440] (action_tutorials_interfaces) StdoutLine: {'line': b'-- Up-to-date: /home/brairlab/ros2_ws/install/action_tutorials_interfaces/lib/libaction_tutorials_interfaces__rosidl_typesupport_c.so\n'}
[13.309595] (action_tutorials_interfaces) StdoutLine: {'line': b'-- Up-to-date: /home/brairlab/ros2_ws/install/action_tutorials_interfaces/include/action_tutorials_interfaces/action_tutorials_interfaces\n'}
[13.309723] (action_tutorials_interfaces) StdoutLine: {'line': b'-- Up-to-date: /home/brairlab/ros2_ws/install/action_tutorials_interfaces/include/action_tutorials_interfaces/action_tutorials_interfaces/action\n'}
[13.309856] (action_tutorials_interfaces) StdoutLine: {'line': b'-- Up-to-date: /home/brairlab/ros2_ws/install/action_tutorials_interfaces/include/action_tutorials_interfaces/action_tutorials_interfaces/action/detail\n'}
[13.310001] (action_tutorials_interfaces) StdoutLine: {'line': b'-- Up-to-date: /home/brairlab/ros2_ws/install/action_tutorials_interfaces/include/action_tutorials_interfaces/action_tutorials_interfaces/action/detail/fibonacci__struct.hpp\n'}
[13.362389] (-) TimerEvent: {}
[13.363313] (action_tutorials_interfaces) StdoutLine: {'line': b'-- Up-to-date: /home/brairlab/ros2_ws/install/action_tutorials_interfaces/include/action_tutorials_interfaces/action_tutorials_interfaces/action/detail/fibonacci__builder.hpp\n'}
[13.367065] (action_tutorials_interfaces) StdoutLine: {'line': b'-- Up-to-date: /home/brairlab/ros2_ws/install/action_tutorials_interfaces/include/action_tutorials_interfaces/action_tutorials_interfaces/action/detail/fibonacci__traits.hpp\n'}
[13.367350] (action_tutorials_interfaces) StdoutLine: {'line': b'-- Up-to-date: /home/brairlab/ros2_ws/install/action_tutorials_interfaces/include/action_tutorials_interfaces/action_tutorials_interfaces/action/fibonacci.hpp\n'}
[13.368561] (action_tutorials_interfaces) StdoutLine: {'line': b'-- Up-to-date: /home/brairlab/ros2_ws/install/action_tutorials_interfaces/include/action_tutorials_interfaces/action_tutorials_interfaces\n'}
[13.377425] (action_tutorials_interfaces) StdoutLine: {'line': b'-- Up-to-date: /home/brairlab/ros2_ws/install/action_tutorials_interfaces/include/action_tutorials_interfaces/action_tutorials_interfaces/action\n'}
[13.377662] (action_tutorials_interfaces) StdoutLine: {'line': b'-- Up-to-date: /home/brairlab/ros2_ws/install/action_tutorials_interfaces/include/action_tutorials_interfaces/action_tutorials_interfaces/action/detail\n'}
[13.378446] (action_tutorials_interfaces) StdoutLine: {'line': b'-- Up-to-date: /home/brairlab/ros2_ws/install/action_tutorials_interfaces/include/action_tutorials_interfaces/action_tutorials_interfaces/action/detail/fibonacci__rosidl_typesupport_fastrtps_cpp.hpp\n'}
[13.378585] (action_tutorials_interfaces) StdoutLine: {'line': b'-- Up-to-date: /home/brairlab/ros2_ws/install/action_tutorials_interfaces/include/action_tutorials_interfaces/action_tutorials_interfaces/action/detail/dds_fastrtps\n'}
[13.378789] (action_tutorials_interfaces) StdoutLine: {'line': b'-- Up-to-date: /home/brairlab/ros2_ws/install/action_tutorials_interfaces/include/action_tutorials_interfaces/action_tutorials_interfaces/msg\n'}
[13.379631] (action_tutorials_interfaces) StdoutLine: {'line': b'-- Up-to-date: /home/brairlab/ros2_ws/install/action_tutorials_interfaces/include/action_tutorials_interfaces/action_tutorials_interfaces/msg/rosidl_typesupport_fastrtps_cpp__visibility_control.h\n'}
[13.379775] (action_tutorials_interfaces) StdoutLine: {'line': b'-- Up-to-date: /home/brairlab/ros2_ws/install/action_tutorials_interfaces/lib/libaction_tutorials_interfaces__rosidl_typesupport_fastrtps_cpp.so\n'}
[13.380280] (action_tutorials_interfaces) StdoutLine: {'line': b'-- Up-to-date: /home/brairlab/ros2_ws/install/action_tutorials_interfaces/include/action_tutorials_interfaces/action_tutorials_interfaces\n'}
[13.380440] (action_tutorials_interfaces) StdoutLine: {'line': b'-- Up-to-date: /home/brairlab/ros2_ws/install/action_tutorials_interfaces/include/action_tutorials_interfaces/action_tutorials_interfaces/action\n'}
[13.380546] (action_tutorials_interfaces) StdoutLine: {'line': b'-- Up-to-date: /home/brairlab/ros2_ws/install/action_tutorials_interfaces/include/action_tutorials_interfaces/action_tutorials_interfaces/action/detail\n'}
[13.380644] (action_tutorials_interfaces) StdoutLine: {'line': b'-- Up-to-date: /home/brairlab/ros2_ws/install/action_tutorials_interfaces/include/action_tutorials_interfaces/action_tutorials_interfaces/action/detail/fibonacci__type_support.cpp\n'}
[13.381081] (action_tutorials_interfaces) StdoutLine: {'line': b'-- Up-to-date: /home/brairlab/ros2_ws/install/action_tutorials_interfaces/include/action_tutorials_interfaces/action_tutorials_interfaces/action/detail/fibonacci__rosidl_typesupport_introspection_cpp.hpp\n'}
[13.381262] (action_tutorials_interfaces) StdoutLine: {'line': b'-- Up-to-date: /home/brairlab/ros2_ws/install/action_tutorials_interfaces/lib/libaction_tutorials_interfaces__rosidl_typesupport_introspection_cpp.so\n'}
[13.381371] (action_tutorials_interfaces) StdoutLine: {'line': b'-- Up-to-date: /home/brairlab/ros2_ws/install/action_tutorials_interfaces/lib/libaction_tutorials_interfaces__rosidl_typesupport_cpp.so\n'}
[13.381486] (action_tutorials_interfaces) StdoutLine: {'line': b'-- Up-to-date: /home/brairlab/ros2_ws/install/action_tutorials_interfaces/share/action_tutorials_interfaces/environment/pythonpath.sh\n'}
[13.381600] (action_tutorials_interfaces) StdoutLine: {'line': b'-- Up-to-date: /home/brairlab/ros2_ws/install/action_tutorials_interfaces/share/action_tutorials_interfaces/environment/pythonpath.dsv\n'}
[13.381721] (action_tutorials_interfaces) StdoutLine: {'line': b'-- Up-to-date: /home/brairlab/ros2_ws/install/action_tutorials_interfaces/local/lib/python3.10/dist-packages/action_tutorials_interfaces-0.0.0-py3.10.egg-info\n'}
[13.381858] (action_tutorials_interfaces) StdoutLine: {'line': b'-- Installing: /home/brairlab/ros2_ws/install/action_tutorials_interfaces/local/lib/python3.10/dist-packages/action_tutorials_interfaces-0.0.0-py3.10.egg-info/top_level.txt\n'}
[13.382024] (action_tutorials_interfaces) StdoutLine: {'line': b'-- Installing: /home/brairlab/ros2_ws/install/action_tutorials_interfaces/local/lib/python3.10/dist-packages/action_tutorials_interfaces-0.0.0-py3.10.egg-info/SOURCES.txt\n'}
[13.382139] (action_tutorials_interfaces) StdoutLine: {'line': b'-- Installing: /home/brairlab/ros2_ws/install/action_tutorials_interfaces/local/lib/python3.10/dist-packages/action_tutorials_interfaces-0.0.0-py3.10.egg-info/dependency_links.txt\n'}
[13.382232] (action_tutorials_interfaces) StdoutLine: {'line': b'-- Installing: /home/brairlab/ros2_ws/install/action_tutorials_interfaces/local/lib/python3.10/dist-packages/action_tutorials_interfaces-0.0.0-py3.10.egg-info/PKG-INFO\n'}
[13.382329] (action_tutorials_interfaces) StdoutLine: {'line': b'-- Up-to-date: /home/brairlab/ros2_ws/install/action_tutorials_interfaces/local/lib/python3.10/dist-packages/action_tutorials_interfaces\n'}
[13.382423] (action_tutorials_interfaces) StdoutLine: {'line': b'-- Up-to-date: /home/brairlab/ros2_ws/install/action_tutorials_interfaces/local/lib/python3.10/dist-packages/action_tutorials_interfaces/_action_tutorials_interfaces_s.ep.rosidl_typesupport_introspection_c.c\n'}
[13.382516] (action_tutorials_interfaces) StdoutLine: {'line': b'-- Up-to-date: /home/brairlab/ros2_ws/install/action_tutorials_interfaces/local/lib/python3.10/dist-packages/action_tutorials_interfaces/libaction_tutorials_interfaces__rosidl_generator_py.so\n'}
[13.382608] (action_tutorials_interfaces) StdoutLine: {'line': b'-- Up-to-date: /home/brairlab/ros2_ws/install/action_tutorials_interfaces/local/lib/python3.10/dist-packages/action_tutorials_interfaces/action_tutorials_interfaces_s__rosidl_typesupport_c.cpython-310-x86_64-linux-gnu.so\n'}
[13.382702] (action_tutorials_interfaces) StdoutLine: {'line': b'-- Up-to-date: /home/brairlab/ros2_ws/install/action_tutorials_interfaces/local/lib/python3.10/dist-packages/action_tutorials_interfaces/action_tutorials_interfaces_s__rosidl_typesupport_fastrtps_c.cpython-310-x86_64-linux-gnu.so\n'}
[13.382806] (action_tutorials_interfaces) StdoutLine: {'line': b'-- Up-to-date: /home/brairlab/ros2_ws/install/action_tutorials_interfaces/local/lib/python3.10/dist-packages/action_tutorials_interfaces/action\n'}
[13.382904] (action_tutorials_interfaces) StdoutLine: {'line': b'-- Up-to-date: /home/brairlab/ros2_ws/install/action_tutorials_interfaces/local/lib/python3.10/dist-packages/action_tutorials_interfaces/action/_fibonacci_s.c\n'}
[13.382995] (action_tutorials_interfaces) StdoutLine: {'line': b'-- Up-to-date: /home/brairlab/ros2_ws/install/action_tutorials_interfaces/local/lib/python3.10/dist-packages/action_tutorials_interfaces/action/_fibonacci.py\n'}
[13.383178] (action_tutorials_interfaces) StdoutLine: {'line': b'-- Up-to-date: /home/brairlab/ros2_ws/install/action_tutorials_interfaces/local/lib/python3.10/dist-packages/action_tutorials_interfaces/action/__init__.py\n'}
[13.383282] (action_tutorials_interfaces) StdoutLine: {'line': b'-- Up-to-date: /home/brairlab/ros2_ws/install/action_tutorials_interfaces/local/lib/python3.10/dist-packages/action_tutorials_interfaces/_action_tutorials_interfaces_s.ep.rosidl_typesupport_c.c\n'}
[13.383379] (action_tutorials_interfaces) StdoutLine: {'line': b'-- Up-to-date: /home/brairlab/ros2_ws/install/action_tutorials_interfaces/local/lib/python3.10/dist-packages/action_tutorials_interfaces/__init__.py\n'}
[13.383473] (action_tutorials_interfaces) StdoutLine: {'line': b'-- Up-to-date: /home/brairlab/ros2_ws/install/action_tutorials_interfaces/local/lib/python3.10/dist-packages/action_tutorials_interfaces/action_tutorials_interfaces_s__rosidl_typesupport_introspection_c.cpython-310-x86_64-linux-gnu.so\n'}
[13.383567] (action_tutorials_interfaces) StdoutLine: {'line': b'-- Up-to-date: /home/brairlab/ros2_ws/install/action_tutorials_interfaces/local/lib/python3.10/dist-packages/action_tutorials_interfaces/_action_tutorials_interfaces_s.ep.rosidl_typesupport_fastrtps_c.c\n'}
[13.383672] (py_pubs) StdoutLine: {'line': b'Installing listener script to /home/brairlab/ros2_ws/install/py_pubs/lib/py_pubs\n'}
[13.401278] (py_pubs) StdoutLine: {'line': b'Installing talker script to /home/brairlab/ros2_ws/install/py_pubs/lib/py_pubs\n'}
[13.445053] (py_pubs) StdoutLine: {'line': b"writing list of installed files to '/home/brairlab/ros2_ws/build/py_pubs/install.log'\n"}
[13.463550] (-) TimerEvent: {}
[13.595844] (-) TimerEvent: {}
[13.716489] (-) TimerEvent: {}
[13.741718] (action_tutorials_interfaces) StdoutLine: {'line': b"Listing '/home/brairlab/ros2_ws/install/action_tutorials_interfaces/local/lib/python3.10/dist-packages/action_tutorials_interfaces'...\n"}
[13.742496] (action_tutorials_interfaces) StdoutLine: {'line': b"Listing '/home/brairlab/ros2_ws/install/action_tutorials_interfaces/local/lib/python3.10/dist-packages/action_tutorials_interfaces/action'...\n"}
[13.817184] (-) TimerEvent: {}
[13.988941] (py_srvcli) JobEnded: {'identifier': 'py_srvcli', 'rc': 0}
[14.173481] (-) TimerEvent: {}
[14.174181] (action_tutorials_interfaces) StdoutLine: {'line': b'-- Up-to-date: /home/brairlab/ros2_ws/install/action_tutorials_interfaces/local/lib/python3.10/dist-packages/action_tutorials_interfaces/action_tutorials_interfaces_s__rosidl_typesupport_fastrtps_c.cpython-310-x86_64-linux-gnu.so\n'}
[14.175059] (action_tutorials_interfaces) StdoutLine: {'line': b'-- Up-to-date: /home/brairlab/ros2_ws/install/action_tutorials_interfaces/local/lib/python3.10/dist-packages/action_tutorials_interfaces/action_tutorials_interfaces_s__rosidl_typesupport_introspection_c.cpython-310-x86_64-linux-gnu.so\n'}
[14.175483] (action_tutorials_interfaces) StdoutLine: {'line': b'-- Up-to-date: /home/brairlab/ros2_ws/install/action_tutorials_interfaces/local/lib/python3.10/dist-packages/action_tutorials_interfaces/action_tutorials_interfaces_s__rosidl_typesupport_c.cpython-310-x86_64-linux-gnu.so\n'}
[14.179654] (action_tutorials_interfaces) StdoutLine: {'line': b'-- Up-to-date: /home/brairlab/ros2_ws/install/action_tutorials_interfaces/lib/libaction_tutorials_interfaces__rosidl_generator_py.so\n'}
[14.180650] (action_tutorials_interfaces) StdoutLine: {'line': b'-- Up-to-date: /home/brairlab/ros2_ws/install/action_tutorials_interfaces/share/action_tutorials_interfaces/action/Fibonacci.idl\n'}
[14.181219] (python_parameters) JobStarted: {'identifier': 'python_parameters'}
[14.183777] (action_tutorials_interfaces) StdoutLine: {'line': b'-- Up-to-date: /home/brairlab/ros2_ws/install/action_tutorials_interfaces/share/action_tutorials_interfaces/action/Fibonacci.action\n'}
[14.197259] (action_tutorials_interfaces) StdoutLine: {'line': b'-- Up-to-date: /home/brairlab/ros2_ws/install/action_tutorials_interfaces/share/ament_index/resource_index/package_run_dependencies/action_tutorials_interfaces\n'}
[14.200555] (action_tutorials_interfaces) StdoutLine: {'line': b'-- Up-to-date: /home/brairlab/ros2_ws/install/action_tutorials_interfaces/share/ament_index/resource_index/parent_prefix_path/action_tutorials_interfaces\n'}
[14.201404] (action_tutorials_interfaces) StdoutLine: {'line': b'-- Up-to-date: /home/brairlab/ros2_ws/install/action_tutorials_interfaces/share/action_tutorials_interfaces/environment/ament_prefix_path.sh\n'}
[14.276684] (-) TimerEvent: {}
[14.276918] (action_tutorials_interfaces) StdoutLine: {'line': b'-- Up-to-date: /home/brairlab/ros2_ws/install/action_tutorials_interfaces/share/action_tutorials_interfaces/environment/ament_prefix_path.dsv\n'}
[14.277077] (action_tutorials_interfaces) StdoutLine: {'line': b'-- Up-to-date: /home/brairlab/ros2_ws/install/action_tutorials_interfaces/share/action_tutorials_interfaces/environment/path.sh\n'}
[14.277237] (action_tutorials_interfaces) StdoutLine: {'line': b'-- Up-to-date: /home/brairlab/ros2_ws/install/action_tutorials_interfaces/share/action_tutorials_interfaces/environment/path.dsv\n'}
[14.277368] (action_tutorials_interfaces) StdoutLine: {'line': b'-- Up-to-date: /home/brairlab/ros2_ws/install/action_tutorials_interfaces/share/action_tutorials_interfaces/local_setup.bash\n'}
[14.277559] (action_tutorials_interfaces) StdoutLine: {'line': b'-- Up-to-date: /home/brairlab/ros2_ws/install/action_tutorials_interfaces/share/action_tutorials_interfaces/local_setup.sh\n'}
[14.277719] (action_tutorials_interfaces) StdoutLine: {'line': b'-- Up-to-date: /home/brairlab/ros2_ws/install/action_tutorials_interfaces/share/action_tutorials_interfaces/local_setup.zsh\n'}
[14.277980] (action_tutorials_interfaces) StdoutLine: {'line': b'-- Up-to-date: /home/brairlab/ros2_ws/install/action_tutorials_interfaces/share/action_tutorials_interfaces/local_setup.dsv\n'}
[14.278177] (action_tutorials_interfaces) StdoutLine: {'line': b'-- Installing: /home/brairlab/ros2_ws/install/action_tutorials_interfaces/share/action_tutorials_interfaces/package.dsv\n'}
[14.278318] (action_tutorials_interfaces) StdoutLine: {'line': b'-- Up-to-date: /home/brairlab/ros2_ws/install/action_tutorials_interfaces/share/ament_index/resource_index/packages/action_tutorials_interfaces\n'}
[14.278481] (action_tutorials_interfaces) StdoutLine: {'line': b'-- Up-to-date: /home/brairlab/ros2_ws/install/action_tutorials_interfaces/share/action_tutorials_interfaces/cmake/export_action_tutorials_interfaces__rosidl_generator_cExport.cmake\n'}
[14.278909] (action_tutorials_interfaces) StdoutLine: {'line': b'-- Up-to-date: /home/brairlab/ros2_ws/install/action_tutorials_interfaces/share/action_tutorials_interfaces/cmake/export_action_tutorials_interfaces__rosidl_generator_cExport-noconfig.cmake\n'}
[14.279102] (action_tutorials_interfaces) StdoutLine: {'line': b'-- Up-to-date: /home/brairlab/ros2_ws/install/action_tutorials_interfaces/share/action_tutorials_interfaces/cmake/export_action_tutorials_interfaces__rosidl_typesupport_fastrtps_cExport.cmake\n'}
[14.279240] (action_tutorials_interfaces) StdoutLine: {'line': b'-- Up-to-date: /home/brairlab/ros2_ws/install/action_tutorials_interfaces/share/action_tutorials_interfaces/cmake/export_action_tutorials_interfaces__rosidl_typesupport_fastrtps_cExport-noconfig.cmake\n'}
[14.279369] (action_tutorials_interfaces) StdoutLine: {'line': b'-- Up-to-date: /home/brairlab/ros2_ws/install/action_tutorials_interfaces/share/action_tutorials_interfaces/cmake/action_tutorials_interfaces__rosidl_typesupport_introspection_cExport.cmake\n'}
[14.279495] (action_tutorials_interfaces) StdoutLine: {'line': b'-- Up-to-date: /home/brairlab/ros2_ws/install/action_tutorials_interfaces/share/action_tutorials_interfaces/cmake/action_tutorials_interfaces__rosidl_typesupport_introspection_cExport-noconfig.cmake\n'}
[14.279622] (action_tutorials_interfaces) StdoutLine: {'line': b'-- Up-to-date: /home/brairlab/ros2_ws/install/action_tutorials_interfaces/share/action_tutorials_interfaces/cmake/action_tutorials_interfaces__rosidl_typesupport_cExport.cmake\n'}
[14.279790] (action_tutorials_interfaces) StdoutLine: {'line': b'-- Up-to-date: /home/brairlab/ros2_ws/install/action_tutorials_interfaces/share/action_tutorials_interfaces/cmake/action_tutorials_interfaces__rosidl_typesupport_cExport-noconfig.cmake\n'}
[14.279982] (action_tutorials_interfaces) StdoutLine: {'line': b'-- Up-to-date: /home/brairlab/ros2_ws/install/action_tutorials_interfaces/share/action_tutorials_interfaces/cmake/export_action_tutorials_interfaces__rosidl_generator_cppExport.cmake\n'}
[14.334178] (action_tutorials_interfaces) StdoutLine: {'line': b'-- Up-to-date: /home/brairlab/ros2_ws/install/action_tutorials_interfaces/share/action_tutorials_interfaces/cmake/export_action_tutorials_interfaces__rosidl_typesupport_fastrtps_cppExport.cmake\n'}
[14.336501] (action_tutorials_interfaces) StdoutLine: {'line': b'-- Up-to-date: /home/brairlab/ros2_ws/install/action_tutorials_interfaces/share/action_tutorials_interfaces/cmake/export_action_tutorials_interfaces__rosidl_typesupport_fastrtps_cppExport-noconfig.cmake\n'}
[14.338265] (action_tutorials_interfaces) StdoutLine: {'line': b'-- Up-to-date: /home/brairlab/ros2_ws/install/action_tutorials_interfaces/share/action_tutorials_interfaces/cmake/action_tutorials_interfaces__rosidl_typesupport_introspection_cppExport.cmake\n'}
[14.338443] (action_tutorials_interfaces) StdoutLine: {'line': b'-- Up-to-date: /home/brairlab/ros2_ws/install/action_tutorials_interfaces/share/action_tutorials_interfaces/cmake/action_tutorials_interfaces__rosidl_typesupport_introspection_cppExport-noconfig.cmake\n'}
[14.341055] (action_tutorials_interfaces) StdoutLine: {'line': b'-- Up-to-date: /home/brairlab/ros2_ws/install/action_tutorials_interfaces/share/action_tutorials_interfaces/cmake/action_tutorials_interfaces__rosidl_typesupport_cppExport.cmake\n'}
[14.365810] (action_tutorials_interfaces) StdoutLine: {'line': b'-- Up-to-date: /home/brairlab/ros2_ws/install/action_tutorials_interfaces/share/action_tutorials_interfaces/cmake/action_tutorials_interfaces__rosidl_typesupport_cppExport-noconfig.cmake\n'}
[14.383742] (-) TimerEvent: {}
[14.404101] (action_tutorials_interfaces) StdoutLine: {'line': b'-- Up-to-date: /home/brairlab/ros2_ws/install/action_tutorials_interfaces/share/action_tutorials_interfaces/cmake/export_action_tutorials_interfaces__rosidl_generator_pyExport.cmake\n'}
[14.404347] (action_tutorials_interfaces) StdoutLine: {'line': b'-- Up-to-date: /home/brairlab/ros2_ws/install/action_tutorials_interfaces/share/action_tutorials_interfaces/cmake/export_action_tutorials_interfaces__rosidl_generator_pyExport-noconfig.cmake\n'}
[14.404417] (action_tutorials_interfaces) StdoutLine: {'line': b'-- Up-to-date: /home/brairlab/ros2_ws/install/action_tutorials_interfaces/share/action_tutorials_interfaces/cmake/rosidl_cmake-extras.cmake\n'}
[14.404478] (action_tutorials_interfaces) StdoutLine: {'line': b'-- Up-to-date: /home/brairlab/ros2_ws/install/action_tutorials_interfaces/share/action_tutorials_interfaces/cmake/ament_cmake_export_dependencies-extras.cmake\n'}
[14.439473] (action_tutorials_interfaces) StdoutLine: {'line': b'-- Up-to-date: /home/brairlab/ros2_ws/install/action_tutorials_interfaces/share/action_tutorials_interfaces/cmake/ament_cmake_export_include_directories-extras.cmake\n'}
[14.439798] (action_tutorials_interfaces) StdoutLine: {'line': b'-- Up-to-date: /home/brairlab/ros2_ws/install/action_tutorials_interfaces/share/action_tutorials_interfaces/cmake/ament_cmake_export_libraries-extras.cmake\n'}
[14.440153] (action_tutorials_interfaces) StdoutLine: {'line': b'-- Up-to-date: /home/brairlab/ros2_ws/install/action_tutorials_interfaces/share/action_tutorials_interfaces/cmake/ament_cmake_export_targets-extras.cmake\n'}
[14.440249] (action_tutorials_interfaces) StdoutLine: {'line': b'-- Up-to-date: /home/brairlab/ros2_ws/install/action_tutorials_interfaces/share/action_tutorials_interfaces/cmake/rosidl_cmake_export_typesupport_targets-extras.cmake\n'}
[14.440324] (action_tutorials_interfaces) StdoutLine: {'line': b'-- Up-to-date: /home/brairlab/ros2_ws/install/action_tutorials_interfaces/share/action_tutorials_interfaces/cmake/rosidl_cmake_export_typesupport_libraries-extras.cmake\n'}
[14.440459] (action_tutorials_interfaces) StdoutLine: {'line': b'-- Up-to-date: /home/brairlab/ros2_ws/install/action_tutorials_interfaces/share/action_tutorials_interfaces/cmake/action_tutorials_interfacesConfig.cmake\n'}
[14.440541] (action_tutorials_interfaces) StdoutLine: {'line': b'-- Up-to-date: /home/brairlab/ros2_ws/install/action_tutorials_interfaces/share/action_tutorials_interfaces/cmake/action_tutorials_interfacesConfig-version.cmake\n'}
[14.440672] (action_tutorials_interfaces) StdoutLine: {'line': b'-- Up-to-date: /home/brairlab/ros2_ws/install/action_tutorials_interfaces/share/action_tutorials_interfaces/package.xml\n'}
[14.485224] (my_package) CommandEnded: {'returncode': 0}
[14.487242] (-) TimerEvent: {}
[14.616785] (my_package) JobEnded: {'identifier': 'my_package', 'rc': 0}
[14.635490] (-) TimerEvent: {}
[14.636700] (action_tutorials_interfaces) CommandEnded: {'returncode': 0}
[14.740622] (-) TimerEvent: {}
[14.796619] (action_tutorials_interfaces) JobEnded: {'identifier': 'action_tutorials_interfaces', 'rc': 0}
[14.815702] (py_pubs) CommandEnded: {'returncode': 0}
[14.854254] (-) TimerEvent: {}
[14.923227] (py_pubs) JobEnded: {'identifier': 'py_pubs', 'rc': 0}
[14.984710] (-) TimerEvent: {}
[14.986260] (tutorial_interfaces) JobStarted: {'identifier': 'tutorial_interfaces'}
[15.006401] (action_tutorials_py) JobStarted: {'identifier': 'action_tutorials_py'}
[15.092145] (-) TimerEvent: {}
[15.244215] (-) TimerEvent: {}
[15.358395] (-) TimerEvent: {}
[15.473686] (-) TimerEvent: {}
[15.586313] (-) TimerEvent: {}
[15.697744] (-) TimerEvent: {}
[15.819742] (-) TimerEvent: {}
[15.961477] (-) TimerEvent: {}
[16.073147] (-) TimerEvent: {}
[16.182115] (-) TimerEvent: {}
[16.285535] (-) TimerEvent: {}
[16.391386] (-) TimerEvent: {}
[16.409362] (tutorial_interfaces) JobProgress: {'identifier': 'tutorial_interfaces', 'progress': 'cmake'}
[16.438275] (tutorial_interfaces) Command: {'cmd': ['/usr/bin/cmake', '/home/brairlab/ros2_ws/src/tutorial_interfaces', '-DCMAKE_INSTALL_PREFIX=/home/brairlab/ros2_ws/install/tutorial_interfaces'], 'cwd': '/home/brairlab/ros2_ws/build/tutorial_interfaces', 'env': OrderedDict([('LESSOPEN', '| /usr/bin/lesspipe %s'), ('USER', 'brairlab'), ('LC_TIME', 'it_IT.UTF-8'), ('XDG_SESSION_TYPE', 'wayland'), ('SHLVL', '1'), ('LD_LIBRARY_PATH', '/usr/lib/yarp:/opt/ros/humble/lib/x86_64-linux-gnu:/opt/ros/humble/lib'), ('HOME', '/home/brairlab'), ('DESKTOP_SESSION', 'ubuntu'), ('ROS_PYTHON_VERSION', '3'), ('GNOME_SHELL_SESSION_MODE', 'ubuntu'), ('GTK_MODULES', 'gail:atk-bridge'), ('LC_MONETARY', 'it_IT.UTF-8'), ('DBUS_STARTER_BUS_TYPE', 'session'), ('SYSTEMD_EXEC_PID', '2458'), ('DBUS_SESSION_BUS_ADDRESS', 'unix:path=/run/user/1000/bus,guid=f3f4ffbbb4edfd638e4a4ea5690b77a3'), ('COLORTERM', 'truecolor'), ('IM_CONFIG_PHASE', '1'), ('WAYLAND_DISPLAY', 'wayland-0'), ('ROS_DISTRO', 'humble'), ('LOGNAME', 'brairlab'), ('_', '/usr/bin/colcon'), ('ROS_VERSION', '2'), ('XDG_SESSION_CLASS', 'user'), ('USERNAME', 'brairlab'), ('TERM', 'xterm-256color'), ('GNOME_DESKTOP_SESSION_ID', 'this-is-deprecated'), ('ROS_LOCALHOST_ONLY', '0'), ('PATH', '/opt/ros/humble/bin:/usr/local/sbin:/usr/local/bin:/usr/sbin:/usr/bin:/sbin:/bin:/usr/games:/usr/local/games:/snap/bin:/snap/bin'), ('SESSION_MANAGER', 'local/brairlab-vm:@/tmp/.ICE-unix/2458,unix/brairlab-vm:/tmp/.ICE-unix/2458'), ('XDG_MENU_PREFIX', 'gnome-'), ('LC_ADDRESS', 'it_IT.UTF-8'), ('GNOME_TERMINAL_SCREEN', '/org/gnome/Terminal/screen/2530a811_6489_4d0a_985c_a7f6c8f5c3a1'), ('GNOME_SETUP_DISPLAY', ':1'), ('XDG_RUNTIME_DIR', '/run/user/1000'), ('DISPLAY', ':0'), ('LANG', 'en_US.UTF-8'), ('XDG_CURRENT_DESKTOP', 'ubuntu:GNOME'), ('LC_TELEPHONE', 'it_IT.UTF-8'), ('XMODIFIERS', '@im=ibus'), ('XDG_SESSION_DESKTOP', 'ubuntu'), ('XAUTHORITY', '/run/user/1000/.mutter-Xwaylandauth.23O6E3'), ('LS_COLORS', 'rs=0:di=01;34:ln=01;36:mh=00:pi=40;33:so=01;35:do=01;35:bd=40;33;01:cd=40;33;01:or=40;31;01:mi=00:su=37;41:sg=30;43:ca=30;41:tw=30;42:ow=34;42:st=37;44:ex=01;32:*.tar=01;31:*.tgz=01;31:*.arc=01;31:*.arj=01;31:*.taz=01;31:*.lha=01;31:*.lz4=01;31:*.lzh=01;31:*.lzma=01;31:*.tlz=01;31:*.txz=01;31:*.tzo=01;31:*.t7z=01;31:*.zip=01;31:*.z=01;31:*.dz=01;31:*.gz=01;31:*.lrz=01;31:*.lz=01;31:*.lzo=01;31:*.xz=01;31:*.zst=01;31:*.tzst=01;31:*.bz2=01;31:*.bz=01;31:*.tbz=01;31:*.tbz2=01;31:*.tz=01;31:*.deb=01;31:*.rpm=01;31:*.jar=01;31:*.war=01;31:*.ear=01;31:*.sar=01;31:*.rar=01;31:*.alz=01;31:*.ace=01;31:*.zoo=01;31:*.cpio=01;31:*.7z=01;31:*.rz=01;31:*.cab=01;31:*.wim=01;31:*.swm=01;31:*.dwm=01;31:*.esd=01;31:*.jpg=01;35:*.jpeg=01;35:*.mjpg=01;35:*.mjpeg=01;35:*.gif=01;35:*.bmp=01;35:*.pbm=01;35:*.pgm=01;35:*.ppm=01;35:*.tga=01;35:*.xbm=01;35:*.xpm=01;35:*.tif=01;35:*.tiff=01;35:*.png=01;35:*.svg=01;35:*.svgz=01;35:*.mng=01;35:*.pcx=01;35:*.mov=01;35:*.mpg=01;35:*.mpeg=01;35:*.m2v=01;35:*.mkv=01;35:*.webm=01;35:*.webp=01;35:*.ogm=01;35:*.mp4=01;35:*.m4v=01;35:*.mp4v=01;35:*.vob=01;35:*.qt=01;35:*.nuv=01;35:*.wmv=01;35:*.asf=01;35:*.rm=01;35:*.rmvb=01;35:*.flc=01;35:*.avi=01;35:*.fli=01;35:*.flv=01;35:*.gl=01;35:*.dl=01;35:*.xcf=01;35:*.xwd=01;35:*.yuv=01;35:*.cgm=01;35:*.emf=01;35:*.ogv=01;35:*.ogx=01;35:*.aac=00;36:*.au=00;36:*.flac=00;36:*.m4a=00;36:*.mid=00;36:*.midi=00;36:*.mka=00;36:*.mp3=00;36:*.mpc=00;36:*.ogg=00;36:*.ra=00;36:*.wav=00;36:*.oga=00;36:*.opus=00;36:*.spx=00;36:*.xspf=00;36:'), ('GNOME_TERMINAL_SERVICE', ':1.182'), ('SSH_AGENT_LAUNCHER', 'gnome-keyring'), ('SSH_AUTH_SOCK', '/run/user/1000/keyring/ssh'), ('AMENT_PREFIX_PATH', '/opt/ros/humble'), ('SHELL', '/bin/bash'), ('LC_NAME', 'it_IT.UTF-8'), ('QT_ACCESSIBILITY', '1'), ('GDMSESSION', 'ubuntu'), ('LESSCLOSE', '/usr/bin/lesspipe %s %s'), ('LC_MEASUREMENT', 'it_IT.UTF-8'), ('LC_IDENTIFICATION', 'it_IT.UTF-8'), ('QT_IM_MODULE', 'ibus'), ('PWD', '/home/brairlab/ros2_ws/build/tutorial_interfaces'), ('XDG_CONFIG_DIRS', '/etc/xdg/xdg-ubuntu:/etc/xdg'), ('DBUS_STARTER_ADDRESS', 'unix:path=/run/user/1000/bus,guid=f3f4ffbbb4edfd638e4a4ea5690b77a3'), ('XDG_DATA_DIRS', '/usr/share/ubuntu:/usr/local/share/:/usr/share/:/var/lib/snapd/desktop'), ('PYTHONPATH', '/opt/ros/humble/lib/python3.10/site-packages:/opt/ros/humble/local/lib/python3.10/dist-packages'), ('LC_NUMERIC', 'it_IT.UTF-8'), ('LC_PAPER', 'it_IT.UTF-8'), ('COLCON', '1'), ('VTE_VERSION', '6800'), ('CMAKE_PREFIX_PATH', '/opt/ros/humble')]), 'shell': False}
[16.521085] (-) TimerEvent: {}
[16.558697] (tutorial_interfaces) StdoutLine: {'line': b'-- Found geometry_msgs: 4.2.4 (/opt/ros/humble/share/geometry_msgs/cmake)\n'}
[16.628467] (-) TimerEvent: {}
[16.733099] (-) TimerEvent: {}
[16.858243] (-) TimerEvent: {}
[17.032055] (-) TimerEvent: {}
[17.142314] (-) TimerEvent: {}
[17.324296] (tutorial_interfaces) StdoutLine: {'line': b'-- Found rosidl_generator_c: 3.1.5 (/opt/ros/humble/share/rosidl_generator_c/cmake)\n'}
[17.325841] (-) TimerEvent: {}
[17.357725] (tutorial_interfaces) StdoutLine: {'line': b'-- Found rosidl_adapter: 3.1.5 (/opt/ros/humble/share/rosidl_adapter/cmake)\n'}
[17.442077] (-) TimerEvent: {}
[17.577778] (-) TimerEvent: {}
[17.679181] (-) TimerEvent: {}
[17.681673] (tutorial_interfaces) StdoutLine: {'line': b'-- Found rosidl_generator_cpp: 3.1.5 (/opt/ros/humble/share/rosidl_generator_cpp/cmake)\n'}
[17.787022] (-) TimerEvent: {}
[17.888949] (-) TimerEvent: {}
[18.006373] (-) TimerEvent: {}
[18.049594] (tutorial_interfaces) StdoutLine: {'line': b'-- Using all available rosidl_typesupport_c: rosidl_typesupport_fastrtps_c;rosidl_typesupport_introspection_c\n'}
[18.106719] (-) TimerEvent: {}
[18.207485] (-) TimerEvent: {}
[18.209729] (tutorial_interfaces) StdoutLine: {'line': b'-- Using all available rosidl_typesupport_cpp: rosidl_typesupport_fastrtps_cpp;rosidl_typesupport_introspection_cpp\n'}
[18.312102] (-) TimerEvent: {}
[18.374221] (python_parameters) Command: {'cmd': ['/usr/bin/python3', '-W', 'ignore:setup.py install is deprecated', '-W', 'ignore:easy_install command is deprecated', 'setup.py', 'egg_info', '--egg-base', '../../build/python_parameters', 'build', '--build-base', '/home/brairlab/ros2_ws/build/python_parameters/build', 'install', '--record', '/home/brairlab/ros2_ws/build/python_parameters/install.log', '--single-version-externally-managed', 'install_data'], 'cwd': '/home/brairlab/ros2_ws/src/python_parameters', 'env': {'LESSOPEN': '| /usr/bin/lesspipe %s', 'USER': 'brairlab', 'LC_TIME': 'it_IT.UTF-8', 'XDG_SESSION_TYPE': 'wayland', 'SHLVL': '1', 'LD_LIBRARY_PATH': '/usr/lib/yarp:/opt/ros/humble/lib/x86_64-linux-gnu:/opt/ros/humble/lib', 'HOME': '/home/brairlab', 'DESKTOP_SESSION': 'ubuntu', 'ROS_PYTHON_VERSION': '3', 'GNOME_SHELL_SESSION_MODE': 'ubuntu', 'GTK_MODULES': 'gail:atk-bridge', 'LC_MONETARY': 'it_IT.UTF-8', 'DBUS_STARTER_BUS_TYPE': 'session', 'SYSTEMD_EXEC_PID': '2458', 'DBUS_SESSION_BUS_ADDRESS': 'unix:path=/run/user/1000/bus,guid=f3f4ffbbb4edfd638e4a4ea5690b77a3', 'COLORTERM': 'truecolor', 'IM_CONFIG_PHASE': '1', 'WAYLAND_DISPLAY': 'wayland-0', 'ROS_DISTRO': 'humble', 'LOGNAME': 'brairlab', '_': '/usr/bin/colcon', 'ROS_VERSION': '2', 'XDG_SESSION_CLASS': 'user', 'USERNAME': 'brairlab', 'TERM': 'xterm-256color', 'GNOME_DESKTOP_SESSION_ID': 'this-is-deprecated', 'ROS_LOCALHOST_ONLY': '0', 'PATH': '/opt/ros/humble/bin:/usr/local/sbin:/usr/local/bin:/usr/sbin:/usr/bin:/sbin:/bin:/usr/games:/usr/local/games:/snap/bin:/snap/bin', 'SESSION_MANAGER': 'local/brairlab-vm:@/tmp/.ICE-unix/2458,unix/brairlab-vm:/tmp/.ICE-unix/2458', 'XDG_MENU_PREFIX': 'gnome-', 'LC_ADDRESS': 'it_IT.UTF-8', 'GNOME_TERMINAL_SCREEN': '/org/gnome/Terminal/screen/2530a811_6489_4d0a_985c_a7f6c8f5c3a1', 'GNOME_SETUP_DISPLAY': ':1', 'XDG_RUNTIME_DIR': '/run/user/1000', 'DISPLAY': ':0', 'LANG': 'en_US.UTF-8', 'XDG_CURRENT_DESKTOP': 'ubuntu:GNOME', 'LC_TELEPHONE': 'it_IT.UTF-8', 'XMODIFIERS': '@im=ibus', 'XDG_SESSION_DESKTOP': 'ubuntu', 'XAUTHORITY': '/run/user/1000/.mutter-Xwaylandauth.23O6E3', 'LS_COLORS': 'rs=0:di=01;34:ln=01;36:mh=00:pi=40;33:so=01;35:do=01;35:bd=40;33;01:cd=40;33;01:or=40;31;01:mi=00:su=37;41:sg=30;43:ca=30;41:tw=30;42:ow=34;42:st=37;44:ex=01;32:*.tar=01;31:*.tgz=01;31:*.arc=01;31:*.arj=01;31:*.taz=01;31:*.lha=01;31:*.lz4=01;31:*.lzh=01;31:*.lzma=01;31:*.tlz=01;31:*.txz=01;31:*.tzo=01;31:*.t7z=01;31:*.zip=01;31:*.z=01;31:*.dz=01;31:*.gz=01;31:*.lrz=01;31:*.lz=01;31:*.lzo=01;31:*.xz=01;31:*.zst=01;31:*.tzst=01;31:*.bz2=01;31:*.bz=01;31:*.tbz=01;31:*.tbz2=01;31:*.tz=01;31:*.deb=01;31:*.rpm=01;31:*.jar=01;31:*.war=01;31:*.ear=01;31:*.sar=01;31:*.rar=01;31:*.alz=01;31:*.ace=01;31:*.zoo=01;31:*.cpio=01;31:*.7z=01;31:*.rz=01;31:*.cab=01;31:*.wim=01;31:*.swm=01;31:*.dwm=01;31:*.esd=01;31:*.jpg=01;35:*.jpeg=01;35:*.mjpg=01;35:*.mjpeg=01;35:*.gif=01;35:*.bmp=01;35:*.pbm=01;35:*.pgm=01;35:*.ppm=01;35:*.tga=01;35:*.xbm=01;35:*.xpm=01;35:*.tif=01;35:*.tiff=01;35:*.png=01;35:*.svg=01;35:*.svgz=01;35:*.mng=01;35:*.pcx=01;35:*.mov=01;35:*.mpg=01;35:*.mpeg=01;35:*.m2v=01;35:*.mkv=01;35:*.webm=01;35:*.webp=01;35:*.ogm=01;35:*.mp4=01;35:*.m4v=01;35:*.mp4v=01;35:*.vob=01;35:*.qt=01;35:*.nuv=01;35:*.wmv=01;35:*.asf=01;35:*.rm=01;35:*.rmvb=01;35:*.flc=01;35:*.avi=01;35:*.fli=01;35:*.flv=01;35:*.gl=01;35:*.dl=01;35:*.xcf=01;35:*.xwd=01;35:*.yuv=01;35:*.cgm=01;35:*.emf=01;35:*.ogv=01;35:*.ogx=01;35:*.aac=00;36:*.au=00;36:*.flac=00;36:*.m4a=00;36:*.mid=00;36:*.midi=00;36:*.mka=00;36:*.mp3=00;36:*.mpc=00;36:*.ogg=00;36:*.ra=00;36:*.wav=00;36:*.oga=00;36:*.opus=00;36:*.spx=00;36:*.xspf=00;36:', 'GNOME_TERMINAL_SERVICE': ':1.182', 'SSH_AGENT_LAUNCHER': 'gnome-keyring', 'SSH_AUTH_SOCK': '/run/user/1000/keyring/ssh', 'AMENT_PREFIX_PATH': '/opt/ros/humble', 'SHELL': '/bin/bash', 'LC_NAME': 'it_IT.UTF-8', 'QT_ACCESSIBILITY': '1', 'GDMSESSION': 'ubuntu', 'LESSCLOSE': '/usr/bin/lesspipe %s %s', 'LC_MEASUREMENT': 'it_IT.UTF-8', 'LC_IDENTIFICATION': 'it_IT.UTF-8', 'QT_IM_MODULE': 'ibus', 'PWD': '/home/brairlab/ros2_ws/build/python_parameters', 'XDG_CONFIG_DIRS': '/etc/xdg/xdg-ubuntu:/etc/xdg', 'DBUS_STARTER_ADDRESS': 'unix:path=/run/user/1000/bus,guid=f3f4ffbbb4edfd638e4a4ea5690b77a3', 'XDG_DATA_DIRS': '/usr/share/ubuntu:/usr/local/share/:/usr/share/:/var/lib/snapd/desktop', 'PYTHONPATH': '/home/brairlab/ros2_ws/build/python_parameters/prefix_override:/usr/lib/python3/dist-packages/colcon_core/task/python/colcon_distutils_commands:/home/brairlab/ros2_ws/install/python_parameters/lib/python3.10/site-packages:/opt/ros/humble/lib/python3.10/site-packages:/opt/ros/humble/local/lib/python3.10/dist-packages', 'LC_NUMERIC': 'it_IT.UTF-8', 'LC_PAPER': 'it_IT.UTF-8', 'COLCON': '1', 'VTE_VERSION': '6800'}, 'shell': False}
[18.412554] (-) TimerEvent: {}
[18.508416] (action_tutorials_py) Command: {'cmd': ['/usr/bin/python3', '-W', 'ignore:setup.py install is deprecated', '-W', 'ignore:easy_install command is deprecated', 'setup.py', 'egg_info', '--egg-base', '../../build/action_tutorials_py', 'build', '--build-base', '/home/brairlab/ros2_ws/build/action_tutorials_py/build', 'install', '--record', '/home/brairlab/ros2_ws/build/action_tutorials_py/install.log', '--single-version-externally-managed', 'install_data'], 'cwd': '/home/brairlab/ros2_ws/src/action_tutorials_py', 'env': {'LESSOPEN': '| /usr/bin/lesspipe %s', 'USER': 'brairlab', 'LC_TIME': 'it_IT.UTF-8', 'XDG_SESSION_TYPE': 'wayland', 'SHLVL': '1', 'LD_LIBRARY_PATH': '/home/brairlab/ros2_ws/install/action_tutorials_interfaces/lib:/usr/lib/yarp:/opt/ros/humble/lib/x86_64-linux-gnu:/opt/ros/humble/lib', 'HOME': '/home/brairlab', 'DESKTOP_SESSION': 'ubuntu', 'ROS_PYTHON_VERSION': '3', 'GNOME_SHELL_SESSION_MODE': 'ubuntu', 'GTK_MODULES': 'gail:atk-bridge', 'LC_MONETARY': 'it_IT.UTF-8', 'DBUS_STARTER_BUS_TYPE': 'session', 'SYSTEMD_EXEC_PID': '2458', 'DBUS_SESSION_BUS_ADDRESS': 'unix:path=/run/user/1000/bus,guid=f3f4ffbbb4edfd638e4a4ea5690b77a3', 'COLORTERM': 'truecolor', 'IM_CONFIG_PHASE': '1', 'WAYLAND_DISPLAY': 'wayland-0', 'ROS_DISTRO': 'humble', 'LOGNAME': 'brairlab', '_': '/usr/bin/colcon', 'ROS_VERSION': '2', 'XDG_SESSION_CLASS': 'user', 'USERNAME': 'brairlab', 'TERM': 'xterm-256color', 'GNOME_DESKTOP_SESSION_ID': 'this-is-deprecated', 'ROS_LOCALHOST_ONLY': '0', 'PATH': '/opt/ros/humble/bin:/usr/local/sbin:/usr/local/bin:/usr/sbin:/usr/bin:/sbin:/bin:/usr/games:/usr/local/games:/snap/bin:/snap/bin', 'SESSION_MANAGER': 'local/brairlab-vm:@/tmp/.ICE-unix/2458,unix/brairlab-vm:/tmp/.ICE-unix/2458', 'XDG_MENU_PREFIX': 'gnome-', 'LC_ADDRESS': 'it_IT.UTF-8', 'GNOME_TERMINAL_SCREEN': '/org/gnome/Terminal/screen/2530a811_6489_4d0a_985c_a7f6c8f5c3a1', 'GNOME_SETUP_DISPLAY': ':1', 'XDG_RUNTIME_DIR': '/run/user/1000', 'DISPLAY': ':0', 'LANG': 'en_US.UTF-8', 'XDG_CURRENT_DESKTOP': 'ubuntu:GNOME', 'LC_TELEPHONE': 'it_IT.UTF-8', 'XMODIFIERS': '@im=ibus', 'XDG_SESSION_DESKTOP': 'ubuntu', 'XAUTHORITY': '/run/user/1000/.mutter-Xwaylandauth.23O6E3', 'LS_COLORS': 'rs=0:di=01;34:ln=01;36:mh=00:pi=40;33:so=01;35:do=01;35:bd=40;33;01:cd=40;33;01:or=40;31;01:mi=00:su=37;41:sg=30;43:ca=30;41:tw=30;42:ow=34;42:st=37;44:ex=01;32:*.tar=01;31:*.tgz=01;31:*.arc=01;31:*.arj=01;31:*.taz=01;31:*.lha=01;31:*.lz4=01;31:*.lzh=01;31:*.lzma=01;31:*.tlz=01;31:*.txz=01;31:*.tzo=01;31:*.t7z=01;31:*.zip=01;31:*.z=01;31:*.dz=01;31:*.gz=01;31:*.lrz=01;31:*.lz=01;31:*.lzo=01;31:*.xz=01;31:*.zst=01;31:*.tzst=01;31:*.bz2=01;31:*.bz=01;31:*.tbz=01;31:*.tbz2=01;31:*.tz=01;31:*.deb=01;31:*.rpm=01;31:*.jar=01;31:*.war=01;31:*.ear=01;31:*.sar=01;31:*.rar=01;31:*.alz=01;31:*.ace=01;31:*.zoo=01;31:*.cpio=01;31:*.7z=01;31:*.rz=01;31:*.cab=01;31:*.wim=01;31:*.swm=01;31:*.dwm=01;31:*.esd=01;31:*.jpg=01;35:*.jpeg=01;35:*.mjpg=01;35:*.mjpeg=01;35:*.gif=01;35:*.bmp=01;35:*.pbm=01;35:*.pgm=01;35:*.ppm=01;35:*.tga=01;35:*.xbm=01;35:*.xpm=01;35:*.tif=01;35:*.tiff=01;35:*.png=01;35:*.svg=01;35:*.svgz=01;35:*.mng=01;35:*.pcx=01;35:*.mov=01;35:*.mpg=01;35:*.mpeg=01;35:*.m2v=01;35:*.mkv=01;35:*.webm=01;35:*.webp=01;35:*.ogm=01;35:*.mp4=01;35:*.m4v=01;35:*.mp4v=01;35:*.vob=01;35:*.qt=01;35:*.nuv=01;35:*.wmv=01;35:*.asf=01;35:*.rm=01;35:*.rmvb=01;35:*.flc=01;35:*.avi=01;35:*.fli=01;35:*.flv=01;35:*.gl=01;35:*.dl=01;35:*.xcf=01;35:*.xwd=01;35:*.yuv=01;35:*.cgm=01;35:*.emf=01;35:*.ogv=01;35:*.ogx=01;35:*.aac=00;36:*.au=00;36:*.flac=00;36:*.m4a=00;36:*.mid=00;36:*.midi=00;36:*.mka=00;36:*.mp3=00;36:*.mpc=00;36:*.ogg=00;36:*.ra=00;36:*.wav=00;36:*.oga=00;36:*.opus=00;36:*.spx=00;36:*.xspf=00;36:', 'GNOME_TERMINAL_SERVICE': ':1.182', 'SSH_AGENT_LAUNCHER': 'gnome-keyring', 'SSH_AUTH_SOCK': '/run/user/1000/keyring/ssh', 'AMENT_PREFIX_PATH': '/home/brairlab/ros2_ws/install/action_tutorials_interfaces:/opt/ros/humble', 'SHELL': '/bin/bash', 'LC_NAME': 'it_IT.UTF-8', 'QT_ACCESSIBILITY': '1', 'GDMSESSION': 'ubuntu', 'LESSCLOSE': '/usr/bin/lesspipe %s %s', 'LC_MEASUREMENT': 'it_IT.UTF-8', 'LC_IDENTIFICATION': 'it_IT.UTF-8', 'QT_IM_MODULE': 'ibus', 'PWD': '/home/brairlab/ros2_ws/build/action_tutorials_py', 'XDG_CONFIG_DIRS': '/etc/xdg/xdg-ubuntu:/etc/xdg', 'DBUS_STARTER_ADDRESS': 'unix:path=/run/user/1000/bus,guid=f3f4ffbbb4edfd638e4a4ea5690b77a3', 'XDG_DATA_DIRS': '/usr/share/ubuntu:/usr/local/share/:/usr/share/:/var/lib/snapd/desktop', 'PYTHONPATH': '/home/brairlab/ros2_ws/build/action_tutorials_py/prefix_override:/usr/lib/python3/dist-packages/colcon_core/task/python/colcon_distutils_commands:/home/brairlab/ros2_ws/install/action_tutorials_py/lib/python3.10/site-packages:/home/brairlab/ros2_ws/install/action_tutorials_interfaces/local/lib/python3.10/dist-packages:/opt/ros/humble/lib/python3.10/site-packages:/opt/ros/humble/local/lib/python3.10/dist-packages', 'LC_NUMERIC': 'it_IT.UTF-8', 'LC_PAPER': 'it_IT.UTF-8', 'COLCON': '1', 'VTE_VERSION': '6800', 'CMAKE_PREFIX_PATH': '/home/brairlab/ros2_ws/install/action_tutorials_interfaces'}, 'shell': False}
[18.553818] (-) TimerEvent: {}
[18.568627] (tutorial_interfaces) StdoutLine: {'line': b'-- Found rosidl_default_generators: 1.2.0 (/opt/ros/humble/share/rosidl_default_generators/cmake)\n'}
[18.736135] (-) TimerEvent: {}
[18.753498] (python_parameters) StdoutLine: {'line': b'running egg_info\n'}
[18.786143] (python_parameters) StdoutLine: {'line': b'writing ../../build/python_parameters/python_parameters.egg-info/PKG-INFO\n'}
[18.813324] (python_parameters) StdoutLine: {'line': b'writing dependency_links to ../../build/python_parameters/python_parameters.egg-info/dependency_links.txt\n'}
[18.813608] (python_parameters) StdoutLine: {'line': b'writing entry points to ../../build/python_parameters/python_parameters.egg-info/entry_points.txt\n'}
[18.813690] (python_parameters) StdoutLine: {'line': b'writing requirements to ../../build/python_parameters/python_parameters.egg-info/requires.txt\n'}
[18.813752] (python_parameters) StdoutLine: {'line': b'writing top-level names to ../../build/python_parameters/python_parameters.egg-info/top_level.txt\n'}
[18.823665] (python_parameters) StdoutLine: {'line': b"reading manifest file '../../build/python_parameters/python_parameters.egg-info/SOURCES.txt'\n"}
[18.824027] (python_parameters) StdoutLine: {'line': b"adding license file 'LICENSE'\n"}
[18.826471] (python_parameters) StdoutLine: {'line': b"writing manifest file '../../build/python_parameters/python_parameters.egg-info/SOURCES.txt'\n"}
[18.826663] (python_parameters) StdoutLine: {'line': b'running build\n'}
[18.826742] (python_parameters) StdoutLine: {'line': b'running build_py\n'}
[18.826813] (python_parameters) StdoutLine: {'line': b'running install\n'}
[18.828083] (python_parameters) StdoutLine: {'line': b'running install_lib\n'}
[18.835592] (python_parameters) StdoutLine: {'line': b'running install_data\n'}
[18.838803] (python_parameters) StdoutLine: {'line': b'running install_egg_info\n'}
[18.839080] (-) TimerEvent: {}
[18.845700] (python_parameters) StdoutLine: {'line': b"removing '/home/brairlab/ros2_ws/install/python_parameters/lib/python3.10/site-packages/python_parameters-0.0.0-py3.10.egg-info' (and everything under it)\n"}
[18.845881] (python_parameters) StdoutLine: {'line': b'Copying ../../build/python_parameters/python_parameters.egg-info to /home/brairlab/ros2_ws/install/python_parameters/lib/python3.10/site-packages/python_parameters-0.0.0-py3.10.egg-info\n'}
[18.896416] (python_parameters) StdoutLine: {'line': b'running install_scripts\n'}
[18.899004] (action_tutorials_py) StdoutLine: {'line': b'running egg_info\n'}
[18.901304] (action_tutorials_py) StdoutLine: {'line': b'writing ../../build/action_tutorials_py/action_tutorials_py.egg-info/PKG-INFO\n'}
[18.901620] (action_tutorials_py) StdoutLine: {'line': b'writing dependency_links to ../../build/action_tutorials_py/action_tutorials_py.egg-info/dependency_links.txt\n'}
[18.901862] (action_tutorials_py) StdoutLine: {'line': b'writing entry points to ../../build/action_tutorials_py/action_tutorials_py.egg-info/entry_points.txt\n'}
[18.902654] (action_tutorials_py) StdoutLine: {'line': b'writing requirements to ../../build/action_tutorials_py/action_tutorials_py.egg-info/requires.txt\n'}
[18.904095] (action_tutorials_py) StdoutLine: {'line': b'writing top-level names to ../../build/action_tutorials_py/action_tutorials_py.egg-info/top_level.txt\n'}
[18.906848] (action_tutorials_py) StdoutLine: {'line': b"reading manifest file '../../build/action_tutorials_py/action_tutorials_py.egg-info/SOURCES.txt'\n"}
[18.907164] (python_parameters) StdoutLine: {'line': b'Installing minimal_param_node script to /home/brairlab/ros2_ws/install/python_parameters/lib/python_parameters\n'}
[18.911314] (action_tutorials_py) StdoutLine: {'line': b"writing manifest file '../../build/action_tutorials_py/action_tutorials_py.egg-info/SOURCES.txt'\n"}
[18.911652] (action_tutorials_py) StdoutLine: {'line': b'running build\n'}
[18.911757] (action_tutorials_py) StdoutLine: {'line': b'running build_py\n'}
[18.911848] (action_tutorials_py) StdoutLine: {'line': b'running install\n'}
[18.912442] (python_parameters) StdoutLine: {'line': b"writing list of installed files to '/home/brairlab/ros2_ws/build/python_parameters/install.log'\n"}
[18.914222] (action_tutorials_py) StdoutLine: {'line': b'running install_lib\n'}
[18.947623] (action_tutorials_py) StdoutLine: {'line': b'running install_data\n'}
[18.948236] (-) TimerEvent: {}
[18.948502] (action_tutorials_py) StdoutLine: {'line': b'running install_egg_info\n'}
[18.960337] (python_parameters) CommandEnded: {'returncode': 0}
[18.975727] (action_tutorials_py) StdoutLine: {'line': b"removing '/home/brairlab/ros2_ws/install/action_tutorials_py/lib/python3.10/site-packages/action_tutorials_py-0.0.0-py3.10.egg-info' (and everything under it)\n"}
[18.975970] (action_tutorials_py) StdoutLine: {'line': b'Copying ../../build/action_tutorials_py/action_tutorials_py.egg-info to /home/brairlab/ros2_ws/install/action_tutorials_py/lib/python3.10/site-packages/action_tutorials_py-0.0.0-py3.10.egg-info\n'}
[18.976051] (action_tutorials_py) StdoutLine: {'line': b'running install_scripts\n'}
[19.003110] (python_parameters) JobEnded: {'identifier': 'python_parameters', 'rc': 0}
[19.016455] (action_tutorials_py) StdoutLine: {'line': b'Installing fibonacci_action_client script to /home/brairlab/ros2_ws/install/action_tutorials_py/lib/action_tutorials_py\n'}
[19.018389] (action_tutorials_py) StdoutLine: {'line': b'Installing fibonacci_action_server script to /home/brairlab/ros2_ws/install/action_tutorials_py/lib/action_tutorials_py\n'}
[19.019653] (action_tutorials_py) StdoutLine: {'line': b"writing list of installed files to '/home/brairlab/ros2_ws/build/action_tutorials_py/install.log'\n"}
[19.064999] (-) TimerEvent: {}
[19.075636] (action_tutorials_py) CommandEnded: {'returncode': 0}
[19.150427] (action_tutorials_py) JobEnded: {'identifier': 'action_tutorials_py', 'rc': 0}
[19.165363] (-) TimerEvent: {}
[19.267487] (-) TimerEvent: {}
[19.371073] (-) TimerEvent: {}
[19.376242] (tutorial_interfaces) StdoutLine: {'line': b'-- Found ament_cmake_ros: 0.10.0 (/opt/ros/humble/share/ament_cmake_ros/cmake)\n'}
[19.471738] (-) TimerEvent: {}
[19.573702] (-) TimerEvent: {}
[19.689869] (-) TimerEvent: {}
[19.797072] (-) TimerEvent: {}
[19.898260] (-) TimerEvent: {}
[20.004199] (-) TimerEvent: {}
[20.107167] (-) TimerEvent: {}
[20.215548] (-) TimerEvent: {}
[20.317729] (-) TimerEvent: {}
[20.325628] (tutorial_interfaces) StdoutLine: {'line': b'-- Using all available rosidl_typesupport_c: rosidl_typesupport_fastrtps_c;rosidl_typesupport_introspection_c\n'}
[20.418065] (-) TimerEvent: {}
[20.524105] (-) TimerEvent: {}
[20.627249] (-) TimerEvent: {}
[20.656707] (tutorial_interfaces) StdoutLine: {'line': b'-- Using all available rosidl_typesupport_cpp: rosidl_typesupport_fastrtps_cpp;rosidl_typesupport_introspection_cpp\n'}
[20.695283] (tutorial_interfaces) StdoutLine: {'line': b'-- Found PythonInterp: /usr/bin/python3 (found suitable version "3.10.12", minimum required is "3.6") \n'}
[20.699233] (tutorial_interfaces) StdoutLine: {'line': b'-- Found python_cmake_module: 0.10.0 (/opt/ros/humble/share/python_cmake_module/cmake)\n'}
[20.729247] (-) TimerEvent: {}
[20.757456] (tutorial_interfaces) StdoutLine: {'line': b'-- Found PythonLibs: /usr/lib/x86_64-linux-gnu/libpython3.10.so (found suitable version "3.10.12", minimum required is "3.5") \n'}
[20.757695] (tutorial_interfaces) StdoutLine: {'line': b'-- Using PYTHON_EXECUTABLE: /usr/bin/python3\n'}
[20.760535] (tutorial_interfaces) StdoutLine: {'line': b'-- Using PYTHON_INCLUDE_DIRS: /usr/include/python3.10\n'}
[20.805853] (tutorial_interfaces) StdoutLine: {'line': b'-- Using PYTHON_LIBRARIES: /usr/lib/x86_64-linux-gnu/libpython3.10.so\n'}
[20.829529] (-) TimerEvent: {}
[20.916632] (tutorial_interfaces) StdoutLine: {'line': b'-- Found PythonExtra: .so  \n'}
[20.932272] (-) TimerEvent: {}
[21.040344] (-) TimerEvent: {}
[21.100267] (tutorial_interfaces) StdoutLine: {'line': b'-- Found ament_lint_auto: 0.12.11 (/opt/ros/humble/share/ament_lint_auto/cmake)\n'}
[21.140703] (-) TimerEvent: {}
[21.242642] (-) TimerEvent: {}
[21.278705] (tutorial_interfaces) StdoutLine: {'line': b"-- Added test 'lint_cmake' to check CMake code style\n"}
[21.285392] (tutorial_interfaces) StdoutLine: {'line': b"-- Added test 'xmllint' to check XML markup files\n"}
[21.307066] (tutorial_interfaces) StdoutLine: {'line': b'-- Configuring done\n'}
[21.346585] (-) TimerEvent: {}
[21.447522] (tutorial_interfaces) StdoutLine: {'line': b'-- Generating done\n'}
[21.448229] (-) TimerEvent: {}
[21.482201] (tutorial_interfaces) StdoutLine: {'line': b'-- Build files have been written to: /home/brairlab/ros2_ws/build/tutorial_interfaces\n'}
[21.551160] (-) TimerEvent: {}
[21.555725] (tutorial_interfaces) CommandEnded: {'returncode': 0}
[21.565208] (tutorial_interfaces) JobProgress: {'identifier': 'tutorial_interfaces', 'progress': 'build'}
[21.565305] (tutorial_interfaces) Command: {'cmd': ['/usr/bin/cmake', '--build', '/home/brairlab/ros2_ws/build/tutorial_interfaces', '--', '-j4', '-l4'], 'cwd': '/home/brairlab/ros2_ws/build/tutorial_interfaces', 'env': OrderedDict([('LESSOPEN', '| /usr/bin/lesspipe %s'), ('USER', 'brairlab'), ('LC_TIME', 'it_IT.UTF-8'), ('XDG_SESSION_TYPE', 'wayland'), ('SHLVL', '1'), ('LD_LIBRARY_PATH', '/usr/lib/yarp:/opt/ros/humble/lib/x86_64-linux-gnu:/opt/ros/humble/lib'), ('HOME', '/home/brairlab'), ('DESKTOP_SESSION', 'ubuntu'), ('ROS_PYTHON_VERSION', '3'), ('GNOME_SHELL_SESSION_MODE', 'ubuntu'), ('GTK_MODULES', 'gail:atk-bridge'), ('LC_MONETARY', 'it_IT.UTF-8'), ('DBUS_STARTER_BUS_TYPE', 'session'), ('SYSTEMD_EXEC_PID', '2458'), ('DBUS_SESSION_BUS_ADDRESS', 'unix:path=/run/user/1000/bus,guid=f3f4ffbbb4edfd638e4a4ea5690b77a3'), ('COLORTERM', 'truecolor'), ('IM_CONFIG_PHASE', '1'), ('WAYLAND_DISPLAY', 'wayland-0'), ('ROS_DISTRO', 'humble'), ('LOGNAME', 'brairlab'), ('_', '/usr/bin/colcon'), ('ROS_VERSION', '2'), ('XDG_SESSION_CLASS', 'user'), ('USERNAME', 'brairlab'), ('TERM', 'xterm-256color'), ('GNOME_DESKTOP_SESSION_ID', 'this-is-deprecated'), ('ROS_LOCALHOST_ONLY', '0'), ('PATH', '/opt/ros/humble/bin:/usr/local/sbin:/usr/local/bin:/usr/sbin:/usr/bin:/sbin:/bin:/usr/games:/usr/local/games:/snap/bin:/snap/bin'), ('SESSION_MANAGER', 'local/brairlab-vm:@/tmp/.ICE-unix/2458,unix/brairlab-vm:/tmp/.ICE-unix/2458'), ('XDG_MENU_PREFIX', 'gnome-'), ('LC_ADDRESS', 'it_IT.UTF-8'), ('GNOME_TERMINAL_SCREEN', '/org/gnome/Terminal/screen/2530a811_6489_4d0a_985c_a7f6c8f5c3a1'), ('GNOME_SETUP_DISPLAY', ':1'), ('XDG_RUNTIME_DIR', '/run/user/1000'), ('DISPLAY', ':0'), ('LANG', 'en_US.UTF-8'), ('XDG_CURRENT_DESKTOP', 'ubuntu:GNOME'), ('LC_TELEPHONE', 'it_IT.UTF-8'), ('XMODIFIERS', '@im=ibus'), ('XDG_SESSION_DESKTOP', 'ubuntu'), ('XAUTHORITY', '/run/user/1000/.mutter-Xwaylandauth.23O6E3'), ('LS_COLORS', 'rs=0:di=01;34:ln=01;36:mh=00:pi=40;33:so=01;35:do=01;35:bd=40;33;01:cd=40;33;01:or=40;31;01:mi=00:su=37;41:sg=30;43:ca=30;41:tw=30;42:ow=34;42:st=37;44:ex=01;32:*.tar=01;31:*.tgz=01;31:*.arc=01;31:*.arj=01;31:*.taz=01;31:*.lha=01;31:*.lz4=01;31:*.lzh=01;31:*.lzma=01;31:*.tlz=01;31:*.txz=01;31:*.tzo=01;31:*.t7z=01;31:*.zip=01;31:*.z=01;31:*.dz=01;31:*.gz=01;31:*.lrz=01;31:*.lz=01;31:*.lzo=01;31:*.xz=01;31:*.zst=01;31:*.tzst=01;31:*.bz2=01;31:*.bz=01;31:*.tbz=01;31:*.tbz2=01;31:*.tz=01;31:*.deb=01;31:*.rpm=01;31:*.jar=01;31:*.war=01;31:*.ear=01;31:*.sar=01;31:*.rar=01;31:*.alz=01;31:*.ace=01;31:*.zoo=01;31:*.cpio=01;31:*.7z=01;31:*.rz=01;31:*.cab=01;31:*.wim=01;31:*.swm=01;31:*.dwm=01;31:*.esd=01;31:*.jpg=01;35:*.jpeg=01;35:*.mjpg=01;35:*.mjpeg=01;35:*.gif=01;35:*.bmp=01;35:*.pbm=01;35:*.pgm=01;35:*.ppm=01;35:*.tga=01;35:*.xbm=01;35:*.xpm=01;35:*.tif=01;35:*.tiff=01;35:*.png=01;35:*.svg=01;35:*.svgz=01;35:*.mng=01;35:*.pcx=01;35:*.mov=01;35:*.mpg=01;35:*.mpeg=01;35:*.m2v=01;35:*.mkv=01;35:*.webm=01;35:*.webp=01;35:*.ogm=01;35:*.mp4=01;35:*.m4v=01;35:*.mp4v=01;35:*.vob=01;35:*.qt=01;35:*.nuv=01;35:*.wmv=01;35:*.asf=01;35:*.rm=01;35:*.rmvb=01;35:*.flc=01;35:*.avi=01;35:*.fli=01;35:*.flv=01;35:*.gl=01;35:*.dl=01;35:*.xcf=01;35:*.xwd=01;35:*.yuv=01;35:*.cgm=01;35:*.emf=01;35:*.ogv=01;35:*.ogx=01;35:*.aac=00;36:*.au=00;36:*.flac=00;36:*.m4a=00;36:*.mid=00;36:*.midi=00;36:*.mka=00;36:*.mp3=00;36:*.mpc=00;36:*.ogg=00;36:*.ra=00;36:*.wav=00;36:*.oga=00;36:*.opus=00;36:*.spx=00;36:*.xspf=00;36:'), ('GNOME_TERMINAL_SERVICE', ':1.182'), ('SSH_AGENT_LAUNCHER', 'gnome-keyring'), ('SSH_AUTH_SOCK', '/run/user/1000/keyring/ssh'), ('AMENT_PREFIX_PATH', '/opt/ros/humble'), ('SHELL', '/bin/bash'), ('LC_NAME', 'it_IT.UTF-8'), ('QT_ACCESSIBILITY', '1'), ('GDMSESSION', 'ubuntu'), ('LESSCLOSE', '/usr/bin/lesspipe %s %s'), ('LC_MEASUREMENT', 'it_IT.UTF-8'), ('LC_IDENTIFICATION', 'it_IT.UTF-8'), ('QT_IM_MODULE', 'ibus'), ('PWD', '/home/brairlab/ros2_ws/build/tutorial_interfaces'), ('XDG_CONFIG_DIRS', '/etc/xdg/xdg-ubuntu:/etc/xdg'), ('DBUS_STARTER_ADDRESS', 'unix:path=/run/user/1000/bus,guid=f3f4ffbbb4edfd638e4a4ea5690b77a3'), ('XDG_DATA_DIRS', '/usr/share/ubuntu:/usr/local/share/:/usr/share/:/var/lib/snapd/desktop'), ('PYTHONPATH', '/opt/ros/humble/lib/python3.10/site-packages:/opt/ros/humble/local/lib/python3.10/dist-packages'), ('LC_NUMERIC', 'it_IT.UTF-8'), ('LC_PAPER', 'it_IT.UTF-8'), ('COLCON', '1'), ('VTE_VERSION', '6800'), ('CMAKE_PREFIX_PATH', '/opt/ros/humble')]), 'shell': False}
[21.654178] (-) TimerEvent: {}
[21.755633] (-) TimerEvent: {}
[21.859320] (-) TimerEvent: {}
[21.966702] (tutorial_interfaces) StdoutLine: {'line': b'[  2%] \x1b[34m\x1b[1mGenerating C++ code for ROS interfaces\x1b[0m\n'}
[21.967833] (-) TimerEvent: {}
[22.070326] (-) TimerEvent: {}
[22.171590] (-) TimerEvent: {}
[22.273059] (-) TimerEvent: {}
[22.377193] (-) TimerEvent: {}
[22.500468] (-) TimerEvent: {}
[22.614141] (-) TimerEvent: {}
[22.736099] (-) TimerEvent: {}
[22.836763] (-) TimerEvent: {}
[22.942559] (tutorial_interfaces) StdoutLine: {'line': b'[  2%] Built target tutorial_interfaces__cpp\n'}
[22.946248] (-) TimerEvent: {}
[23.029767] (tutorial_interfaces) StdoutLine: {'line': b'[  2%] Built target ament_cmake_python_copy_tutorial_interfaces\n'}
[23.059144] (tutorial_interfaces) StdoutLine: {'line': b'[  4%] \x1b[34m\x1b[1mGenerating C++ type support for eProsima Fast-RTPS\x1b[0m\n'}
[23.059513] (-) TimerEvent: {}
[23.195079] (-) TimerEvent: {}
[23.326830] (-) TimerEvent: {}
[23.428096] (-) TimerEvent: {}
[23.545326] (-) TimerEvent: {}
[23.654414] (-) TimerEvent: {}
[23.760092] (-) TimerEvent: {}
[23.861179] (-) TimerEvent: {}
[23.970177] (tutorial_interfaces) StdoutLine: {'line': b'[  6%] \x1b[32mBuilding CXX object CMakeFiles/tutorial_interfaces__rosidl_typesupport_fastrtps_cpp.dir/rosidl_typesupport_fastrtps_cpp/tutorial_interfaces/msg/detail/dds_fastrtps/num__type_support.cpp.o\x1b[0m\n'}
[23.970701] (-) TimerEvent: {}
[24.078027] (-) TimerEvent: {}
[24.180437] (-) TimerEvent: {}
[24.281264] (-) TimerEvent: {}
[24.384783] (-) TimerEvent: {}
[24.488425] (-) TimerEvent: {}
[24.590460] (-) TimerEvent: {}
[24.697645] (-) TimerEvent: {}
[24.798550] (-) TimerEvent: {}
[24.902060] (-) TimerEvent: {}
[25.006185] (-) TimerEvent: {}
[25.108750] (-) TimerEvent: {}
[25.219023] (-) TimerEvent: {}
[25.322636] (-) TimerEvent: {}
[25.427032] (-) TimerEvent: {}
[25.538514] (-) TimerEvent: {}
[25.645896] (-) TimerEvent: {}
[25.749402] (-) TimerEvent: {}
[25.853465] (-) TimerEvent: {}
[25.970107] (-) TimerEvent: {}
[26.007556] (tutorial_interfaces) StdoutLine: {'line': b'[  8%] \x1b[32mBuilding CXX object CMakeFiles/tutorial_interfaces__rosidl_typesupport_fastrtps_cpp.dir/rosidl_typesupport_fastrtps_cpp/tutorial_interfaces/msg/detail/dds_fastrtps/sphere__type_support.cpp.o\x1b[0m\n'}
[26.073162] (-) TimerEvent: {}
[26.177781] (-) TimerEvent: {}
[26.282699] (-) TimerEvent: {}
[26.385067] (-) TimerEvent: {}
[26.486707] (-) TimerEvent: {}
[26.606679] (-) TimerEvent: {}
[26.717649] (-) TimerEvent: {}
[26.821485] (-) TimerEvent: {}
[27.015527] (-) TimerEvent: {}
[27.123748] (-) TimerEvent: {}
[27.162491] (tutorial_interfaces) StdoutLine: {'line': b'[ 10%] \x1b[32mBuilding CXX object CMakeFiles/tutorial_interfaces__rosidl_typesupport_fastrtps_cpp.dir/rosidl_typesupport_fastrtps_cpp/tutorial_interfaces/srv/detail/dds_fastrtps/add_three_ints__type_support.cpp.o\x1b[0m\n'}
[27.260134] (-) TimerEvent: {}
[27.365564] (-) TimerEvent: {}
[27.471944] (-) TimerEvent: {}
[27.747465] (-) TimerEvent: {}
[27.855442] (-) TimerEvent: {}
[27.891750] (tutorial_interfaces) StdoutLine: {'line': b'[ 12%] \x1b[32m\x1b[1mLinking CXX shared library libtutorial_interfaces__rosidl_typesupport_fastrtps_cpp.so\x1b[0m\n'}
[27.957668] (-) TimerEvent: {}
[28.070816] (-) TimerEvent: {}
[28.181163] (-) TimerEvent: {}
[28.269666] (tutorial_interfaces) StdoutLine: {'line': b'[ 12%] Built target tutorial_interfaces__rosidl_typesupport_fastrtps_cpp\n'}
[28.282568] (-) TimerEvent: {}
[28.340035] (tutorial_interfaces) StdoutLine: {'line': b'[ 14%] \x1b[34m\x1b[1mGenerating C++ introspection for ROS interfaces\x1b[0m\n'}
[28.404648] (-) TimerEvent: {}
[28.510208] (-) TimerEvent: {}
[28.615307] (-) TimerEvent: {}
[28.718172] (-) TimerEvent: {}
[28.821204] (-) TimerEvent: {}
[28.936447] (-) TimerEvent: {}
[29.064208] (-) TimerEvent: {}
[29.170817] (-) TimerEvent: {}
[29.284143] (-) TimerEvent: {}
[29.301125] (tutorial_interfaces) StdoutLine: {'line': b'[ 17%] \x1b[32mBuilding CXX object CMakeFiles/tutorial_interfaces__rosidl_typesupport_introspection_cpp.dir/rosidl_typesupport_introspection_cpp/tutorial_interfaces/msg/detail/num__type_support.cpp.o\x1b[0m\n'}
[29.389387] (-) TimerEvent: {}
[29.499475] (-) TimerEvent: {}
[29.779431] (-) TimerEvent: {}
[29.836173] (tutorial_interfaces) StdoutLine: {'line': b'[ 19%] \x1b[32mBuilding CXX object CMakeFiles/tutorial_interfaces__rosidl_typesupport_introspection_cpp.dir/rosidl_typesupport_introspection_cpp/tutorial_interfaces/msg/detail/sphere__type_support.cpp.o\x1b[0m\n'}
[29.880363] (-) TimerEvent: {}
[30.224296] (-) TimerEvent: {}
[30.344165] (-) TimerEvent: {}
[30.364271] (tutorial_interfaces) StdoutLine: {'line': b'[ 21%] \x1b[32mBuilding CXX object CMakeFiles/tutorial_interfaces__rosidl_typesupport_introspection_cpp.dir/rosidl_typesupport_introspection_cpp/tutorial_interfaces/srv/detail/add_three_ints__type_support.cpp.o\x1b[0m\n'}
[30.444763] (-) TimerEvent: {}
[30.546396] (-) TimerEvent: {}
[30.649560] (-) TimerEvent: {}
[30.761242] (-) TimerEvent: {}
[30.862233] (-) TimerEvent: {}
[30.963310] (-) TimerEvent: {}
[31.068139] (-) TimerEvent: {}
[31.133221] (tutorial_interfaces) StdoutLine: {'line': b'[ 23%] \x1b[32m\x1b[1mLinking CXX shared library libtutorial_interfaces__rosidl_typesupport_introspection_cpp.so\x1b[0m\n'}
[31.170234] (-) TimerEvent: {}
[31.271412] (-) TimerEvent: {}
[31.302428] (tutorial_interfaces) StdoutLine: {'line': b'[ 23%] Built target tutorial_interfaces__rosidl_typesupport_introspection_cpp\n'}
[31.374136] (-) TimerEvent: {}
[31.475379] (-) TimerEvent: {}
[31.584765] (-) TimerEvent: {}
[31.685676] (-) TimerEvent: {}
[31.827769] (-) TimerEvent: {}
[31.932683] (-) TimerEvent: {}
[32.034155] (-) TimerEvent: {}
[32.135153] (-) TimerEvent: {}
[32.236339] (-) TimerEvent: {}
[32.340648] (-) TimerEvent: {}
[32.442166] (-) TimerEvent: {}
[32.576545] (-) TimerEvent: {}
[32.596203] (tutorial_interfaces) StdoutLine: {'line': b'running egg_info\n'}
[32.598153] (tutorial_interfaces) StdoutLine: {'line': b'creating tutorial_interfaces.egg-info\n'}
[32.598630] (tutorial_interfaces) StdoutLine: {'line': b'writing tutorial_interfaces.egg-info/PKG-INFO\n'}
[32.599081] (tutorial_interfaces) StdoutLine: {'line': b'writing dependency_links to tutorial_interfaces.egg-info/dependency_links.txt\n'}
[32.600250] (tutorial_interfaces) StdoutLine: {'line': b'writing top-level names to tutorial_interfaces.egg-info/top_level.txt\n'}
[32.601123] (tutorial_interfaces) StdoutLine: {'line': b"writing manifest file 'tutorial_interfaces.egg-info/SOURCES.txt'\n"}
[32.606189] (tutorial_interfaces) StdoutLine: {'line': b"reading manifest file 'tutorial_interfaces.egg-info/SOURCES.txt'\n"}
[32.606439] (tutorial_interfaces) StdoutLine: {'line': b"writing manifest file 'tutorial_interfaces.egg-info/SOURCES.txt'\n"}
[32.678569] (-) TimerEvent: {}
[32.694578] (tutorial_interfaces) StdoutLine: {'line': b'[ 23%] Built target ament_cmake_python_build_tutorial_interfaces_egg\n'}
[32.729379] (tutorial_interfaces) StdoutLine: {'line': b'[ 25%] \x1b[34m\x1b[1mGenerating C++ type support dispatch for ROS interfaces\x1b[0m\n'}
[32.780140] (-) TimerEvent: {}
[32.881973] (-) TimerEvent: {}
[32.983315] (-) TimerEvent: {}
[33.086103] (-) TimerEvent: {}
[33.194540] (-) TimerEvent: {}
[33.300279] (-) TimerEvent: {}
[33.347284] (tutorial_interfaces) StdoutLine: {'line': b'[ 27%] \x1b[32mBuilding CXX object CMakeFiles/tutorial_interfaces__rosidl_typesupport_cpp.dir/rosidl_typesupport_cpp/tutorial_interfaces/msg/num__type_support.cpp.o\x1b[0m\n'}
[33.404186] (-) TimerEvent: {}
[33.516145] (-) TimerEvent: {}
[33.617189] (-) TimerEvent: {}
[33.718138] (-) TimerEvent: {}
[33.836392] (-) TimerEvent: {}
[33.913828] (tutorial_interfaces) StdoutLine: {'line': b'[ 29%] \x1b[32mBuilding CXX object CMakeFiles/tutorial_interfaces__rosidl_typesupport_cpp.dir/rosidl_typesupport_cpp/tutorial_interfaces/srv/add_three_ints__type_support.cpp.o\x1b[0m\n'}
[33.936475] (-) TimerEvent: {}
[34.037232] (-) TimerEvent: {}
[34.140208] (-) TimerEvent: {}
[34.243833] (-) TimerEvent: {}
[34.344345] (-) TimerEvent: {}
[34.454421] (-) TimerEvent: {}
[34.481129] (tutorial_interfaces) StdoutLine: {'line': b'[ 31%] \x1b[32mBuilding CXX object CMakeFiles/tutorial_interfaces__rosidl_typesupport_cpp.dir/rosidl_typesupport_cpp/tutorial_interfaces/msg/sphere__type_support.cpp.o\x1b[0m\n'}
[34.557155] (-) TimerEvent: {}
[34.657793] (-) TimerEvent: {}
[34.761134] (-) TimerEvent: {}
[34.866781] (-) TimerEvent: {}
[34.968414] (-) TimerEvent: {}
[35.045540] (tutorial_interfaces) StdoutLine: {'line': b'[ 34%] \x1b[32m\x1b[1mLinking CXX shared library libtutorial_interfaces__rosidl_typesupport_cpp.so\x1b[0m\n'}
[35.073235] (-) TimerEvent: {}
[35.179792] (-) TimerEvent: {}
[35.186904] (tutorial_interfaces) StdoutLine: {'line': b'[ 34%] Built target tutorial_interfaces__rosidl_typesupport_cpp\n'}
[35.214351] (tutorial_interfaces) StdoutLine: {'line': b'[ 36%] \x1b[34m\x1b[1mGenerating C code for ROS interfaces\x1b[0m\n'}
[35.281341] (-) TimerEvent: {}
[35.383375] (-) TimerEvent: {}
[35.484056] (-) TimerEvent: {}
[35.587272] (-) TimerEvent: {}
[35.689239] (-) TimerEvent: {}
[35.794228] (-) TimerEvent: {}
[35.896780] (-) TimerEvent: {}
[36.000225] (-) TimerEvent: {}
[36.103721] (-) TimerEvent: {}
[36.207378] (-) TimerEvent: {}
[36.263636] (tutorial_interfaces) StdoutLine: {'line': b'[ 38%] \x1b[32mBuilding C object CMakeFiles/tutorial_interfaces__rosidl_generator_c.dir/rosidl_generator_c/tutorial_interfaces/msg/detail/num__functions.c.o\x1b[0m\n'}
[36.330260] (-) TimerEvent: {}
[36.438757] (-) TimerEvent: {}
[36.541313] (-) TimerEvent: {}
[36.638765] (tutorial_interfaces) StdoutLine: {'line': b'[ 40%] \x1b[32mBuilding C object CMakeFiles/tutorial_interfaces__rosidl_generator_c.dir/rosidl_generator_c/tutorial_interfaces/srv/detail/add_three_ints__functions.c.o\x1b[0m\n'}
[36.642397] (-) TimerEvent: {}
[36.746969] (-) TimerEvent: {}
[36.766581] (tutorial_interfaces) StdoutLine: {'line': b'[ 42%] \x1b[32mBuilding C object CMakeFiles/tutorial_interfaces__rosidl_generator_c.dir/rosidl_generator_c/tutorial_interfaces/msg/detail/sphere__functions.c.o\x1b[0m\n'}
[36.850130] (-) TimerEvent: {}
[36.887295] (tutorial_interfaces) StdoutLine: {'line': b'[ 44%] \x1b[32m\x1b[1mLinking C shared library libtutorial_interfaces__rosidl_generator_c.so\x1b[0m\n'}
[36.951348] (-) TimerEvent: {}
[37.036632] (tutorial_interfaces) StdoutLine: {'line': b'[ 44%] Built target tutorial_interfaces__rosidl_generator_c\n'}
[37.056082] (-) TimerEvent: {}
[37.104102] (tutorial_interfaces) StdoutLine: {'line': b'[ 46%] \x1b[34m\x1b[1mGenerating C type support for eProsima Fast-RTPS\x1b[0m\n'}
[37.170346] (-) TimerEvent: {}
[37.280810] (-) TimerEvent: {}
[37.383168] (-) TimerEvent: {}
[37.485161] (-) TimerEvent: {}
[37.604575] (-) TimerEvent: {}
[37.707273] (-) TimerEvent: {}
[37.809293] (-) TimerEvent: {}
[37.918832] (-) TimerEvent: {}
[37.942824] (tutorial_interfaces) StdoutLine: {'line': b'[ 48%] \x1b[32mBuilding CXX object CMakeFiles/tutorial_interfaces__rosidl_typesupport_fastrtps_c.dir/rosidl_typesupport_fastrtps_c/tutorial_interfaces/msg/detail/num__type_support_c.cpp.o\x1b[0m\n'}
[38.019066] (-) TimerEvent: {}
[38.326513] (-) TimerEvent: {}
[38.429246] (tutorial_interfaces) StdoutLine: {'line': b'[ 51%] \x1b[32mBuilding CXX object CMakeFiles/tutorial_interfaces__rosidl_typesupport_fastrtps_c.dir/rosidl_typesupport_fastrtps_c/tutorial_interfaces/msg/detail/sphere__type_support_c.cpp.o\x1b[0m\n'}
[38.429887] (-) TimerEvent: {}
[38.531283] (-) TimerEvent: {}
[38.633253] (-) TimerEvent: {}
[38.736408] (-) TimerEvent: {}
[38.838614] (-) TimerEvent: {}
[38.943732] (-) TimerEvent: {}
[39.049346] (-) TimerEvent: {}
[39.101542] (tutorial_interfaces) StdoutLine: {'line': b'[ 53%] \x1b[32mBuilding CXX object CMakeFiles/tutorial_interfaces__rosidl_typesupport_fastrtps_c.dir/rosidl_typesupport_fastrtps_c/tutorial_interfaces/srv/detail/add_three_ints__type_support_c.cpp.o\x1b[0m\n'}
[39.170263] (-) TimerEvent: {}
[39.277302] (-) TimerEvent: {}
[39.382124] (-) TimerEvent: {}
[39.483986] (-) TimerEvent: {}
[39.592190] (-) TimerEvent: {}
[39.694599] (-) TimerEvent: {}
[39.797911] (-) TimerEvent: {}
[39.932611] (-) TimerEvent: {}
[39.957397] (tutorial_interfaces) StdoutLine: {'line': b'[ 55%] \x1b[32m\x1b[1mLinking CXX shared library libtutorial_interfaces__rosidl_typesupport_fastrtps_c.so\x1b[0m\n'}
[40.031246] (-) TimerEvent: {}
[40.145324] (-) TimerEvent: {}
[40.246300] (-) TimerEvent: {}
[40.349515] (-) TimerEvent: {}
[40.369282] (tutorial_interfaces) StdoutLine: {'line': b'[ 55%] Built target tutorial_interfaces__rosidl_typesupport_fastrtps_c\n'}
[40.413785] (tutorial_interfaces) StdoutLine: {'line': b'[ 57%] \x1b[34m\x1b[1mGenerating C type support dispatch for ROS interfaces\x1b[0m\n'}
[40.456630] (-) TimerEvent: {}
[40.594688] (-) TimerEvent: {}
[40.728809] (-) TimerEvent: {}
[40.834748] (-) TimerEvent: {}
[40.940250] (-) TimerEvent: {}
[41.043547] (-) TimerEvent: {}
[41.145975] (-) TimerEvent: {}
[41.268769] (-) TimerEvent: {}
[41.333337] (tutorial_interfaces) StdoutLine: {'line': b'[ 59%] \x1b[32mBuilding CXX object CMakeFiles/tutorial_interfaces__rosidl_typesupport_c.dir/rosidl_typesupport_c/tutorial_interfaces/msg/num__type_support.cpp.o\x1b[0m\n'}
[41.399544] (-) TimerEvent: {}
[41.436732] (tutorial_interfaces) StdoutLine: {'line': b'[ 61%] \x1b[32mBuilding CXX object CMakeFiles/tutorial_interfaces__rosidl_typesupport_c.dir/rosidl_typesupport_c/tutorial_interfaces/srv/add_three_ints__type_support.cpp.o\x1b[0m\n'}
[41.503152] (-) TimerEvent: {}
[41.580761] (tutorial_interfaces) StdoutLine: {'line': b'[ 63%] \x1b[32mBuilding CXX object CMakeFiles/tutorial_interfaces__rosidl_typesupport_c.dir/rosidl_typesupport_c/tutorial_interfaces/msg/sphere__type_support.cpp.o\x1b[0m\n'}
[41.603453] (-) TimerEvent: {}
[41.650432] (tutorial_interfaces) StdoutLine: {'line': b'[ 65%] \x1b[32m\x1b[1mLinking CXX shared library libtutorial_interfaces__rosidl_typesupport_c.so\x1b[0m\n'}
[41.704612] (-) TimerEvent: {}
[41.791127] (tutorial_interfaces) StdoutLine: {'line': b'[ 65%] Built target tutorial_interfaces__rosidl_typesupport_c\n'}
[41.809169] (-) TimerEvent: {}
[41.829754] (tutorial_interfaces) StdoutLine: {'line': b'[ 68%] \x1b[34m\x1b[1mGenerating C introspection for ROS interfaces\x1b[0m\n'}
[41.913119] (-) TimerEvent: {}
[42.014371] (-) TimerEvent: {}
[42.118602] (-) TimerEvent: {}
[42.219728] (-) TimerEvent: {}
[42.322165] (-) TimerEvent: {}
[42.422895] (-) TimerEvent: {}
[42.525387] (-) TimerEvent: {}
[42.624911] (tutorial_interfaces) StdoutLine: {'line': b'[ 70%] \x1b[32mBuilding C object CMakeFiles/tutorial_interfaces__rosidl_typesupport_introspection_c.dir/rosidl_typesupport_introspection_c/tutorial_interfaces/msg/detail/num__type_support.c.o\x1b[0m\n'}
[42.625632] (-) TimerEvent: {}
[42.724806] (tutorial_interfaces) StdoutLine: {'line': b'[ 72%] \x1b[32mBuilding C object CMakeFiles/tutorial_interfaces__rosidl_typesupport_introspection_c.dir/rosidl_typesupport_introspection_c/tutorial_interfaces/srv/detail/add_three_ints__type_support.c.o\x1b[0m\n'}
[42.726611] (-) TimerEvent: {}
[42.832177] (-) TimerEvent: {}
[42.853423] (tutorial_interfaces) StdoutLine: {'line': b'[ 74%] \x1b[32mBuilding C object CMakeFiles/tutorial_interfaces__rosidl_typesupport_introspection_c.dir/rosidl_typesupport_introspection_c/tutorial_interfaces/msg/detail/sphere__type_support.c.o\x1b[0m\n'}
[42.932808] (-) TimerEvent: {}
[43.020460] (tutorial_interfaces) StdoutLine: {'line': b'[ 76%] \x1b[32m\x1b[1mLinking C shared library libtutorial_interfaces__rosidl_typesupport_introspection_c.so\x1b[0m\n'}
[43.065027] (-) TimerEvent: {}
[43.134323] (tutorial_interfaces) StdoutLine: {'line': b'[ 76%] Built target tutorial_interfaces__rosidl_typesupport_introspection_c\n'}
[43.164815] (-) TimerEvent: {}
[43.215266] (tutorial_interfaces) StdoutLine: {'line': b'[ 76%] Built target tutorial_interfaces\n'}
[43.276120] (tutorial_interfaces) StdoutLine: {'line': b'[ 78%] \x1b[34m\x1b[1mGenerating Python code for ROS interfaces\x1b[0m\n'}
[43.277030] (-) TimerEvent: {}
[43.382470] (-) TimerEvent: {}
[43.485193] (-) TimerEvent: {}
[43.595608] (-) TimerEvent: {}
[43.700621] (-) TimerEvent: {}
[43.887855] (-) TimerEvent: {}
[43.988678] (-) TimerEvent: {}
[44.093115] (-) TimerEvent: {}
[44.195196] (-) TimerEvent: {}
[44.296131] (-) TimerEvent: {}
[44.397648] (-) TimerEvent: {}
[44.504397] (-) TimerEvent: {}
[44.513062] (tutorial_interfaces) StdoutLine: {'line': b'[ 78%] Built target tutorial_interfaces__py\n'}
[44.605136] (-) TimerEvent: {}
[44.633429] (tutorial_interfaces) StdoutLine: {'line': b'[ 80%] \x1b[32mBuilding C object CMakeFiles/tutorial_interfaces__rosidl_generator_py.dir/rosidl_generator_py/tutorial_interfaces/msg/_num_s.c.o\x1b[0m\n'}
[44.705955] (-) TimerEvent: {}
[44.823542] (-) TimerEvent: {}
[44.927223] (-) TimerEvent: {}
[45.029065] (-) TimerEvent: {}
[45.130557] (-) TimerEvent: {}
[45.235411] (-) TimerEvent: {}
[45.294742] (tutorial_interfaces) StdoutLine: {'line': b'[ 82%] \x1b[32mBuilding C object CMakeFiles/tutorial_interfaces__rosidl_generator_py.dir/rosidl_generator_py/tutorial_interfaces/srv/_add_three_ints_s.c.o\x1b[0m\n'}
[45.340289] (-) TimerEvent: {}
[45.452335] (-) TimerEvent: {}
[45.554317] (-) TimerEvent: {}
[45.655542] (-) TimerEvent: {}
[45.744958] (tutorial_interfaces) StdoutLine: {'line': b'[ 85%] \x1b[32mBuilding C object CMakeFiles/tutorial_interfaces__rosidl_generator_py.dir/rosidl_generator_py/tutorial_interfaces/msg/_sphere_s.c.o\x1b[0m\n'}
[45.757697] (-) TimerEvent: {}
[45.864618] (-) TimerEvent: {}
[45.938379] (tutorial_interfaces) StdoutLine: {'line': b'[ 87%] \x1b[32m\x1b[1mLinking C shared library rosidl_generator_py/tutorial_interfaces/libtutorial_interfaces__rosidl_generator_py.so\x1b[0m\n'}
[45.964153] (-) TimerEvent: {}
[46.069279] (-) TimerEvent: {}
[46.080855] (tutorial_interfaces) StdoutLine: {'line': b'[ 87%] Built target tutorial_interfaces__rosidl_generator_py\n'}
[46.178949] (-) TimerEvent: {}
[46.234281] (tutorial_interfaces) StdoutLine: {'line': b'[ 89%] \x1b[32mBuilding C object CMakeFiles/tutorial_interfaces__rosidl_typesupport_fastrtps_c__pyext.dir/rosidl_generator_py/tutorial_interfaces/_tutorial_interfaces_s.ep.rosidl_typesupport_fastrtps_c.c.o\x1b[0m\n'}
[46.294004] (-) TimerEvent: {}
[46.396714] (-) TimerEvent: {}
[46.498155] (-) TimerEvent: {}
[46.526632] (tutorial_interfaces) StdoutLine: {'line': b'[ 91%] \x1b[32m\x1b[1mLinking C shared library rosidl_generator_py/tutorial_interfaces/tutorial_interfaces_s__rosidl_typesupport_fastrtps_c.cpython-310-x86_64-linux-gnu.so\x1b[0m\n'}
[46.606438] (-) TimerEvent: {}
[46.639345] (tutorial_interfaces) StdoutLine: {'line': b'[ 91%] Built target tutorial_interfaces__rosidl_typesupport_fastrtps_c__pyext\n'}
[46.708870] (-) TimerEvent: {}
[46.718058] (tutorial_interfaces) StdoutLine: {'line': b'[ 93%] \x1b[32mBuilding C object CMakeFiles/tutorial_interfaces__rosidl_typesupport_c__pyext.dir/rosidl_generator_py/tutorial_interfaces/_tutorial_interfaces_s.ep.rosidl_typesupport_c.c.o\x1b[0m\n'}
[46.809585] (-) TimerEvent: {}
[46.913453] (-) TimerEvent: {}
[47.017469] (-) TimerEvent: {}
[47.119305] (-) TimerEvent: {}
[47.234297] (-) TimerEvent: {}
[47.278835] (tutorial_interfaces) StdoutLine: {'line': b'[ 95%] \x1b[32m\x1b[1mLinking C shared library rosidl_generator_py/tutorial_interfaces/tutorial_interfaces_s__rosidl_typesupport_c.cpython-310-x86_64-linux-gnu.so\x1b[0m\n'}
[47.335643] (-) TimerEvent: {}
[47.440566] (-) TimerEvent: {}
[47.526668] (tutorial_interfaces) StdoutLine: {'line': b'[ 95%] Built target tutorial_interfaces__rosidl_typesupport_c__pyext\n'}
[47.561654] (-) TimerEvent: {}
[47.662171] (-) TimerEvent: {}
[47.746412] (tutorial_interfaces) StdoutLine: {'line': b'[ 97%] \x1b[32mBuilding C object CMakeFiles/tutorial_interfaces__rosidl_typesupport_introspection_c__pyext.dir/rosidl_generator_py/tutorial_interfaces/_tutorial_interfaces_s.ep.rosidl_typesupport_introspection_c.c.o\x1b[0m\n'}
[47.762775] (-) TimerEvent: {}
[47.865446] (-) TimerEvent: {}
[47.967403] (-) TimerEvent: {}
[48.036441] (tutorial_interfaces) StdoutLine: {'line': b'[100%] \x1b[32m\x1b[1mLinking C shared library rosidl_generator_py/tutorial_interfaces/tutorial_interfaces_s__rosidl_typesupport_introspection_c.cpython-310-x86_64-linux-gnu.so\x1b[0m\n'}
[48.072965] (-) TimerEvent: {}
[48.178823] (-) TimerEvent: {}
[48.280004] (-) TimerEvent: {}
[48.283463] (tutorial_interfaces) StdoutLine: {'line': b'[100%] Built target tutorial_interfaces__rosidl_typesupport_introspection_c__pyext\n'}
[48.378917] (tutorial_interfaces) CommandEnded: {'returncode': 0}
[48.384734] (-) TimerEvent: {}
[48.387236] (tutorial_interfaces) JobProgress: {'identifier': 'tutorial_interfaces', 'progress': 'install'}
[48.393707] (tutorial_interfaces) Command: {'cmd': ['/usr/bin/cmake', '--install', '/home/brairlab/ros2_ws/build/tutorial_interfaces'], 'cwd': '/home/brairlab/ros2_ws/build/tutorial_interfaces', 'env': OrderedDict([('LESSOPEN', '| /usr/bin/lesspipe %s'), ('USER', 'brairlab'), ('LC_TIME', 'it_IT.UTF-8'), ('XDG_SESSION_TYPE', 'wayland'), ('SHLVL', '1'), ('LD_LIBRARY_PATH', '/usr/lib/yarp:/opt/ros/humble/lib/x86_64-linux-gnu:/opt/ros/humble/lib'), ('HOME', '/home/brairlab'), ('DESKTOP_SESSION', 'ubuntu'), ('ROS_PYTHON_VERSION', '3'), ('GNOME_SHELL_SESSION_MODE', 'ubuntu'), ('GTK_MODULES', 'gail:atk-bridge'), ('LC_MONETARY', 'it_IT.UTF-8'), ('DBUS_STARTER_BUS_TYPE', 'session'), ('SYSTEMD_EXEC_PID', '2458'), ('DBUS_SESSION_BUS_ADDRESS', 'unix:path=/run/user/1000/bus,guid=f3f4ffbbb4edfd638e4a4ea5690b77a3'), ('COLORTERM', 'truecolor'), ('IM_CONFIG_PHASE', '1'), ('WAYLAND_DISPLAY', 'wayland-0'), ('ROS_DISTRO', 'humble'), ('LOGNAME', 'brairlab'), ('_', '/usr/bin/colcon'), ('ROS_VERSION', '2'), ('XDG_SESSION_CLASS', 'user'), ('USERNAME', 'brairlab'), ('TERM', 'xterm-256color'), ('GNOME_DESKTOP_SESSION_ID', 'this-is-deprecated'), ('ROS_LOCALHOST_ONLY', '0'), ('PATH', '/opt/ros/humble/bin:/usr/local/sbin:/usr/local/bin:/usr/sbin:/usr/bin:/sbin:/bin:/usr/games:/usr/local/games:/snap/bin:/snap/bin'), ('SESSION_MANAGER', 'local/brairlab-vm:@/tmp/.ICE-unix/2458,unix/brairlab-vm:/tmp/.ICE-unix/2458'), ('XDG_MENU_PREFIX', 'gnome-'), ('LC_ADDRESS', 'it_IT.UTF-8'), ('GNOME_TERMINAL_SCREEN', '/org/gnome/Terminal/screen/2530a811_6489_4d0a_985c_a7f6c8f5c3a1'), ('GNOME_SETUP_DISPLAY', ':1'), ('XDG_RUNTIME_DIR', '/run/user/1000'), ('DISPLAY', ':0'), ('LANG', 'en_US.UTF-8'), ('XDG_CURRENT_DESKTOP', 'ubuntu:GNOME'), ('LC_TELEPHONE', 'it_IT.UTF-8'), ('XMODIFIERS', '@im=ibus'), ('XDG_SESSION_DESKTOP', 'ubuntu'), ('XAUTHORITY', '/run/user/1000/.mutter-Xwaylandauth.23O6E3'), ('LS_COLORS', 'rs=0:di=01;34:ln=01;36:mh=00:pi=40;33:so=01;35:do=01;35:bd=40;33;01:cd=40;33;01:or=40;31;01:mi=00:su=37;41:sg=30;43:ca=30;41:tw=30;42:ow=34;42:st=37;44:ex=01;32:*.tar=01;31:*.tgz=01;31:*.arc=01;31:*.arj=01;31:*.taz=01;31:*.lha=01;31:*.lz4=01;31:*.lzh=01;31:*.lzma=01;31:*.tlz=01;31:*.txz=01;31:*.tzo=01;31:*.t7z=01;31:*.zip=01;31:*.z=01;31:*.dz=01;31:*.gz=01;31:*.lrz=01;31:*.lz=01;31:*.lzo=01;31:*.xz=01;31:*.zst=01;31:*.tzst=01;31:*.bz2=01;31:*.bz=01;31:*.tbz=01;31:*.tbz2=01;31:*.tz=01;31:*.deb=01;31:*.rpm=01;31:*.jar=01;31:*.war=01;31:*.ear=01;31:*.sar=01;31:*.rar=01;31:*.alz=01;31:*.ace=01;31:*.zoo=01;31:*.cpio=01;31:*.7z=01;31:*.rz=01;31:*.cab=01;31:*.wim=01;31:*.swm=01;31:*.dwm=01;31:*.esd=01;31:*.jpg=01;35:*.jpeg=01;35:*.mjpg=01;35:*.mjpeg=01;35:*.gif=01;35:*.bmp=01;35:*.pbm=01;35:*.pgm=01;35:*.ppm=01;35:*.tga=01;35:*.xbm=01;35:*.xpm=01;35:*.tif=01;35:*.tiff=01;35:*.png=01;35:*.svg=01;35:*.svgz=01;35:*.mng=01;35:*.pcx=01;35:*.mov=01;35:*.mpg=01;35:*.mpeg=01;35:*.m2v=01;35:*.mkv=01;35:*.webm=01;35:*.webp=01;35:*.ogm=01;35:*.mp4=01;35:*.m4v=01;35:*.mp4v=01;35:*.vob=01;35:*.qt=01;35:*.nuv=01;35:*.wmv=01;35:*.asf=01;35:*.rm=01;35:*.rmvb=01;35:*.flc=01;35:*.avi=01;35:*.fli=01;35:*.flv=01;35:*.gl=01;35:*.dl=01;35:*.xcf=01;35:*.xwd=01;35:*.yuv=01;35:*.cgm=01;35:*.emf=01;35:*.ogv=01;35:*.ogx=01;35:*.aac=00;36:*.au=00;36:*.flac=00;36:*.m4a=00;36:*.mid=00;36:*.midi=00;36:*.mka=00;36:*.mp3=00;36:*.mpc=00;36:*.ogg=00;36:*.ra=00;36:*.wav=00;36:*.oga=00;36:*.opus=00;36:*.spx=00;36:*.xspf=00;36:'), ('GNOME_TERMINAL_SERVICE', ':1.182'), ('SSH_AGENT_LAUNCHER', 'gnome-keyring'), ('SSH_AUTH_SOCK', '/run/user/1000/keyring/ssh'), ('AMENT_PREFIX_PATH', '/opt/ros/humble'), ('SHELL', '/bin/bash'), ('LC_NAME', 'it_IT.UTF-8'), ('QT_ACCESSIBILITY', '1'), ('GDMSESSION', 'ubuntu'), ('LESSCLOSE', '/usr/bin/lesspipe %s %s'), ('LC_MEASUREMENT', 'it_IT.UTF-8'), ('LC_IDENTIFICATION', 'it_IT.UTF-8'), ('QT_IM_MODULE', 'ibus'), ('PWD', '/home/brairlab/ros2_ws/build/tutorial_interfaces'), ('XDG_CONFIG_DIRS', '/etc/xdg/xdg-ubuntu:/etc/xdg'), ('DBUS_STARTER_ADDRESS', 'unix:path=/run/user/1000/bus,guid=f3f4ffbbb4edfd638e4a4ea5690b77a3'), ('XDG_DATA_DIRS', '/usr/share/ubuntu:/usr/local/share/:/usr/share/:/var/lib/snapd/desktop'), ('PYTHONPATH', '/opt/ros/humble/lib/python3.10/site-packages:/opt/ros/humble/local/lib/python3.10/dist-packages'), ('LC_NUMERIC', 'it_IT.UTF-8'), ('LC_PAPER', 'it_IT.UTF-8'), ('COLCON', '1'), ('VTE_VERSION', '6800'), ('CMAKE_PREFIX_PATH', '/opt/ros/humble')]), 'shell': False}
[48.412116] (tutorial_interfaces) StdoutLine: {'line': b'-- Install configuration: ""\n'}
[48.415318] (tutorial_interfaces) StdoutLine: {'line': b'-- Installing: /home/brairlab/ros2_ws/install/tutorial_interfaces/share/ament_index/resource_index/rosidl_interfaces/tutorial_interfaces\n'}
[48.417401] (tutorial_interfaces) StdoutLine: {'line': b'-- Installing: /home/brairlab/ros2_ws/install/tutorial_interfaces/include/tutorial_interfaces/tutorial_interfaces\n'}
[48.481559] (tutorial_interfaces) StdoutLine: {'line': b'-- Installing: /home/brairlab/ros2_ws/install/tutorial_interfaces/include/tutorial_interfaces/tutorial_interfaces/srv\n'}
[48.482946] (tutorial_interfaces) StdoutLine: {'line': b'-- Installing: /home/brairlab/ros2_ws/install/tutorial_interfaces/include/tutorial_interfaces/tutorial_interfaces/srv/add_three_ints.h\n'}
[48.483091] (tutorial_interfaces) StdoutLine: {'line': b'-- Installing: /home/brairlab/ros2_ws/install/tutorial_interfaces/include/tutorial_interfaces/tutorial_interfaces/srv/detail\n'}
[48.483403] (tutorial_interfaces) StdoutLine: {'line': b'-- Installing: /home/brairlab/ros2_ws/install/tutorial_interfaces/include/tutorial_interfaces/tutorial_interfaces/srv/detail/add_three_ints__type_support.h\n'}
[48.484640] (tutorial_interfaces) StdoutLine: {'line': b'-- Installing: /home/brairlab/ros2_ws/install/tutorial_interfaces/include/tutorial_interfaces/tutorial_interfaces/srv/detail/add_three_ints__struct.h\n'}
[48.484732] (-) TimerEvent: {}
[48.486141] (tutorial_interfaces) StdoutLine: {'line': b'-- Installing: /home/brairlab/ros2_ws/install/tutorial_interfaces/include/tutorial_interfaces/tutorial_interfaces/srv/detail/add_three_ints__functions.c\n'}
[48.487693] (tutorial_interfaces) StdoutLine: {'line': b'-- Installing: /home/brairlab/ros2_ws/install/tutorial_interfaces/include/tutorial_interfaces/tutorial_interfaces/srv/detail/add_three_ints__functions.h\n'}
[48.491471] (tutorial_interfaces) StdoutLine: {'line': b'-- Installing: /home/brairlab/ros2_ws/install/tutorial_interfaces/include/tutorial_interfaces/tutorial_interfaces/msg\n'}
[48.491641] (tutorial_interfaces) StdoutLine: {'line': b'-- Installing: /home/brairlab/ros2_ws/install/tutorial_interfaces/include/tutorial_interfaces/tutorial_interfaces/msg/detail\n'}
[48.493909] (tutorial_interfaces) StdoutLine: {'line': b'-- Installing: /home/brairlab/ros2_ws/install/tutorial_interfaces/include/tutorial_interfaces/tutorial_interfaces/msg/detail/sphere__type_support.h\n'}
[48.494863] (tutorial_interfaces) StdoutLine: {'line': b'-- Installing: /home/brairlab/ros2_ws/install/tutorial_interfaces/include/tutorial_interfaces/tutorial_interfaces/msg/detail/sphere__struct.h\n'}
[48.495024] (tutorial_interfaces) StdoutLine: {'line': b'-- Installing: /home/brairlab/ros2_ws/install/tutorial_interfaces/include/tutorial_interfaces/tutorial_interfaces/msg/detail/num__functions.h\n'}
[48.495110] (tutorial_interfaces) StdoutLine: {'line': b'-- Installing: /home/brairlab/ros2_ws/install/tutorial_interfaces/include/tutorial_interfaces/tutorial_interfaces/msg/detail/num__struct.h\n'}
[48.495183] (tutorial_interfaces) StdoutLine: {'line': b'-- Installing: /home/brairlab/ros2_ws/install/tutorial_interfaces/include/tutorial_interfaces/tutorial_interfaces/msg/detail/sphere__functions.h\n'}
[48.495694] (tutorial_interfaces) StdoutLine: {'line': b'-- Installing: /home/brairlab/ros2_ws/install/tutorial_interfaces/include/tutorial_interfaces/tutorial_interfaces/msg/detail/num__functions.c\n'}
[48.495819] (tutorial_interfaces) StdoutLine: {'line': b'-- Installing: /home/brairlab/ros2_ws/install/tutorial_interfaces/include/tutorial_interfaces/tutorial_interfaces/msg/detail/sphere__functions.c\n'}
[48.495899] (tutorial_interfaces) StdoutLine: {'line': b'-- Installing: /home/brairlab/ros2_ws/install/tutorial_interfaces/include/tutorial_interfaces/tutorial_interfaces/msg/detail/num__type_support.h\n'}
[48.495977] (tutorial_interfaces) StdoutLine: {'line': b'-- Installing: /home/brairlab/ros2_ws/install/tutorial_interfaces/include/tutorial_interfaces/tutorial_interfaces/msg/num.h\n'}
[48.496468] (tutorial_interfaces) StdoutLine: {'line': b'-- Installing: /home/brairlab/ros2_ws/install/tutorial_interfaces/include/tutorial_interfaces/tutorial_interfaces/msg/sphere.h\n'}
[48.496575] (tutorial_interfaces) StdoutLine: {'line': b'-- Installing: /home/brairlab/ros2_ws/install/tutorial_interfaces/include/tutorial_interfaces/tutorial_interfaces/msg/rosidl_generator_c__visibility_control.h\n'}
[48.496642] (tutorial_interfaces) StdoutLine: {'line': b'-- Installing: /home/brairlab/ros2_ws/install/tutorial_interfaces/share/tutorial_interfaces/environment/library_path.sh\n'}
[48.496712] (tutorial_interfaces) StdoutLine: {'line': b'-- Installing: /home/brairlab/ros2_ws/install/tutorial_interfaces/share/tutorial_interfaces/environment/library_path.dsv\n'}
[48.496779] (tutorial_interfaces) StdoutLine: {'line': b'-- Installing: /home/brairlab/ros2_ws/install/tutorial_interfaces/lib/libtutorial_interfaces__rosidl_generator_c.so\n'}
[48.501842] (tutorial_interfaces) StdoutLine: {'line': b'-- Set runtime path of "/home/brairlab/ros2_ws/install/tutorial_interfaces/lib/libtutorial_interfaces__rosidl_generator_c.so" to ""\n'}
[48.502134] (tutorial_interfaces) StdoutLine: {'line': b'-- Up-to-date: /home/brairlab/ros2_ws/install/tutorial_interfaces/include/tutorial_interfaces/tutorial_interfaces\n'}
[48.502202] (tutorial_interfaces) StdoutLine: {'line': b'-- Up-to-date: /home/brairlab/ros2_ws/install/tutorial_interfaces/include/tutorial_interfaces/tutorial_interfaces/srv\n'}
[48.502277] (tutorial_interfaces) StdoutLine: {'line': b'-- Up-to-date: /home/brairlab/ros2_ws/install/tutorial_interfaces/include/tutorial_interfaces/tutorial_interfaces/srv/detail\n'}
[48.502363] (tutorial_interfaces) StdoutLine: {'line': b'-- Installing: /home/brairlab/ros2_ws/install/tutorial_interfaces/include/tutorial_interfaces/tutorial_interfaces/srv/detail/add_three_ints__rosidl_typesupport_fastrtps_c.h\n'}
[48.502440] (tutorial_interfaces) StdoutLine: {'line': b'-- Up-to-date: /home/brairlab/ros2_ws/install/tutorial_interfaces/include/tutorial_interfaces/tutorial_interfaces/msg\n'}
[48.503296] (tutorial_interfaces) StdoutLine: {'line': b'-- Up-to-date: /home/brairlab/ros2_ws/install/tutorial_interfaces/include/tutorial_interfaces/tutorial_interfaces/msg/detail\n'}
[48.503393] (tutorial_interfaces) StdoutLine: {'line': b'-- Installing: /home/brairlab/ros2_ws/install/tutorial_interfaces/include/tutorial_interfaces/tutorial_interfaces/msg/detail/sphere__rosidl_typesupport_fastrtps_c.h\n'}
[48.503471] (tutorial_interfaces) StdoutLine: {'line': b'-- Installing: /home/brairlab/ros2_ws/install/tutorial_interfaces/include/tutorial_interfaces/tutorial_interfaces/msg/detail/num__rosidl_typesupport_fastrtps_c.h\n'}
[48.506640] (tutorial_interfaces) StdoutLine: {'line': b'-- Installing: /home/brairlab/ros2_ws/install/tutorial_interfaces/include/tutorial_interfaces/tutorial_interfaces/msg/rosidl_typesupport_fastrtps_c__visibility_control.h\n'}
[48.506739] (tutorial_interfaces) StdoutLine: {'line': b'-- Installing: /home/brairlab/ros2_ws/install/tutorial_interfaces/lib/libtutorial_interfaces__rosidl_typesupport_fastrtps_c.so\n'}
[48.508358] (tutorial_interfaces) StdoutLine: {'line': b'-- Set runtime path of "/home/brairlab/ros2_ws/install/tutorial_interfaces/lib/libtutorial_interfaces__rosidl_typesupport_fastrtps_c.so" to ""\n'}
[48.508468] (tutorial_interfaces) StdoutLine: {'line': b'-- Up-to-date: /home/brairlab/ros2_ws/install/tutorial_interfaces/include/tutorial_interfaces/tutorial_interfaces\n'}
[48.508546] (tutorial_interfaces) StdoutLine: {'line': b'-- Up-to-date: /home/brairlab/ros2_ws/install/tutorial_interfaces/include/tutorial_interfaces/tutorial_interfaces/srv\n'}
[48.508614] (tutorial_interfaces) StdoutLine: {'line': b'-- Up-to-date: /home/brairlab/ros2_ws/install/tutorial_interfaces/include/tutorial_interfaces/tutorial_interfaces/srv/detail\n'}
[48.508680] (tutorial_interfaces) StdoutLine: {'line': b'-- Installing: /home/brairlab/ros2_ws/install/tutorial_interfaces/include/tutorial_interfaces/tutorial_interfaces/srv/detail/add_three_ints__traits.hpp\n'}
[48.512819] (tutorial_interfaces) StdoutLine: {'line': b'-- Installing: /home/brairlab/ros2_ws/install/tutorial_interfaces/include/tutorial_interfaces/tutorial_interfaces/srv/detail/add_three_ints__builder.hpp\n'}
[48.512946] (tutorial_interfaces) StdoutLine: {'line': b'-- Installing: /home/brairlab/ros2_ws/install/tutorial_interfaces/include/tutorial_interfaces/tutorial_interfaces/srv/detail/add_three_ints__struct.hpp\n'}
[48.513034] (tutorial_interfaces) StdoutLine: {'line': b'-- Installing: /home/brairlab/ros2_ws/install/tutorial_interfaces/include/tutorial_interfaces/tutorial_interfaces/srv/add_three_ints.hpp\n'}
[48.513107] (tutorial_interfaces) StdoutLine: {'line': b'-- Up-to-date: /home/brairlab/ros2_ws/install/tutorial_interfaces/include/tutorial_interfaces/tutorial_interfaces/msg\n'}
[48.513176] (tutorial_interfaces) StdoutLine: {'line': b'-- Installing: /home/brairlab/ros2_ws/install/tutorial_interfaces/include/tutorial_interfaces/tutorial_interfaces/msg/sphere.hpp\n'}
[48.513266] (tutorial_interfaces) StdoutLine: {'line': b'-- Up-to-date: /home/brairlab/ros2_ws/install/tutorial_interfaces/include/tutorial_interfaces/tutorial_interfaces/msg/detail\n'}
[48.513757] (tutorial_interfaces) StdoutLine: {'line': b'-- Installing: /home/brairlab/ros2_ws/install/tutorial_interfaces/include/tutorial_interfaces/tutorial_interfaces/msg/detail/num__traits.hpp\n'}
[48.513874] (tutorial_interfaces) StdoutLine: {'line': b'-- Installing: /home/brairlab/ros2_ws/install/tutorial_interfaces/include/tutorial_interfaces/tutorial_interfaces/msg/detail/num__builder.hpp\n'}
[48.513957] (tutorial_interfaces) StdoutLine: {'line': b'-- Installing: /home/brairlab/ros2_ws/install/tutorial_interfaces/include/tutorial_interfaces/tutorial_interfaces/msg/detail/num__struct.hpp\n'}
[48.514035] (tutorial_interfaces) StdoutLine: {'line': b'-- Installing: /home/brairlab/ros2_ws/install/tutorial_interfaces/include/tutorial_interfaces/tutorial_interfaces/msg/detail/sphere__traits.hpp\n'}
[48.514107] (tutorial_interfaces) StdoutLine: {'line': b'-- Installing: /home/brairlab/ros2_ws/install/tutorial_interfaces/include/tutorial_interfaces/tutorial_interfaces/msg/detail/sphere__builder.hpp\n'}
[48.514177] (tutorial_interfaces) StdoutLine: {'line': b'-- Installing: /home/brairlab/ros2_ws/install/tutorial_interfaces/include/tutorial_interfaces/tutorial_interfaces/msg/detail/sphere__struct.hpp\n'}
[48.514243] (tutorial_interfaces) StdoutLine: {'line': b'-- Installing: /home/brairlab/ros2_ws/install/tutorial_interfaces/include/tutorial_interfaces/tutorial_interfaces/msg/num.hpp\n'}
[48.514303] (tutorial_interfaces) StdoutLine: {'line': b'-- Up-to-date: /home/brairlab/ros2_ws/install/tutorial_interfaces/include/tutorial_interfaces/tutorial_interfaces\n'}
[48.514368] (tutorial_interfaces) StdoutLine: {'line': b'-- Up-to-date: /home/brairlab/ros2_ws/install/tutorial_interfaces/include/tutorial_interfaces/tutorial_interfaces/srv\n'}
[48.514425] (tutorial_interfaces) StdoutLine: {'line': b'-- Up-to-date: /home/brairlab/ros2_ws/install/tutorial_interfaces/include/tutorial_interfaces/tutorial_interfaces/srv/detail\n'}
[48.514914] (tutorial_interfaces) StdoutLine: {'line': b'-- Installing: /home/brairlab/ros2_ws/install/tutorial_interfaces/include/tutorial_interfaces/tutorial_interfaces/srv/detail/dds_fastrtps\n'}
[48.515020] (tutorial_interfaces) StdoutLine: {'line': b'-- Installing: /home/brairlab/ros2_ws/install/tutorial_interfaces/include/tutorial_interfaces/tutorial_interfaces/srv/detail/add_three_ints__rosidl_typesupport_fastrtps_cpp.hpp\n'}
[48.515089] (tutorial_interfaces) StdoutLine: {'line': b'-- Up-to-date: /home/brairlab/ros2_ws/install/tutorial_interfaces/include/tutorial_interfaces/tutorial_interfaces/msg\n'}
[48.515163] (tutorial_interfaces) StdoutLine: {'line': b'-- Up-to-date: /home/brairlab/ros2_ws/install/tutorial_interfaces/include/tutorial_interfaces/tutorial_interfaces/msg/detail\n'}
[48.515224] (tutorial_interfaces) StdoutLine: {'line': b'-- Installing: /home/brairlab/ros2_ws/install/tutorial_interfaces/include/tutorial_interfaces/tutorial_interfaces/msg/detail/num__rosidl_typesupport_fastrtps_cpp.hpp\n'}
[48.515282] (tutorial_interfaces) StdoutLine: {'line': b'-- Installing: /home/brairlab/ros2_ws/install/tutorial_interfaces/include/tutorial_interfaces/tutorial_interfaces/msg/detail/dds_fastrtps\n'}
[48.515339] (tutorial_interfaces) StdoutLine: {'line': b'-- Installing: /home/brairlab/ros2_ws/install/tutorial_interfaces/include/tutorial_interfaces/tutorial_interfaces/msg/detail/sphere__rosidl_typesupport_fastrtps_cpp.hpp\n'}
[48.515462] (tutorial_interfaces) StdoutLine: {'line': b'-- Installing: /home/brairlab/ros2_ws/install/tutorial_interfaces/include/tutorial_interfaces/tutorial_interfaces/msg/rosidl_typesupport_fastrtps_cpp__visibility_control.h\n'}
[48.515541] (tutorial_interfaces) StdoutLine: {'line': b'-- Installing: /home/brairlab/ros2_ws/install/tutorial_interfaces/lib/libtutorial_interfaces__rosidl_typesupport_fastrtps_cpp.so\n'}
[48.516081] (tutorial_interfaces) StdoutLine: {'line': b'-- Set runtime path of "/home/brairlab/ros2_ws/install/tutorial_interfaces/lib/libtutorial_interfaces__rosidl_typesupport_fastrtps_cpp.so" to ""\n'}
[48.516167] (tutorial_interfaces) StdoutLine: {'line': b'-- Up-to-date: /home/brairlab/ros2_ws/install/tutorial_interfaces/include/tutorial_interfaces/tutorial_interfaces\n'}
[48.516234] (tutorial_interfaces) StdoutLine: {'line': b'-- Up-to-date: /home/brairlab/ros2_ws/install/tutorial_interfaces/include/tutorial_interfaces/tutorial_interfaces/srv\n'}
[48.516302] (tutorial_interfaces) StdoutLine: {'line': b'-- Up-to-date: /home/brairlab/ros2_ws/install/tutorial_interfaces/include/tutorial_interfaces/tutorial_interfaces/srv/detail\n'}
[48.516372] (tutorial_interfaces) StdoutLine: {'line': b'-- Installing: /home/brairlab/ros2_ws/install/tutorial_interfaces/include/tutorial_interfaces/tutorial_interfaces/srv/detail/add_three_ints__type_support.c\n'}
[48.516434] (tutorial_interfaces) StdoutLine: {'line': b'-- Installing: /home/brairlab/ros2_ws/install/tutorial_interfaces/include/tutorial_interfaces/tutorial_interfaces/srv/detail/add_three_ints__rosidl_typesupport_introspection_c.h\n'}
[48.516494] (tutorial_interfaces) StdoutLine: {'line': b'-- Up-to-date: /home/brairlab/ros2_ws/install/tutorial_interfaces/include/tutorial_interfaces/tutorial_interfaces/msg\n'}
[48.517010] (tutorial_interfaces) StdoutLine: {'line': b'-- Up-to-date: /home/brairlab/ros2_ws/install/tutorial_interfaces/include/tutorial_interfaces/tutorial_interfaces/msg/detail\n'}
[48.517131] (tutorial_interfaces) StdoutLine: {'line': b'-- Installing: /home/brairlab/ros2_ws/install/tutorial_interfaces/include/tutorial_interfaces/tutorial_interfaces/msg/detail/num__rosidl_typesupport_introspection_c.h\n'}
[48.517218] (tutorial_interfaces) StdoutLine: {'line': b'-- Installing: /home/brairlab/ros2_ws/install/tutorial_interfaces/include/tutorial_interfaces/tutorial_interfaces/msg/detail/sphere__rosidl_typesupport_introspection_c.h\n'}
[48.517285] (tutorial_interfaces) StdoutLine: {'line': b'-- Installing: /home/brairlab/ros2_ws/install/tutorial_interfaces/include/tutorial_interfaces/tutorial_interfaces/msg/detail/sphere__type_support.c\n'}
[48.517353] (tutorial_interfaces) StdoutLine: {'line': b'-- Installing: /home/brairlab/ros2_ws/install/tutorial_interfaces/include/tutorial_interfaces/tutorial_interfaces/msg/detail/num__type_support.c\n'}
[48.517909] (tutorial_interfaces) StdoutLine: {'line': b'-- Installing: /home/brairlab/ros2_ws/install/tutorial_interfaces/include/tutorial_interfaces/tutorial_interfaces/msg/rosidl_typesupport_introspection_c__visibility_control.h\n'}
[48.518027] (tutorial_interfaces) StdoutLine: {'line': b'-- Installing: /home/brairlab/ros2_ws/install/tutorial_interfaces/lib/libtutorial_interfaces__rosidl_typesupport_introspection_c.so\n'}
[48.518102] (tutorial_interfaces) StdoutLine: {'line': b'-- Set runtime path of "/home/brairlab/ros2_ws/install/tutorial_interfaces/lib/libtutorial_interfaces__rosidl_typesupport_introspection_c.so" to ""\n'}
[48.518169] (tutorial_interfaces) StdoutLine: {'line': b'-- Installing: /home/brairlab/ros2_ws/install/tutorial_interfaces/lib/libtutorial_interfaces__rosidl_typesupport_c.so\n'}
[48.518237] (tutorial_interfaces) StdoutLine: {'line': b'-- Set runtime path of "/home/brairlab/ros2_ws/install/tutorial_interfaces/lib/libtutorial_interfaces__rosidl_typesupport_c.so" to ""\n'}
[48.518720] (tutorial_interfaces) StdoutLine: {'line': b'-- Up-to-date: /home/brairlab/ros2_ws/install/tutorial_interfaces/include/tutorial_interfaces/tutorial_interfaces\n'}
[48.518837] (tutorial_interfaces) StdoutLine: {'line': b'-- Up-to-date: /home/brairlab/ros2_ws/install/tutorial_interfaces/include/tutorial_interfaces/tutorial_interfaces/srv\n'}
[48.518900] (tutorial_interfaces) StdoutLine: {'line': b'-- Up-to-date: /home/brairlab/ros2_ws/install/tutorial_interfaces/include/tutorial_interfaces/tutorial_interfaces/srv/detail\n'}
[48.518967] (tutorial_interfaces) StdoutLine: {'line': b'-- Installing: /home/brairlab/ros2_ws/install/tutorial_interfaces/include/tutorial_interfaces/tutorial_interfaces/srv/detail/add_three_ints__rosidl_typesupport_introspection_cpp.hpp\n'}
[48.519031] (tutorial_interfaces) StdoutLine: {'line': b'-- Installing: /home/brairlab/ros2_ws/install/tutorial_interfaces/include/tutorial_interfaces/tutorial_interfaces/srv/detail/add_three_ints__type_support.cpp\n'}
[48.519097] (tutorial_interfaces) StdoutLine: {'line': b'-- Up-to-date: /home/brairlab/ros2_ws/install/tutorial_interfaces/include/tutorial_interfaces/tutorial_interfaces/msg\n'}
[48.519588] (tutorial_interfaces) StdoutLine: {'line': b'-- Up-to-date: /home/brairlab/ros2_ws/install/tutorial_interfaces/include/tutorial_interfaces/tutorial_interfaces/msg/detail\n'}
[48.519685] (tutorial_interfaces) StdoutLine: {'line': b'-- Installing: /home/brairlab/ros2_ws/install/tutorial_interfaces/include/tutorial_interfaces/tutorial_interfaces/msg/detail/num__rosidl_typesupport_introspection_cpp.hpp\n'}
[48.519749] (tutorial_interfaces) StdoutLine: {'line': b'-- Installing: /home/brairlab/ros2_ws/install/tutorial_interfaces/include/tutorial_interfaces/tutorial_interfaces/msg/detail/sphere__type_support.cpp\n'}
[48.519829] (tutorial_interfaces) StdoutLine: {'line': b'-- Installing: /home/brairlab/ros2_ws/install/tutorial_interfaces/include/tutorial_interfaces/tutorial_interfaces/msg/detail/sphere__rosidl_typesupport_introspection_cpp.hpp\n'}
[48.519913] (tutorial_interfaces) StdoutLine: {'line': b'-- Installing: /home/brairlab/ros2_ws/install/tutorial_interfaces/include/tutorial_interfaces/tutorial_interfaces/msg/detail/num__type_support.cpp\n'}
[48.519985] (tutorial_interfaces) StdoutLine: {'line': b'-- Installing: /home/brairlab/ros2_ws/install/tutorial_interfaces/lib/libtutorial_interfaces__rosidl_typesupport_introspection_cpp.so\n'}
[48.520508] (tutorial_interfaces) StdoutLine: {'line': b'-- Set runtime path of "/home/brairlab/ros2_ws/install/tutorial_interfaces/lib/libtutorial_interfaces__rosidl_typesupport_introspection_cpp.so" to ""\n'}
[48.520583] (tutorial_interfaces) StdoutLine: {'line': b'-- Installing: /home/brairlab/ros2_ws/install/tutorial_interfaces/lib/libtutorial_interfaces__rosidl_typesupport_cpp.so\n'}
[48.520648] (tutorial_interfaces) StdoutLine: {'line': b'-- Set runtime path of "/home/brairlab/ros2_ws/install/tutorial_interfaces/lib/libtutorial_interfaces__rosidl_typesupport_cpp.so" to ""\n'}
[48.520714] (tutorial_interfaces) StdoutLine: {'line': b'-- Installing: /home/brairlab/ros2_ws/install/tutorial_interfaces/share/tutorial_interfaces/environment/pythonpath.sh\n'}
[48.520776] (tutorial_interfaces) StdoutLine: {'line': b'-- Installing: /home/brairlab/ros2_ws/install/tutorial_interfaces/share/tutorial_interfaces/environment/pythonpath.dsv\n'}
[48.520839] (tutorial_interfaces) StdoutLine: {'line': b'-- Installing: /home/brairlab/ros2_ws/install/tutorial_interfaces/local/lib/python3.10/dist-packages/tutorial_interfaces-0.0.0-py3.10.egg-info\n'}
[48.521367] (tutorial_interfaces) StdoutLine: {'line': b'-- Installing: /home/brairlab/ros2_ws/install/tutorial_interfaces/local/lib/python3.10/dist-packages/tutorial_interfaces-0.0.0-py3.10.egg-info/top_level.txt\n'}
[48.521542] (tutorial_interfaces) StdoutLine: {'line': b'-- Installing: /home/brairlab/ros2_ws/install/tutorial_interfaces/local/lib/python3.10/dist-packages/tutorial_interfaces-0.0.0-py3.10.egg-info/SOURCES.txt\n'}
[48.521628] (tutorial_interfaces) StdoutLine: {'line': b'-- Installing: /home/brairlab/ros2_ws/install/tutorial_interfaces/local/lib/python3.10/dist-packages/tutorial_interfaces-0.0.0-py3.10.egg-info/dependency_links.txt\n'}
[48.522226] (tutorial_interfaces) StdoutLine: {'line': b'-- Installing: /home/brairlab/ros2_ws/install/tutorial_interfaces/local/lib/python3.10/dist-packages/tutorial_interfaces-0.0.0-py3.10.egg-info/PKG-INFO\n'}
[48.522333] (tutorial_interfaces) StdoutLine: {'line': b'-- Installing: /home/brairlab/ros2_ws/install/tutorial_interfaces/local/lib/python3.10/dist-packages/tutorial_interfaces\n'}
[48.522413] (tutorial_interfaces) StdoutLine: {'line': b'-- Installing: /home/brairlab/ros2_ws/install/tutorial_interfaces/local/lib/python3.10/dist-packages/tutorial_interfaces/_tutorial_interfaces_s.ep.rosidl_typesupport_fastrtps_c.c\n'}
[48.522481] (tutorial_interfaces) StdoutLine: {'line': b'-- Installing: /home/brairlab/ros2_ws/install/tutorial_interfaces/local/lib/python3.10/dist-packages/tutorial_interfaces/srv\n'}
[48.522542] (tutorial_interfaces) StdoutLine: {'line': b'-- Installing: /home/brairlab/ros2_ws/install/tutorial_interfaces/local/lib/python3.10/dist-packages/tutorial_interfaces/srv/_add_three_ints_s.c\n'}
[48.522617] (tutorial_interfaces) StdoutLine: {'line': b'-- Installing: /home/brairlab/ros2_ws/install/tutorial_interfaces/local/lib/python3.10/dist-packages/tutorial_interfaces/srv/_add_three_ints.py\n'}
[48.522693] (tutorial_interfaces) StdoutLine: {'line': b'-- Installing: /home/brairlab/ros2_ws/install/tutorial_interfaces/local/lib/python3.10/dist-packages/tutorial_interfaces/srv/__init__.py\n'}
[48.523310] (tutorial_interfaces) StdoutLine: {'line': b'-- Installing: /home/brairlab/ros2_ws/install/tutorial_interfaces/local/lib/python3.10/dist-packages/tutorial_interfaces/tutorial_interfaces_s__rosidl_typesupport_c.cpython-310-x86_64-linux-gnu.so\n'}
[48.523487] (tutorial_interfaces) StdoutLine: {'line': b'-- Installing: /home/brairlab/ros2_ws/install/tutorial_interfaces/local/lib/python3.10/dist-packages/tutorial_interfaces/libtutorial_interfaces__rosidl_generator_py.so\n'}
[48.523608] (tutorial_interfaces) StdoutLine: {'line': b'-- Installing: /home/brairlab/ros2_ws/install/tutorial_interfaces/local/lib/python3.10/dist-packages/tutorial_interfaces/_tutorial_interfaces_s.ep.rosidl_typesupport_introspection_c.c\n'}
[48.523687] (tutorial_interfaces) StdoutLine: {'line': b'-- Installing: /home/brairlab/ros2_ws/install/tutorial_interfaces/local/lib/python3.10/dist-packages/tutorial_interfaces/_tutorial_interfaces_s.ep.rosidl_typesupport_c.c\n'}
[48.523762] (tutorial_interfaces) StdoutLine: {'line': b'-- Installing: /home/brairlab/ros2_ws/install/tutorial_interfaces/local/lib/python3.10/dist-packages/tutorial_interfaces/tutorial_interfaces_s__rosidl_typesupport_introspection_c.cpython-310-x86_64-linux-gnu.so\n'}
[48.523840] (tutorial_interfaces) StdoutLine: {'line': b'-- Installing: /home/brairlab/ros2_ws/install/tutorial_interfaces/local/lib/python3.10/dist-packages/tutorial_interfaces/tutorial_interfaces_s__rosidl_typesupport_fastrtps_c.cpython-310-x86_64-linux-gnu.so\n'}
[48.525412] (tutorial_interfaces) StdoutLine: {'line': b'-- Installing: /home/brairlab/ros2_ws/install/tutorial_interfaces/local/lib/python3.10/dist-packages/tutorial_interfaces/__init__.py\n'}
[48.527096] (tutorial_interfaces) StdoutLine: {'line': b'-- Installing: /home/brairlab/ros2_ws/install/tutorial_interfaces/local/lib/python3.10/dist-packages/tutorial_interfaces/msg\n'}
[48.527178] (tutorial_interfaces) StdoutLine: {'line': b'-- Installing: /home/brairlab/ros2_ws/install/tutorial_interfaces/local/lib/python3.10/dist-packages/tutorial_interfaces/msg/_num_s.c\n'}
[48.527241] (tutorial_interfaces) StdoutLine: {'line': b'-- Installing: /home/brairlab/ros2_ws/install/tutorial_interfaces/local/lib/python3.10/dist-packages/tutorial_interfaces/msg/_num.py\n'}
[48.527302] (tutorial_interfaces) StdoutLine: {'line': b'-- Installing: /home/brairlab/ros2_ws/install/tutorial_interfaces/local/lib/python3.10/dist-packages/tutorial_interfaces/msg/_sphere_s.c\n'}
[48.527368] (tutorial_interfaces) StdoutLine: {'line': b'-- Installing: /home/brairlab/ros2_ws/install/tutorial_interfaces/local/lib/python3.10/dist-packages/tutorial_interfaces/msg/_sphere.py\n'}
[48.527426] (tutorial_interfaces) StdoutLine: {'line': b'-- Installing: /home/brairlab/ros2_ws/install/tutorial_interfaces/local/lib/python3.10/dist-packages/tutorial_interfaces/msg/__init__.py\n'}
[48.608905] (-) TimerEvent: {}
[48.626811] (tutorial_interfaces) StdoutLine: {'line': b"Listing '/home/brairlab/ros2_ws/install/tutorial_interfaces/local/lib/python3.10/dist-packages/tutorial_interfaces'...\n"}
[48.628408] (tutorial_interfaces) StdoutLine: {'line': b"Compiling '/home/brairlab/ros2_ws/install/tutorial_interfaces/local/lib/python3.10/dist-packages/tutorial_interfaces/__init__.py'...\n"}
[48.628676] (tutorial_interfaces) StdoutLine: {'line': b"Listing '/home/brairlab/ros2_ws/install/tutorial_interfaces/local/lib/python3.10/dist-packages/tutorial_interfaces/msg'...\n"}
[48.628787] (tutorial_interfaces) StdoutLine: {'line': b"Compiling '/home/brairlab/ros2_ws/install/tutorial_interfaces/local/lib/python3.10/dist-packages/tutorial_interfaces/msg/__init__.py'...\n"}
[48.628864] (tutorial_interfaces) StdoutLine: {'line': b"Compiling '/home/brairlab/ros2_ws/install/tutorial_interfaces/local/lib/python3.10/dist-packages/tutorial_interfaces/msg/_num.py'...\n"}
[48.629533] (tutorial_interfaces) StdoutLine: {'line': b"Compiling '/home/brairlab/ros2_ws/install/tutorial_interfaces/local/lib/python3.10/dist-packages/tutorial_interfaces/msg/_sphere.py'...\n"}
[48.629635] (tutorial_interfaces) StdoutLine: {'line': b"Listing '/home/brairlab/ros2_ws/install/tutorial_interfaces/local/lib/python3.10/dist-packages/tutorial_interfaces/srv'...\n"}
[48.629709] (tutorial_interfaces) StdoutLine: {'line': b"Compiling '/home/brairlab/ros2_ws/install/tutorial_interfaces/local/lib/python3.10/dist-packages/tutorial_interfaces/srv/__init__.py'...\n"}
[48.629795] (tutorial_interfaces) StdoutLine: {'line': b"Compiling '/home/brairlab/ros2_ws/install/tutorial_interfaces/local/lib/python3.10/dist-packages/tutorial_interfaces/srv/_add_three_ints.py'...\n"}
[48.629870] (tutorial_interfaces) StdoutLine: {'line': b'-- Installing: /home/brairlab/ros2_ws/install/tutorial_interfaces/local/lib/python3.10/dist-packages/tutorial_interfaces/tutorial_interfaces_s__rosidl_typesupport_fastrtps_c.cpython-310-x86_64-linux-gnu.so\n'}
[48.634615] (tutorial_interfaces) StdoutLine: {'line': b'-- Set runtime path of "/home/brairlab/ros2_ws/install/tutorial_interfaces/local/lib/python3.10/dist-packages/tutorial_interfaces/tutorial_interfaces_s__rosidl_typesupport_fastrtps_c.cpython-310-x86_64-linux-gnu.so" to ""\n'}
[48.639083] (tutorial_interfaces) StdoutLine: {'line': b'-- Installing: /home/brairlab/ros2_ws/install/tutorial_interfaces/local/lib/python3.10/dist-packages/tutorial_interfaces/tutorial_interfaces_s__rosidl_typesupport_introspection_c.cpython-310-x86_64-linux-gnu.so\n'}
[48.639230] (tutorial_interfaces) StdoutLine: {'line': b'-- Set runtime path of "/home/brairlab/ros2_ws/install/tutorial_interfaces/local/lib/python3.10/dist-packages/tutorial_interfaces/tutorial_interfaces_s__rosidl_typesupport_introspection_c.cpython-310-x86_64-linux-gnu.so" to ""\n'}
[48.639312] (tutorial_interfaces) StdoutLine: {'line': b'-- Installing: /home/brairlab/ros2_ws/install/tutorial_interfaces/local/lib/python3.10/dist-packages/tutorial_interfaces/tutorial_interfaces_s__rosidl_typesupport_c.cpython-310-x86_64-linux-gnu.so\n'}
[48.639387] (tutorial_interfaces) StdoutLine: {'line': b'-- Set runtime path of "/home/brairlab/ros2_ws/install/tutorial_interfaces/local/lib/python3.10/dist-packages/tutorial_interfaces/tutorial_interfaces_s__rosidl_typesupport_c.cpython-310-x86_64-linux-gnu.so" to ""\n'}
[48.639669] (tutorial_interfaces) StdoutLine: {'line': b'-- Installing: /home/brairlab/ros2_ws/install/tutorial_interfaces/lib/libtutorial_interfaces__rosidl_generator_py.so\n'}
[48.639918] (tutorial_interfaces) StdoutLine: {'line': b'-- Set runtime path of "/home/brairlab/ros2_ws/install/tutorial_interfaces/lib/libtutorial_interfaces__rosidl_generator_py.so" to ""\n'}
[48.675120] (tutorial_interfaces) StdoutLine: {'line': b'-- Installing: /home/brairlab/ros2_ws/install/tutorial_interfaces/share/tutorial_interfaces/msg/Num.idl\n'}
[48.676650] (tutorial_interfaces) StdoutLine: {'line': b'-- Installing: /home/brairlab/ros2_ws/install/tutorial_interfaces/share/tutorial_interfaces/msg/Sphere.idl\n'}
[48.678656] (tutorial_interfaces) StdoutLine: {'line': b'-- Installing: /home/brairlab/ros2_ws/install/tutorial_interfaces/share/tutorial_interfaces/srv/AddThreeInts.idl\n'}
[48.681144] (tutorial_interfaces) StdoutLine: {'line': b'-- Installing: /home/brairlab/ros2_ws/install/tutorial_interfaces/share/tutorial_interfaces/msg/Num.msg\n'}
[48.681294] (tutorial_interfaces) StdoutLine: {'line': b'-- Installing: /home/brairlab/ros2_ws/install/tutorial_interfaces/share/tutorial_interfaces/msg/Sphere.msg\n'}
[48.685645] (tutorial_interfaces) StdoutLine: {'line': b'-- Installing: /home/brairlab/ros2_ws/install/tutorial_interfaces/share/tutorial_interfaces/srv/AddThreeInts.srv\n'}
[48.687308] (tutorial_interfaces) StdoutLine: {'line': b'-- Installing: /home/brairlab/ros2_ws/install/tutorial_interfaces/share/tutorial_interfaces/srv/AddThreeInts_Request.msg\n'}
[48.690123] (tutorial_interfaces) StdoutLine: {'line': b'-- Installing: /home/brairlab/ros2_ws/install/tutorial_interfaces/share/tutorial_interfaces/srv/AddThreeInts_Response.msg\n'}
[48.692556] (tutorial_interfaces) StdoutLine: {'line': b'-- Installing: /home/brairlab/ros2_ws/install/tutorial_interfaces/share/ament_index/resource_index/package_run_dependencies/tutorial_interfaces\n'}
[48.692769] (tutorial_interfaces) StdoutLine: {'line': b'-- Installing: /home/brairlab/ros2_ws/install/tutorial_interfaces/share/ament_index/resource_index/parent_prefix_path/tutorial_interfaces\n'}
[48.703582] (tutorial_interfaces) StdoutLine: {'line': b'-- Installing: /home/brairlab/ros2_ws/install/tutorial_interfaces/share/tutorial_interfaces/environment/ament_prefix_path.sh\n'}
[48.703857] (tutorial_interfaces) StdoutLine: {'line': b'-- Installing: /home/brairlab/ros2_ws/install/tutorial_interfaces/share/tutorial_interfaces/environment/ament_prefix_path.dsv\n'}
[48.705349] (tutorial_interfaces) StdoutLine: {'line': b'-- Installing: /home/brairlab/ros2_ws/install/tutorial_interfaces/share/tutorial_interfaces/environment/path.sh\n'}
[48.705455] (tutorial_interfaces) StdoutLine: {'line': b'-- Installing: /home/brairlab/ros2_ws/install/tutorial_interfaces/share/tutorial_interfaces/environment/path.dsv\n'}
[48.705557] (tutorial_interfaces) StdoutLine: {'line': b'-- Installing: /home/brairlab/ros2_ws/install/tutorial_interfaces/share/tutorial_interfaces/local_setup.bash\n'}
[48.705637] (tutorial_interfaces) StdoutLine: {'line': b'-- Installing: /home/brairlab/ros2_ws/install/tutorial_interfaces/share/tutorial_interfaces/local_setup.sh\n'}
[48.705715] (tutorial_interfaces) StdoutLine: {'line': b'-- Installing: /home/brairlab/ros2_ws/install/tutorial_interfaces/share/tutorial_interfaces/local_setup.zsh\n'}
[48.705784] (tutorial_interfaces) StdoutLine: {'line': b'-- Installing: /home/brairlab/ros2_ws/install/tutorial_interfaces/share/tutorial_interfaces/local_setup.dsv\n'}
[48.705855] (tutorial_interfaces) StdoutLine: {'line': b'-- Installing: /home/brairlab/ros2_ws/install/tutorial_interfaces/share/tutorial_interfaces/package.dsv\n'}
[48.705932] (tutorial_interfaces) StdoutLine: {'line': b'-- Installing: /home/brairlab/ros2_ws/install/tutorial_interfaces/share/ament_index/resource_index/packages/tutorial_interfaces\n'}
[48.706025] (tutorial_interfaces) StdoutLine: {'line': b'-- Installing: /home/brairlab/ros2_ws/install/tutorial_interfaces/share/tutorial_interfaces/cmake/export_tutorial_interfaces__rosidl_generator_cExport.cmake\n'}
[48.706107] (tutorial_interfaces) StdoutLine: {'line': b'-- Installing: /home/brairlab/ros2_ws/install/tutorial_interfaces/share/tutorial_interfaces/cmake/export_tutorial_interfaces__rosidl_generator_cExport-noconfig.cmake\n'}
[48.706177] (tutorial_interfaces) StdoutLine: {'line': b'-- Installing: /home/brairlab/ros2_ws/install/tutorial_interfaces/share/tutorial_interfaces/cmake/export_tutorial_interfaces__rosidl_typesupport_fastrtps_cExport.cmake\n'}
[48.719896] (-) TimerEvent: {}
[48.721507] (tutorial_interfaces) StdoutLine: {'line': b'-- Installing: /home/brairlab/ros2_ws/install/tutorial_interfaces/share/tutorial_interfaces/cmake/export_tutorial_interfaces__rosidl_typesupport_fastrtps_cExport-noconfig.cmake\n'}
[48.721854] (tutorial_interfaces) StdoutLine: {'line': b'-- Installing: /home/brairlab/ros2_ws/install/tutorial_interfaces/share/tutorial_interfaces/cmake/export_tutorial_interfaces__rosidl_generator_cppExport.cmake\n'}
[48.721949] (tutorial_interfaces) StdoutLine: {'line': b'-- Installing: /home/brairlab/ros2_ws/install/tutorial_interfaces/share/tutorial_interfaces/cmake/export_tutorial_interfaces__rosidl_typesupport_fastrtps_cppExport.cmake\n'}
[48.722025] (tutorial_interfaces) StdoutLine: {'line': b'-- Installing: /home/brairlab/ros2_ws/install/tutorial_interfaces/share/tutorial_interfaces/cmake/export_tutorial_interfaces__rosidl_typesupport_fastrtps_cppExport-noconfig.cmake\n'}
[48.723990] (tutorial_interfaces) StdoutLine: {'line': b'-- Installing: /home/brairlab/ros2_ws/install/tutorial_interfaces/share/tutorial_interfaces/cmake/tutorial_interfaces__rosidl_typesupport_introspection_cExport.cmake\n'}
[48.724136] (tutorial_interfaces) StdoutLine: {'line': b'-- Installing: /home/brairlab/ros2_ws/install/tutorial_interfaces/share/tutorial_interfaces/cmake/tutorial_interfaces__rosidl_typesupport_introspection_cExport-noconfig.cmake\n'}
[48.724222] (tutorial_interfaces) StdoutLine: {'line': b'-- Installing: /home/brairlab/ros2_ws/install/tutorial_interfaces/share/tutorial_interfaces/cmake/tutorial_interfaces__rosidl_typesupport_cExport.cmake\n'}
[48.724300] (tutorial_interfaces) StdoutLine: {'line': b'-- Installing: /home/brairlab/ros2_ws/install/tutorial_interfaces/share/tutorial_interfaces/cmake/tutorial_interfaces__rosidl_typesupport_cExport-noconfig.cmake\n'}
[48.724386] (tutorial_interfaces) StdoutLine: {'line': b'-- Installing: /home/brairlab/ros2_ws/install/tutorial_interfaces/share/tutorial_interfaces/cmake/tutorial_interfaces__rosidl_typesupport_introspection_cppExport.cmake\n'}
[48.724459] (tutorial_interfaces) StdoutLine: {'line': b'-- Installing: /home/brairlab/ros2_ws/install/tutorial_interfaces/share/tutorial_interfaces/cmake/tutorial_interfaces__rosidl_typesupport_introspection_cppExport-noconfig.cmake\n'}
[48.725625] (tutorial_interfaces) StdoutLine: {'line': b'-- Installing: /home/brairlab/ros2_ws/install/tutorial_interfaces/share/tutorial_interfaces/cmake/tutorial_interfaces__rosidl_typesupport_cppExport.cmake\n'}
[48.725733] (tutorial_interfaces) StdoutLine: {'line': b'-- Installing: /home/brairlab/ros2_ws/install/tutorial_interfaces/share/tutorial_interfaces/cmake/tutorial_interfaces__rosidl_typesupport_cppExport-noconfig.cmake\n'}
[48.725813] (tutorial_interfaces) StdoutLine: {'line': b'-- Installing: /home/brairlab/ros2_ws/install/tutorial_interfaces/share/tutorial_interfaces/cmake/export_tutorial_interfaces__rosidl_generator_pyExport.cmake\n'}
[48.725890] (tutorial_interfaces) StdoutLine: {'line': b'-- Installing: /home/brairlab/ros2_ws/install/tutorial_interfaces/share/tutorial_interfaces/cmake/export_tutorial_interfaces__rosidl_generator_pyExport-noconfig.cmake\n'}
[48.725969] (tutorial_interfaces) StdoutLine: {'line': b'-- Installing: /home/brairlab/ros2_ws/install/tutorial_interfaces/share/tutorial_interfaces/cmake/rosidl_cmake-extras.cmake\n'}
[48.726033] (tutorial_interfaces) StdoutLine: {'line': b'-- Installing: /home/brairlab/ros2_ws/install/tutorial_interfaces/share/tutorial_interfaces/cmake/ament_cmake_export_dependencies-extras.cmake\n'}
[48.726100] (tutorial_interfaces) StdoutLine: {'line': b'-- Installing: /home/brairlab/ros2_ws/install/tutorial_interfaces/share/tutorial_interfaces/cmake/ament_cmake_export_include_directories-extras.cmake\n'}
[48.726657] (tutorial_interfaces) StdoutLine: {'line': b'-- Installing: /home/brairlab/ros2_ws/install/tutorial_interfaces/share/tutorial_interfaces/cmake/ament_cmake_export_libraries-extras.cmake\n'}
[48.727752] (tutorial_interfaces) StdoutLine: {'line': b'-- Installing: /home/brairlab/ros2_ws/install/tutorial_interfaces/share/tutorial_interfaces/cmake/ament_cmake_export_targets-extras.cmake\n'}
[48.727875] (tutorial_interfaces) StdoutLine: {'line': b'-- Installing: /home/brairlab/ros2_ws/install/tutorial_interfaces/share/tutorial_interfaces/cmake/rosidl_cmake_export_typesupport_targets-extras.cmake\n'}
[48.727949] (tutorial_interfaces) StdoutLine: {'line': b'-- Installing: /home/brairlab/ros2_ws/install/tutorial_interfaces/share/tutorial_interfaces/cmake/rosidl_cmake_export_typesupport_libraries-extras.cmake\n'}
[48.728017] (tutorial_interfaces) StdoutLine: {'line': b'-- Installing: /home/brairlab/ros2_ws/install/tutorial_interfaces/share/tutorial_interfaces/cmake/tutorial_interfacesConfig.cmake\n'}
[48.728080] (tutorial_interfaces) StdoutLine: {'line': b'-- Installing: /home/brairlab/ros2_ws/install/tutorial_interfaces/share/tutorial_interfaces/cmake/tutorial_interfacesConfig-version.cmake\n'}
[48.728149] (tutorial_interfaces) StdoutLine: {'line': b'-- Installing: /home/brairlab/ros2_ws/install/tutorial_interfaces/share/tutorial_interfaces/package.xml\n'}
[48.740540] (tutorial_interfaces) CommandEnded: {'returncode': 0}
[48.820233] (-) TimerEvent: {}
[48.863880] (tutorial_interfaces) JobEnded: {'identifier': 'tutorial_interfaces', 'rc': 0}
[48.870381] (-) EventReactorShutdown: {}
