This is pdfTeX, Version 3.141592653-2.6-1.40.27 (TeX Live 2025) (preloaded format=pdflatex 2025.3.8)  15 DEC 2025 09:59
entering extended mode
 restricted \write18 enabled.
 %&-line parsing enabled.
**main.tex
(./main.tex
LaTeX2e <2024-11-01> patch level 2
L3 programming layer <2025-01-18>
(/usr/local/texlive/2025/texmf-dist/tex/latex/base/article.cls
Document Class: article 2024/06/29 v1.4n Standard LaTeX document class
(/usr/local/texlive/2025/texmf-dist/tex/latex/base/size12.clo
File: size12.clo 2024/06/29 v1.4n Standard LaTeX file (size option)
)
\c@part=\count196
\c@section=\count197
\c@subsection=\count198
\c@subsubsection=\count199
\c@paragraph=\count266
\c@subparagraph=\count267
\c@figure=\count268
\c@table=\count269
\abovecaptionskip=\skip49
\belowcaptionskip=\skip50
\bibindent=\dimen141
)
(/usr/local/texlive/2025/texmf-dist/tex/latex/xcolor/xcolor.sty
Package: xcolor 2024/09/29 v3.02 LaTeX color extensions (UK)

(/usr/local/texlive/2025/texmf-dist/tex/latex/graphics-cfg/color.cfg
File: color.cfg 2016/01/02 v1.6 sample color configuration
)
Package xcolor Info: Driver file: pdftex.def on input line 274.

(/usr/local/texlive/2025/texmf-dist/tex/latex/graphics-def/pdftex.def
File: pdftex.def 2024/04/13 v1.2c Graphics/color driver for pdftex
)
(/usr/local/texlive/2025/texmf-dist/tex/latex/graphics/mathcolor.ltx)
Package xcolor Info: Model `cmy' substituted by `cmy0' on input line 1349.
Package xcolor Info: Model `hsb' substituted by `rgb' on input line 1353.
Package xcolor Info: Model `RGB' extended on input line 1365.
Package xcolor Info: Model `HTML' substituted by `rgb' on input line 1367.
Package xcolor Info: Model `Hsb' substituted by `hsb' on input line 1368.
Package xcolor Info: Model `tHsb' substituted by `hsb' on input line 1369.
Package xcolor Info: Model `HSB' substituted by `hsb' on input line 1370.
Package xcolor Info: Model `Gray' substituted by `gray' on input line 1371.
Package xcolor Info: Model `wave' substituted by `hsb' on input line 1372.
)
(/usr/local/texlive/2025/texmf-dist/tex/latex/graphics/graphicx.sty
Package: graphicx 2021/09/16 v1.2d Enhanced LaTeX Graphics (DPC,SPQR)

(/usr/local/texlive/2025/texmf-dist/tex/latex/graphics/keyval.sty
Package: keyval 2022/05/29 v1.15 key=value parser (DPC)
\KV@toks@=\toks17
)
(/usr/local/texlive/2025/texmf-dist/tex/latex/graphics/graphics.sty
Package: graphics 2024/08/06 v1.4g Standard LaTeX Graphics (DPC,SPQR)

(/usr/local/texlive/2025/texmf-dist/tex/latex/graphics/trig.sty
Package: trig 2023/12/02 v1.11 sin cos tan (DPC)
)
(/usr/local/texlive/2025/texmf-dist/tex/latex/graphics-cfg/graphics.cfg
File: graphics.cfg 2016/06/04 v1.11 sample graphics configuration
)
Package graphics Info: Driver file: pdftex.def on input line 106.
)
\Gin@req@height=\dimen142
\Gin@req@width=\dimen143
)
(/usr/local/texlive/2025/texmf-dist/tex/latex/amsmath/amsmath.sty
Package: amsmath 2024/11/05 v2.17t AMS math features
\@mathmargin=\skip51

For additional information on amsmath, use the `?' option.
(/usr/local/texlive/2025/texmf-dist/tex/latex/amsmath/amstext.sty
Package: amstext 2021/08/26 v2.01 AMS text

(/usr/local/texlive/2025/texmf-dist/tex/latex/amsmath/amsgen.sty
File: amsgen.sty 1999/11/30 v2.0 generic functions
\@emptytoks=\toks18
\ex@=\dimen144
))
(/usr/local/texlive/2025/texmf-dist/tex/latex/amsmath/amsbsy.sty
Package: amsbsy 1999/11/29 v1.2d Bold Symbols
\pmbraise@=\dimen145
)
(/usr/local/texlive/2025/texmf-dist/tex/latex/amsmath/amsopn.sty
Package: amsopn 2022/04/08 v2.04 operator names
)
\inf@bad=\count270
LaTeX Info: Redefining \frac on input line 233.
\uproot@=\count271
\leftroot@=\count272
LaTeX Info: Redefining \overline on input line 398.
LaTeX Info: Redefining \colon on input line 409.
\classnum@=\count273
\DOTSCASE@=\count274
LaTeX Info: Redefining \ldots on input line 495.
LaTeX Info: Redefining \dots on input line 498.
LaTeX Info: Redefining \cdots on input line 619.
\Mathstrutbox@=\box52
\strutbox@=\box53
LaTeX Info: Redefining \big on input line 721.
LaTeX Info: Redefining \Big on input line 722.
LaTeX Info: Redefining \bigg on input line 723.
LaTeX Info: Redefining \Bigg on input line 724.
\big@size=\dimen146
LaTeX Font Info:    Redeclaring font encoding OML on input line 742.
LaTeX Font Info:    Redeclaring font encoding OMS on input line 743.
\macc@depth=\count275
LaTeX Info: Redefining \bmod on input line 904.
LaTeX Info: Redefining \pmod on input line 909.
LaTeX Info: Redefining \smash on input line 939.
LaTeX Info: Redefining \relbar on input line 969.
LaTeX Info: Redefining \Relbar on input line 970.
\c@MaxMatrixCols=\count276
\dotsspace@=\muskip17
\c@parentequation=\count277
\dspbrk@lvl=\count278
\tag@help=\toks19
\row@=\count279
\column@=\count280
\maxfields@=\count281
\andhelp@=\toks20
\eqnshift@=\dimen147
\alignsep@=\dimen148
\tagshift@=\dimen149
\tagwidth@=\dimen150
\totwidth@=\dimen151
\lineht@=\dimen152
\@envbody=\toks21
\multlinegap=\skip52
\multlinetaggap=\skip53
\mathdisplay@stack=\toks22
LaTeX Info: Redefining \[ on input line 2953.
LaTeX Info: Redefining \] on input line 2954.
)
(/usr/local/texlive/2025/texmf-dist/tex/latex/amsfonts/amsfonts.sty
Package: amsfonts 2013/01/14 v3.01 Basic AMSFonts support
\symAMSa=\mathgroup4
\symAMSb=\mathgroup5
LaTeX Font Info:    Redeclaring math symbol \hbar on input line 98.
LaTeX Font Info:    Overwriting math alphabet `\mathfrak' in version `bold'
(Font)                  U/euf/m/n --> U/euf/b/n on input line 106.
)
(/usr/local/texlive/2025/texmf-dist/tex/latex/amsfonts/amssymb.sty
Package: amssymb 2013/01/14 v3.01 AMS font symbols
)
(/usr/local/texlive/2025/texmf-dist/tex/generic/babel/babel.sty
Package: babel 2025/02/14 v25.4 The multilingual framework for pdfLaTeX, LuaLaT
eX and XeLaTeX
\babel@savecnt=\count282
\U@D=\dimen153
\l@unhyphenated=\language90

(/usr/local/texlive/2025/texmf-dist/tex/generic/babel/txtbabel.def)
\bbl@readstream=\read2
\bbl@dirlevel=\count283

(/usr/local/texlive/2025/texmf-dist/tex/generic/babel-english/english.ldf
Language: english 2017/06/06 v3.3r English support from the babel system
Package babel Info: Hyphen rules for 'canadian' set to \l@english
(babel)             (\language0). Reported on input line 102.
Package babel Info: Hyphen rules for 'australian' set to \l@ukenglish
(babel)             (\language22). Reported on input line 105.
Package babel Info: Hyphen rules for 'newzealand' set to \l@ukenglish
(babel)             (\language22). Reported on input line 108.
))
(/usr/local/texlive/2025/texmf-dist/tex/generic/babel/locale/en/babel-english.t
ex
Package babel Info: Importing font and identification data for english
(babel)             from babel-en.ini. Reported on input line 11.
) (/usr/local/texlive/2025/texmf-dist/tex/latex/geometry/geometry.sty
Package: geometry 2020/01/02 v5.9 Page Geometry

(/usr/local/texlive/2025/texmf-dist/tex/generic/iftex/ifvtex.sty
Package: ifvtex 2019/10/25 v1.7 ifvtex legacy package. Use iftex instead.

(/usr/local/texlive/2025/texmf-dist/tex/generic/iftex/iftex.sty
Package: iftex 2024/12/12 v1.0g TeX engine tests
))
\Gm@cnth=\count284
\Gm@cntv=\count285
\c@Gm@tempcnt=\count286
\Gm@bindingoffset=\dimen154
\Gm@wd@mp=\dimen155
\Gm@odd@mp=\dimen156
\Gm@even@mp=\dimen157
\Gm@layoutwidth=\dimen158
\Gm@layoutheight=\dimen159
\Gm@layouthoffset=\dimen160
\Gm@layoutvoffset=\dimen161
\Gm@dimlist=\toks23
)
(/usr/local/texlive/2025/texmf-dist/tex/latex/float/float.sty
Package: float 2001/11/08 v1.3d Float enhancements (AL)
\c@float@type=\count287
\float@exts=\toks24
\float@box=\box54
\@float@everytoks=\toks25
\@floatcapt=\box55
)
(/usr/local/texlive/2025/texmf-dist/tex/latex/caption/caption.sty
Package: caption 2023/08/05 v3.6o Customizing captions (AR)

(/usr/local/texlive/2025/texmf-dist/tex/latex/caption/caption3.sty
Package: caption3 2023/07/31 v2.4d caption3 kernel (AR)
\caption@tempdima=\dimen162
\captionmargin=\dimen163
\caption@leftmargin=\dimen164
\caption@rightmargin=\dimen165
\caption@width=\dimen166
\caption@indent=\dimen167
\caption@parindent=\dimen168
\caption@hangindent=\dimen169
Package caption Info: Standard document class detected.
)
\c@caption@flags=\count288
\c@continuedfloat=\count289
Package caption Info: float package is loaded.
)
(/usr/local/texlive/2025/texmf-dist/tex/latex/caption/subcaption.sty
Package: subcaption 2023/07/28 v1.6b Sub-captions (AR)
Package caption Info: New subtype `subfigure' on input line 238.
\c@subfigure=\count290
Package caption Info: New subtype `subtable' on input line 238.
\c@subtable=\count291
)
(/usr/local/texlive/2025/texmf-dist/tex/latex/enumitem/enumitem.sty
Package: enumitem 2025/02/06 v3.11 Customized lists
\labelindent=\skip54
\enit@outerparindent=\dimen170
\enit@toks=\toks26
\enit@inbox=\box56
\enit@count@id=\count292
\enitdp@description=\count293
)
(/usr/local/texlive/2025/texmf-dist/tex/latex/siunitx/siunitx.sty
Package: siunitx 2025-02-27 v3.4.6 A comprehensive (SI) units package
\l__siunitx_number_uncert_offset_int=\count294
\l__siunitx_number_exponent_fixed_int=\count295
\l__siunitx_number_min_decimal_int=\count296
\l__siunitx_number_min_integer_int=\count297
\l__siunitx_number_round_precision_int=\count298
\l__siunitx_number_lower_threshold_int=\count299
\l__siunitx_number_upper_threshold_int=\count300
\l__siunitx_number_group_first_int=\count301
\l__siunitx_number_group_size_int=\count302
\l__siunitx_number_group_minimum_int=\count303
\l__siunitx_angle_tmp_dim=\dimen171
\l__siunitx_angle_marker_box=\box57
\l__siunitx_angle_unit_box=\box58
\l__siunitx_compound_count_int=\count304

(/usr/local/texlive/2025/texmf-dist/tex/latex/translations/translations.sty
Package: translations 2022/02/05 v1.12 internationalization of LaTeX2e packages
 (CN)

(/usr/local/texlive/2025/texmf-dist/tex/latex/etoolbox/etoolbox.sty
Package: etoolbox 2025/02/11 v2.5l e-TeX tools for LaTeX (JAW)
\etb@tempcnta=\count305
)
(/usr/local/texlive/2025/texmf-dist/tex/generic/pdftexcmds/pdftexcmds.sty
Package: pdftexcmds 2020-06-27 v0.33 Utility functions of pdfTeX for LuaTeX (HO
)

(/usr/local/texlive/2025/texmf-dist/tex/generic/infwarerr/infwarerr.sty
Package: infwarerr 2019/12/03 v1.5 Providing info/warning/error messages (HO)
)
(/usr/local/texlive/2025/texmf-dist/tex/generic/ltxcmds/ltxcmds.sty
Package: ltxcmds 2023-12-04 v1.26 LaTeX kernel commands for general use (HO)
)
Package pdftexcmds Info: \pdf@primitive is available.
Package pdftexcmds Info: \pdf@ifprimitive is available.
Package pdftexcmds Info: \pdfdraftmode found.
))
\l__siunitx_table_tmp_box=\box59
\l__siunitx_table_tmp_dim=\dimen172
\l__siunitx_table_column_width_dim=\dimen173
\l__siunitx_table_integer_box=\box60
\l__siunitx_table_decimal_box=\box61
\l__siunitx_table_uncert_box=\box62
\l__siunitx_table_before_box=\box63
\l__siunitx_table_after_box=\box64
\l__siunitx_table_before_dim=\dimen174
\l__siunitx_table_carry_dim=\dimen175
\l__siunitx_unit_tmp_int=\count306
\l__siunitx_unit_position_int=\count307
\l__siunitx_unit_total_int=\count308

(/usr/local/texlive/2025/texmf-dist/tex/latex/tools/array.sty
Package: array 2024/10/17 v2.6g Tabular extension package (FMi)
\col@sep=\dimen176
\ar@mcellbox=\box65
\extrarowheight=\dimen177
\NC@list=\toks27
\extratabsurround=\skip55
\backup@length=\skip56
\ar@cellbox=\box66
))
(/usr/local/texlive/2025/texmf-dist/tex/latex/hyperref/hyperref.sty
Package: hyperref 2024-11-05 v7.01l Hypertext links for LaTeX

(/usr/local/texlive/2025/texmf-dist/tex/latex/kvsetkeys/kvsetkeys.sty
Package: kvsetkeys 2022-10-05 v1.19 Key value parser (HO)
)
(/usr/local/texlive/2025/texmf-dist/tex/generic/kvdefinekeys/kvdefinekeys.sty
Package: kvdefinekeys 2019-12-19 v1.6 Define keys (HO)
)
(/usr/local/texlive/2025/texmf-dist/tex/generic/pdfescape/pdfescape.sty
Package: pdfescape 2019/12/09 v1.15 Implements pdfTeX's escape features (HO)
)
(/usr/local/texlive/2025/texmf-dist/tex/latex/hycolor/hycolor.sty
Package: hycolor 2020-01-27 v1.10 Color options for hyperref/bookmark (HO)
)
(/usr/local/texlive/2025/texmf-dist/tex/latex/hyperref/nameref.sty
Package: nameref 2023-11-26 v2.56 Cross-referencing by name of section

(/usr/local/texlive/2025/texmf-dist/tex/latex/refcount/refcount.sty
Package: refcount 2019/12/15 v3.6 Data extraction from label references (HO)
)
(/usr/local/texlive/2025/texmf-dist/tex/generic/gettitlestring/gettitlestring.s
ty
Package: gettitlestring 2019/12/15 v1.6 Cleanup title references (HO)
 (/usr/local/texlive/2025/texmf-dist/tex/latex/kvoptions/kvoptions.sty
Package: kvoptions 2022-06-15 v3.15 Key value format for package options (HO)
))
\c@section@level=\count309
)
(/usr/local/texlive/2025/texmf-dist/tex/generic/stringenc/stringenc.sty
Package: stringenc 2019/11/29 v1.12 Convert strings between diff. encodings (HO
)
)
\@linkdim=\dimen178
\Hy@linkcounter=\count310
\Hy@pagecounter=\count311

(/usr/local/texlive/2025/texmf-dist/tex/latex/hyperref/pd1enc.def
File: pd1enc.def 2024-11-05 v7.01l Hyperref: PDFDocEncoding definition (HO)
Now handling font encoding PD1 ...
... no UTF-8 mapping file for font encoding PD1
)
(/usr/local/texlive/2025/texmf-dist/tex/generic/intcalc/intcalc.sty
Package: intcalc 2019/12/15 v1.3 Expandable calculations with integers (HO)
)
\Hy@SavedSpaceFactor=\count312

(/usr/local/texlive/2025/texmf-dist/tex/latex/hyperref/puenc.def
File: puenc.def 2024-11-05 v7.01l Hyperref: PDF Unicode definition (HO)
Now handling font encoding PU ...
... no UTF-8 mapping file for font encoding PU
)
Package hyperref Info: Hyper figures OFF on input line 4157.
Package hyperref Info: Link nesting OFF on input line 4162.
Package hyperref Info: Hyper index ON on input line 4165.
Package hyperref Info: Plain pages OFF on input line 4172.
Package hyperref Info: Backreferencing OFF on input line 4177.
Package hyperref Info: Implicit mode ON; LaTeX internals redefined.
Package hyperref Info: Bookmarks ON on input line 4424.
\c@Hy@tempcnt=\count313

(/usr/local/texlive/2025/texmf-dist/tex/latex/url/url.sty
\Urlmuskip=\muskip18
Package: url 2013/09/16  ver 3.4  Verb mode for urls, etc.
)
LaTeX Info: Redefining \url on input line 4763.
\XeTeXLinkMargin=\dimen179

(/usr/local/texlive/2025/texmf-dist/tex/generic/bitset/bitset.sty
Package: bitset 2019/12/09 v1.3 Handle bit-vector datatype (HO)

(/usr/local/texlive/2025/texmf-dist/tex/generic/bigintcalc/bigintcalc.sty
Package: bigintcalc 2019/12/15 v1.5 Expandable calculations on big integers (HO
)
))
\Fld@menulength=\count314
\Field@Width=\dimen180
\Fld@charsize=\dimen181
Package hyperref Info: Hyper figures OFF on input line 6042.
Package hyperref Info: Link nesting OFF on input line 6047.
Package hyperref Info: Hyper index ON on input line 6050.
Package hyperref Info: backreferencing OFF on input line 6057.
Package hyperref Info: Link coloring OFF on input line 6062.
Package hyperref Info: Link coloring with OCG OFF on input line 6067.
Package hyperref Info: PDF/A mode OFF on input line 6072.

(/usr/local/texlive/2025/texmf-dist/tex/latex/base/atbegshi-ltx.sty
Package: atbegshi-ltx 2021/01/10 v1.0c Emulation of the original atbegshi
package with kernel methods
)
\Hy@abspage=\count315
\c@Item=\count316
\c@Hfootnote=\count317
)
Package hyperref Info: Driver (autodetected): hpdftex.

(/usr/local/texlive/2025/texmf-dist/tex/latex/hyperref/hpdftex.def
File: hpdftex.def 2024-11-05 v7.01l Hyperref driver for pdfTeX

(/usr/local/texlive/2025/texmf-dist/tex/latex/base/atveryend-ltx.sty
Package: atveryend-ltx 2020/08/19 v1.0a Emulation of the original atveryend pac
kage
with kernel methods
)
\Fld@listcount=\count318
\c@bookmark@seq@number=\count319

(/usr/local/texlive/2025/texmf-dist/tex/latex/rerunfilecheck/rerunfilecheck.sty
Package: rerunfilecheck 2022-07-10 v1.10 Rerun checks for auxiliary files (HO)

(/usr/local/texlive/2025/texmf-dist/tex/generic/uniquecounter/uniquecounter.sty
Package: uniquecounter 2019/12/15 v1.4 Provide unlimited unique counter (HO)
)
Package uniquecounter Info: New unique counter `rerunfilecheck' on input line 2
85.
)
\Hy@SectionHShift=\skip57
) (/usr/local/texlive/2025/texmf-dist/tex/generic/soul/soul.sty
Package: soul 2023-06-14 v3.1 Permit use of UTF-8 characters in soul (HO)

(/usr/local/texlive/2025/texmf-dist/tex/generic/soul/soul-ori.sty
Package: soul-ori 2023-06-14 v3.1 letterspacing/underlining (mf)
\SOUL@word=\toks28
\SOUL@lasttoken=\toks29
\SOUL@syllable=\toks30
\SOUL@cmds=\toks31
\SOUL@buffer=\toks32
\SOUL@token=\toks33
\SOUL@syllgoal=\dimen182
\SOUL@syllwidth=\dimen183
\SOUL@charkern=\dimen184
\SOUL@hyphkern=\dimen185
\SOUL@dimen=\dimen186
\SOUL@dimeni=\dimen187
\SOUL@minus=\count320
\SOUL@comma=\count321
\SOUL@apo=\count322
\SOUL@grave=\count323
\SOUL@spaceskip=\skip58
\SOUL@ttwidth=\dimen188
\SOUL@uldp=\dimen189
\SOUL@ulht=\dimen190
)
(/usr/local/texlive/2025/texmf-dist/tex/generic/etexcmds/etexcmds.sty
Package: etexcmds 2019/12/15 v1.7 Avoid name clashes with e-TeX commands (HO)
))
(/usr/local/texlive/2025/texmf-dist/tex/latex/base/inputenc.sty
Package: inputenc 2024/02/08 v1.3d Input encoding file
\inpenc@prehook=\toks34
\inpenc@posthook=\toks35
)
(/usr/local/texlive/2025/texmf-dist/tex/latex/tcolorbox/tcolorbox.sty
Package: tcolorbox 2024/10/22 version 6.4.1 text color boxes

(/usr/local/texlive/2025/texmf-dist/tex/latex/pgf/frontendlayer/tikz.sty
(/usr/local/texlive/2025/texmf-dist/tex/latex/pgf/basiclayer/pgf.sty
(/usr/local/texlive/2025/texmf-dist/tex/latex/pgf/utilities/pgfrcs.sty
(/usr/local/texlive/2025/texmf-dist/tex/generic/pgf/utilities/pgfutil-common.te
x
\pgfutil@everybye=\toks36
\pgfutil@tempdima=\dimen191
\pgfutil@tempdimb=\dimen192
)
(/usr/local/texlive/2025/texmf-dist/tex/generic/pgf/utilities/pgfutil-latex.def
\pgfutil@abb=\box67
) (/usr/local/texlive/2025/texmf-dist/tex/generic/pgf/utilities/pgfrcs.code.tex
(/usr/local/texlive/2025/texmf-dist/tex/generic/pgf/pgf.revision.tex)
Package: pgfrcs 2023-01-15 v3.1.10 (3.1.10)
))
Package: pgf 2023-01-15 v3.1.10 (3.1.10)

(/usr/local/texlive/2025/texmf-dist/tex/latex/pgf/basiclayer/pgfcore.sty
(/usr/local/texlive/2025/texmf-dist/tex/latex/pgf/systemlayer/pgfsys.sty
(/usr/local/texlive/2025/texmf-dist/tex/generic/pgf/systemlayer/pgfsys.code.tex
Package: pgfsys 2023-01-15 v3.1.10 (3.1.10)
(/usr/local/texlive/2025/texmf-dist/tex/generic/pgf/utilities/pgfkeys.code.tex
\pgfkeys@pathtoks=\toks37
\pgfkeys@temptoks=\toks38

(/usr/local/texlive/2025/texmf-dist/tex/generic/pgf/utilities/pgfkeyslibraryfil
tered.code.tex
\pgfkeys@tmptoks=\toks39
))
\pgf@x=\dimen193
\pgf@y=\dimen194
\pgf@xa=\dimen195
\pgf@ya=\dimen196
\pgf@xb=\dimen197
\pgf@yb=\dimen198
\pgf@xc=\dimen199
\pgf@yc=\dimen256
\pgf@xd=\dimen257
\pgf@yd=\dimen258
\w@pgf@writea=\write3
\r@pgf@reada=\read3
\c@pgf@counta=\count324
\c@pgf@countb=\count325
\c@pgf@countc=\count326
\c@pgf@countd=\count327
\t@pgf@toka=\toks40
\t@pgf@tokb=\toks41
\t@pgf@tokc=\toks42
\pgf@sys@id@count=\count328

(/usr/local/texlive/2025/texmf-dist/tex/generic/pgf/systemlayer/pgf.cfg
File: pgf.cfg 2023-01-15 v3.1.10 (3.1.10)
)
Driver file for pgf: pgfsys-pdftex.def

(/usr/local/texlive/2025/texmf-dist/tex/generic/pgf/systemlayer/pgfsys-pdftex.d
ef
File: pgfsys-pdftex.def 2023-01-15 v3.1.10 (3.1.10)

(/usr/local/texlive/2025/texmf-dist/tex/generic/pgf/systemlayer/pgfsys-common-p
df.def
File: pgfsys-common-pdf.def 2023-01-15 v3.1.10 (3.1.10)
)))
(/usr/local/texlive/2025/texmf-dist/tex/generic/pgf/systemlayer/pgfsyssoftpath.
code.tex
File: pgfsyssoftpath.code.tex 2023-01-15 v3.1.10 (3.1.10)
\pgfsyssoftpath@smallbuffer@items=\count329
\pgfsyssoftpath@bigbuffer@items=\count330
)
(/usr/local/texlive/2025/texmf-dist/tex/generic/pgf/systemlayer/pgfsysprotocol.
code.tex
File: pgfsysprotocol.code.tex 2023-01-15 v3.1.10 (3.1.10)
))
(/usr/local/texlive/2025/texmf-dist/tex/generic/pgf/basiclayer/pgfcore.code.tex
Package: pgfcore 2023-01-15 v3.1.10 (3.1.10)
(/usr/local/texlive/2025/texmf-dist/tex/generic/pgf/math/pgfmath.code.tex
(/usr/local/texlive/2025/texmf-dist/tex/generic/pgf/math/pgfmathutil.code.tex)
(/usr/local/texlive/2025/texmf-dist/tex/generic/pgf/math/pgfmathparser.code.tex
\pgfmath@dimen=\dimen259
\pgfmath@count=\count331
\pgfmath@box=\box68
\pgfmath@toks=\toks43
\pgfmath@stack@operand=\toks44
\pgfmath@stack@operation=\toks45
)
(/usr/local/texlive/2025/texmf-dist/tex/generic/pgf/math/pgfmathfunctions.code.
tex)
(/usr/local/texlive/2025/texmf-dist/tex/generic/pgf/math/pgfmathfunctions.basic
.code.tex)
(/usr/local/texlive/2025/texmf-dist/tex/generic/pgf/math/pgfmathfunctions.trigo
nometric.code.tex)
(/usr/local/texlive/2025/texmf-dist/tex/generic/pgf/math/pgfmathfunctions.rando
m.code.tex)
(/usr/local/texlive/2025/texmf-dist/tex/generic/pgf/math/pgfmathfunctions.compa
rison.code.tex)
(/usr/local/texlive/2025/texmf-dist/tex/generic/pgf/math/pgfmathfunctions.base.
code.tex)
(/usr/local/texlive/2025/texmf-dist/tex/generic/pgf/math/pgfmathfunctions.round
.code.tex)
(/usr/local/texlive/2025/texmf-dist/tex/generic/pgf/math/pgfmathfunctions.misc.
code.tex)
(/usr/local/texlive/2025/texmf-dist/tex/generic/pgf/math/pgfmathfunctions.integ
erarithmetics.code.tex)
(/usr/local/texlive/2025/texmf-dist/tex/generic/pgf/math/pgfmathcalc.code.tex)
(/usr/local/texlive/2025/texmf-dist/tex/generic/pgf/math/pgfmathfloat.code.tex
\c@pgfmathroundto@lastzeros=\count332
)) (/usr/local/texlive/2025/texmf-dist/tex/generic/pgf/math/pgfint.code.tex)
(/usr/local/texlive/2025/texmf-dist/tex/generic/pgf/basiclayer/pgfcorepoints.co
de.tex
File: pgfcorepoints.code.tex 2023-01-15 v3.1.10 (3.1.10)
\pgf@picminx=\dimen260
\pgf@picmaxx=\dimen261
\pgf@picminy=\dimen262
\pgf@picmaxy=\dimen263
\pgf@pathminx=\dimen264
\pgf@pathmaxx=\dimen265
\pgf@pathminy=\dimen266
\pgf@pathmaxy=\dimen267
\pgf@xx=\dimen268
\pgf@xy=\dimen269
\pgf@yx=\dimen270
\pgf@yy=\dimen271
\pgf@zx=\dimen272
\pgf@zy=\dimen273
)
(/usr/local/texlive/2025/texmf-dist/tex/generic/pgf/basiclayer/pgfcorepathconst
ruct.code.tex
File: pgfcorepathconstruct.code.tex 2023-01-15 v3.1.10 (3.1.10)
\pgf@path@lastx=\dimen274
\pgf@path@lasty=\dimen275
)
(/usr/local/texlive/2025/texmf-dist/tex/generic/pgf/basiclayer/pgfcorepathusage
.code.tex
File: pgfcorepathusage.code.tex 2023-01-15 v3.1.10 (3.1.10)
\pgf@shorten@end@additional=\dimen276
\pgf@shorten@start@additional=\dimen277
)
(/usr/local/texlive/2025/texmf-dist/tex/generic/pgf/basiclayer/pgfcorescopes.co
de.tex
File: pgfcorescopes.code.tex 2023-01-15 v3.1.10 (3.1.10)
\pgfpic=\box69
\pgf@hbox=\box70
\pgf@layerbox@main=\box71
\pgf@picture@serial@count=\count333
)
(/usr/local/texlive/2025/texmf-dist/tex/generic/pgf/basiclayer/pgfcoregraphicst
ate.code.tex
File: pgfcoregraphicstate.code.tex 2023-01-15 v3.1.10 (3.1.10)
\pgflinewidth=\dimen278
)
(/usr/local/texlive/2025/texmf-dist/tex/generic/pgf/basiclayer/pgfcoretransform
ations.code.tex
File: pgfcoretransformations.code.tex 2023-01-15 v3.1.10 (3.1.10)
\pgf@pt@x=\dimen279
\pgf@pt@y=\dimen280
\pgf@pt@temp=\dimen281
)
(/usr/local/texlive/2025/texmf-dist/tex/generic/pgf/basiclayer/pgfcorequick.cod
e.tex
File: pgfcorequick.code.tex 2023-01-15 v3.1.10 (3.1.10)
)
(/usr/local/texlive/2025/texmf-dist/tex/generic/pgf/basiclayer/pgfcoreobjects.c
ode.tex
File: pgfcoreobjects.code.tex 2023-01-15 v3.1.10 (3.1.10)
)
(/usr/local/texlive/2025/texmf-dist/tex/generic/pgf/basiclayer/pgfcorepathproce
ssing.code.tex
File: pgfcorepathprocessing.code.tex 2023-01-15 v3.1.10 (3.1.10)
)
(/usr/local/texlive/2025/texmf-dist/tex/generic/pgf/basiclayer/pgfcorearrows.co
de.tex
File: pgfcorearrows.code.tex 2023-01-15 v3.1.10 (3.1.10)
\pgfarrowsep=\dimen282
)
(/usr/local/texlive/2025/texmf-dist/tex/generic/pgf/basiclayer/pgfcoreshade.cod
e.tex
File: pgfcoreshade.code.tex 2023-01-15 v3.1.10 (3.1.10)
\pgf@max=\dimen283
\pgf@sys@shading@range@num=\count334
\pgf@shadingcount=\count335
)
(/usr/local/texlive/2025/texmf-dist/tex/generic/pgf/basiclayer/pgfcoreimage.cod
e.tex
File: pgfcoreimage.code.tex 2023-01-15 v3.1.10 (3.1.10)
)
(/usr/local/texlive/2025/texmf-dist/tex/generic/pgf/basiclayer/pgfcoreexternal.
code.tex
File: pgfcoreexternal.code.tex 2023-01-15 v3.1.10 (3.1.10)
\pgfexternal@startupbox=\box72
)
(/usr/local/texlive/2025/texmf-dist/tex/generic/pgf/basiclayer/pgfcorelayers.co
de.tex
File: pgfcorelayers.code.tex 2023-01-15 v3.1.10 (3.1.10)
)
(/usr/local/texlive/2025/texmf-dist/tex/generic/pgf/basiclayer/pgfcoretranspare
ncy.code.tex
File: pgfcoretransparency.code.tex 2023-01-15 v3.1.10 (3.1.10)
)
(/usr/local/texlive/2025/texmf-dist/tex/generic/pgf/basiclayer/pgfcorepatterns.
code.tex
File: pgfcorepatterns.code.tex 2023-01-15 v3.1.10 (3.1.10)
)
(/usr/local/texlive/2025/texmf-dist/tex/generic/pgf/basiclayer/pgfcorerdf.code.
tex
File: pgfcorerdf.code.tex 2023-01-15 v3.1.10 (3.1.10)
)))
(/usr/local/texlive/2025/texmf-dist/tex/generic/pgf/modules/pgfmoduleshapes.cod
e.tex
File: pgfmoduleshapes.code.tex 2023-01-15 v3.1.10 (3.1.10)
\pgfnodeparttextbox=\box73
)
(/usr/local/texlive/2025/texmf-dist/tex/generic/pgf/modules/pgfmoduleplot.code.
tex
File: pgfmoduleplot.code.tex 2023-01-15 v3.1.10 (3.1.10)
)
(/usr/local/texlive/2025/texmf-dist/tex/latex/pgf/compatibility/pgfcomp-version
-0-65.sty
Package: pgfcomp-version-0-65 2023-01-15 v3.1.10 (3.1.10)
\pgf@nodesepstart=\dimen284
\pgf@nodesepend=\dimen285
)
(/usr/local/texlive/2025/texmf-dist/tex/latex/pgf/compatibility/pgfcomp-version
-1-18.sty
Package: pgfcomp-version-1-18 2023-01-15 v3.1.10 (3.1.10)
))
(/usr/local/texlive/2025/texmf-dist/tex/latex/pgf/utilities/pgffor.sty
(/usr/local/texlive/2025/texmf-dist/tex/latex/pgf/utilities/pgfkeys.sty
(/usr/local/texlive/2025/texmf-dist/tex/generic/pgf/utilities/pgfkeys.code.tex)
) (/usr/local/texlive/2025/texmf-dist/tex/latex/pgf/math/pgfmath.sty
(/usr/local/texlive/2025/texmf-dist/tex/generic/pgf/math/pgfmath.code.tex))
(/usr/local/texlive/2025/texmf-dist/tex/generic/pgf/utilities/pgffor.code.tex
Package: pgffor 2023-01-15 v3.1.10 (3.1.10)
\pgffor@iter=\dimen286
\pgffor@skip=\dimen287
\pgffor@stack=\toks46
\pgffor@toks=\toks47
))
(/usr/local/texlive/2025/texmf-dist/tex/generic/pgf/frontendlayer/tikz/tikz.cod
e.tex
Package: tikz 2023-01-15 v3.1.10 (3.1.10)

(/usr/local/texlive/2025/texmf-dist/tex/generic/pgf/libraries/pgflibraryplothan
dlers.code.tex
File: pgflibraryplothandlers.code.tex 2023-01-15 v3.1.10 (3.1.10)
\pgf@plot@mark@count=\count336
\pgfplotmarksize=\dimen288
)
\tikz@lastx=\dimen289
\tikz@lasty=\dimen290
\tikz@lastxsaved=\dimen291
\tikz@lastysaved=\dimen292
\tikz@lastmovetox=\dimen293
\tikz@lastmovetoy=\dimen294
\tikzleveldistance=\dimen295
\tikzsiblingdistance=\dimen296
\tikz@figbox=\box74
\tikz@figbox@bg=\box75
\tikz@tempbox=\box76
\tikz@tempbox@bg=\box77
\tikztreelevel=\count337
\tikznumberofchildren=\count338
\tikznumberofcurrentchild=\count339
\tikz@fig@count=\count340

(/usr/local/texlive/2025/texmf-dist/tex/generic/pgf/modules/pgfmodulematrix.cod
e.tex
File: pgfmodulematrix.code.tex 2023-01-15 v3.1.10 (3.1.10)
\pgfmatrixcurrentrow=\count341
\pgfmatrixcurrentcolumn=\count342
\pgf@matrix@numberofcolumns=\count343
)
\tikz@expandcount=\count344

(/usr/local/texlive/2025/texmf-dist/tex/generic/pgf/frontendlayer/tikz/librarie
s/tikzlibrarytopaths.code.tex
File: tikzlibrarytopaths.code.tex 2023-01-15 v3.1.10 (3.1.10)
)))
(/usr/local/texlive/2025/texmf-dist/tex/latex/tools/verbatim.sty
Package: verbatim 2024-01-22 v1.5x LaTeX2e package for verbatim enhancements
\every@verbatim=\toks48
\verbatim@line=\toks49
\verbatim@in@stream=\read4
)
(/usr/local/texlive/2025/texmf-dist/tex/latex/environ/environ.sty
Package: environ 2014/05/04 v0.3 A new way to define environments

(/usr/local/texlive/2025/texmf-dist/tex/latex/trimspaces/trimspaces.sty
Package: trimspaces 2009/09/17 v1.1 Trim spaces around a token list
))
\tcb@titlebox=\box78
\tcb@upperbox=\box79
\tcb@lowerbox=\box80
\tcb@phantombox=\box81
\c@tcbbreakpart=\count345
\c@tcblayer=\count346
\c@tcolorbox@number=\count347
\l__tcobox_tmpa_box=\box82
\l__tcobox_tmpa_dim=\dimen297
\tcb@temp=\box83
\tcb@temp=\box84
\tcb@temp=\box85
\tcb@temp=\box86

(/usr/local/texlive/2025/texmf-dist/tex/latex/tcolorbox/tcbraster.code.tex
Library (tcolorbox): 'tcbraster.code.tex' version '6.4.1'
\c@tcbrastercolumn=\count348
\c@tcbrasterrow=\count349
\c@tcbrasternum=\count350
\c@tcbraster=\count351
) (/usr/local/texlive/2025/texmf-dist/tex/latex/tcolorbox/tcbskins.code.tex
Library (tcolorbox): 'tcbskins.code.tex' version '6.4.1'
(/usr/local/texlive/2025/texmf-dist/tex/latex/tikzfill/tikzfill.image.sty
Package: tikzfill.image 2023/08/08 v1.0.1 Image filling library for TikZ

(/usr/local/texlive/2025/texmf-dist/tex/latex/tikzfill/tikzfill-common.sty
Package: tikzfill-common 2023/08/08 v1.0.1 Auxiliary code for tikzfill
)
(/usr/local/texlive/2025/texmf-dist/tex/latex/tikzfill/tikzlibraryfill.image.co
de.tex
File: tikzlibraryfill.image.code.tex 2023/08/08 v1.0.1 Image filling library
\l__tikzfill_img_box=\box87
))
(/usr/local/texlive/2025/texmf-dist/tex/latex/tcolorbox/tcbskinsjigsaw.code.tex
Library (tcolorbox): 'tcbskinsjigsaw.code.tex' version '6.4.1'
))
(/usr/local/texlive/2025/texmf-dist/tex/latex/tcolorbox/tcbbreakable.code.tex
Library (tcolorbox): 'tcbbreakable.code.tex' version '6.4.1'
(/usr/local/texlive/2025/texmf-dist/tex/latex/pdfcol/pdfcol.sty
Package: pdfcol 2022-09-21 v1.7 Handle new color stacks for pdfTeX (HO)
)
Package pdfcol Info: New color stack `tcb@breakable' = 1 on input line 23.
\tcb@testbox=\box88
\tcb@totalupperbox=\box89
\tcb@totallowerbox=\box90
)
(/usr/local/texlive/2025/texmf-dist/tex/latex/tcolorbox/tcbhooks.code.tex
Library (tcolorbox): 'tcbhooks.code.tex' version '6.4.1'
) (/usr/local/texlive/2025/texmf-dist/tex/latex/tcolorbox/tcbtheorems.code.tex
Library (tcolorbox): 'tcbtheorems.code.tex' version '6.4.1'
) (/usr/local/texlive/2025/texmf-dist/tex/latex/tcolorbox/tcbfitting.code.tex
Library (tcolorbox): 'tcbfitting.code.tex' version '6.4.1'
\tcbfitdim=\dimen298
\tcb@lowerfitdim=\dimen299
\tcb@upperfitdim=\dimen300
\tcb@cur@hbadness=\count352
)
(/usr/local/texlive/2025/texmf-dist/tex/latex/tcolorbox/tcblistingsutf8.code.te
x
Library (tcolorbox): 'tcblistingsutf8.code.tex' version '6.4.1'
(/usr/local/texlive/2025/texmf-dist/tex/latex/tcolorbox/tcblistings.code.tex
Library (tcolorbox): 'tcblistings.code.tex' version '6.4.1'
(/usr/local/texlive/2025/texmf-dist/tex/latex/listings/listings.sty
\lst@mode=\count353
\lst@gtempboxa=\box91
\lst@token=\toks50
\lst@length=\count354
\lst@currlwidth=\dimen301
\lst@column=\count355
\lst@pos=\count356
\lst@lostspace=\dimen302
\lst@width=\dimen303
\lst@newlines=\count357
\lst@lineno=\count358
\lst@maxwidth=\dimen304

(/usr/local/texlive/2025/texmf-dist/tex/latex/listings/lstpatch.sty
File: lstpatch.sty 2024/09/23 1.10c (Carsten Heinz)
)
(/usr/local/texlive/2025/texmf-dist/tex/latex/listings/lstmisc.sty
File: lstmisc.sty 2024/09/23 1.10c (Carsten Heinz)
\c@lstnumber=\count359
\lst@skipnumbers=\count360
\lst@framebox=\box92
)
(/usr/local/texlive/2025/texmf-dist/tex/latex/listings/listings.cfg
File: listings.cfg 2024/09/23 1.10c listings configuration
))
Package: listings 2024/09/23 1.10c (Carsten Heinz)

(/usr/local/texlive/2025/texmf-dist/tex/latex/tcolorbox/tcblistingscore.code.te
x
Library (tcolorbox): 'tcblistingscore.code.tex' version '6.4.1'
(/usr/local/texlive/2025/texmf-dist/tex/latex/tcolorbox/tcbprocessing.code.tex
Library (tcolorbox): 'tcbprocessing.code.tex' version '6.4.1'
)
\c@tcblisting=\count361
)) (/usr/local/texlive/2025/texmf-dist/tex/latex/listingsutf8/listingsutf8.sty
Package: listingsutf8 2019-12-10 v1.5 Allow UTF-8 in listings input (HO)
)) (/usr/local/texlive/2025/texmf-dist/tex/latex/tcolorbox/tcbexternal.code.tex
Library (tcolorbox): 'tcbexternal.code.tex' version '6.4.1'
) (/usr/local/texlive/2025/texmf-dist/tex/latex/tcolorbox/tcbmagazine.code.tex
Library (tcolorbox): 'tcbmagazine.code.tex' version '6.4.1'
) (/usr/local/texlive/2025/texmf-dist/tex/latex/tcolorbox/tcbvignette.code.tex
Library (tcolorbox): 'tcbvignette.code.tex' version '6.4.1'

(/usr/local/texlive/2025/texmf-dist/tex/generic/pgf/frontendlayer/tikz/librarie
s/tikzlibraryfadings.code.tex
File: tikzlibraryfadings.code.tex 2023-01-15 v3.1.10 (3.1.10)

(/usr/local/texlive/2025/texmf-dist/tex/generic/pgf/libraries/pgflibraryfadings
.code.tex
File: pgflibraryfadings.code.tex 2023-01-15 v3.1.10 (3.1.10)
)))
(/usr/local/texlive/2025/texmf-dist/tex/latex/tcolorbox/tcbposter.code.tex
Library (tcolorbox): 'tcbposter.code.tex' version '6.4.1'
)) (/usr/local/texlive/2025/texmf-dist/tex/latex/wrapfig/wrapfig.sty
\wrapoverhang=\dimen305
\WF@size=\dimen306
\c@WF@wrappedlines=\count362
\WF@box=\box93
\WF@everypar=\toks51
Package: wrapfig 2003/01/31  v 3.6
)
(/usr/local/texlive/2025/texmf-dist/tex/latex/mathtools/mathtools.sty
Package: mathtools 2024/10/04 v1.31 mathematical typesetting tools

(/usr/local/texlive/2025/texmf-dist/tex/latex/tools/calc.sty
Package: calc 2023/07/08 v4.3 Infix arithmetic (KKT,FJ)
\calc@Acount=\count363
\calc@Bcount=\count364
\calc@Adimen=\dimen307
\calc@Bdimen=\dimen308
\calc@Askip=\skip59
\calc@Bskip=\skip60
LaTeX Info: Redefining \setlength on input line 80.
LaTeX Info: Redefining \addtolength on input line 81.
\calc@Ccount=\count365
\calc@Cskip=\skip61
)
(/usr/local/texlive/2025/texmf-dist/tex/latex/mathtools/mhsetup.sty
Package: mhsetup 2021/03/18 v1.4 programming setup (MH)
)
\g_MT_multlinerow_int=\count366
\l_MT_multwidth_dim=\dimen309
\origjot=\skip62
\l_MT_shortvdotswithinadjustabove_dim=\dimen310
\l_MT_shortvdotswithinadjustbelow_dim=\dimen311
\l_MT_above_intertext_sep=\dimen312
\l_MT_below_intertext_sep=\dimen313
\l_MT_above_shortintertext_sep=\dimen314
\l_MT_below_shortintertext_sep=\dimen315
\xmathstrut@box=\box94
\xmathstrut@dim=\dimen316
)
(/usr/local/texlive/2025/texmf-dist/tex/latex/l3backend/l3backend-pdftex.def
File: l3backend-pdftex.def 2024-05-08 L3 backend support: PDF output (pdfTeX)
\l__color_backend_stack_int=\count367
\l__pdf_internal_box=\box95
)
(./main.aux

LaTeX Warning: Label `fig:placeholder' multiply defined.


LaTeX Warning: Label `fig:placeholder' multiply defined.


LaTeX Warning: Label `fig:placeholder' multiply defined.


LaTeX Warning: Label `fig:placeholder' multiply defined.


LaTeX Warning: Label `fig:placeholder' multiply defined.


LaTeX Warning: Label `fig:placeholder' multiply defined.


LaTeX Warning: Label `fig:placeholder' multiply defined.


LaTeX Warning: Label `fig:placeholder' multiply defined.


LaTeX Warning: Label `fig:placeholder' multiply defined.


LaTeX Warning: Label `fig:placeholder' multiply defined.


LaTeX Warning: Label `fig:placeholder' multiply defined.


LaTeX Warning: Label `fig:placeholder' multiply defined.


LaTeX Warning: Label `fig:placeholder' multiply defined.


LaTeX Warning: Label `fig:placeholder' multiply defined.


LaTeX Warning: Label `fig:placeholder' multiply defined.


LaTeX Warning: Label `fig:placeholder' multiply defined.


LaTeX Warning: Label `fig:placeholder' multiply defined.


LaTeX Warning: Label `fig:placeholder' multiply defined.


LaTeX Warning: Label `fig:placeholder' multiply defined.


LaTeX Warning: Label `fig:placeholder' multiply defined.


LaTeX Warning: Label `fig:placeholder' multiply defined.


LaTeX Warning: Label `fig:placeholder' multiply defined.


LaTeX Warning: Label `fig:placeholder' multiply defined.


LaTeX Warning: Label `fig:placeholder' multiply defined.


LaTeX Warning: Label `fig:placeholder' multiply defined.


LaTeX Warning: Label `fig:placeholder' multiply defined.


LaTeX Warning: Label `fig:placeholder' multiply defined.


LaTeX Warning: Label `fig:placeholder' multiply defined.


LaTeX Warning: Label `fig:placeholder' multiply defined.


LaTeX Warning: Label `fig:placeholder' multiply defined.


LaTeX Warning: Label `fig:placeholder' multiply defined.


LaTeX Warning: Label `fig:placeholder' multiply defined.


LaTeX Warning: Label `fig:placeholder' multiply defined.


LaTeX Warning: Label `fig:placeholder' multiply defined.


LaTeX Warning: Label `fig:placeholder' multiply defined.


LaTeX Warning: Label `fig:placeholder' multiply defined.


LaTeX Warning: Label `fig:placeholder' multiply defined.


LaTeX Warning: Label `fig:placeholder' multiply defined.


LaTeX Warning: Label `fig:placeholder' multiply defined.


LaTeX Warning: Label `fig:placeholder' multiply defined.


LaTeX Warning: Label `fig:placeholder' multiply defined.


LaTeX Warning: Label `fig:placeholder' multiply defined.


LaTeX Warning: Label `fig:placeholder' multiply defined.


LaTeX Warning: Label `fig:placeholder' multiply defined.


LaTeX Warning: Label `fig:placeholder' multiply defined.


LaTeX Warning: Label `fig:placeholder' multiply defined.


LaTeX Warning: Label `fig:placeholder' multiply defined.


LaTeX Warning: Label `fig:placeholder' multiply defined.


LaTeX Warning: Label `fig:placeholder' multiply defined.


LaTeX Warning: Label `fig:placeholder' multiply defined.


LaTeX Warning: Label `fig:placeholder' multiply defined.


LaTeX Warning: Label `fig:placeholder' multiply defined.


LaTeX Warning: Label `fig:placeholder' multiply defined.


LaTeX Warning: Label `fig:placeholder' multiply defined.


LaTeX Warning: Label `fig:placeholder' multiply defined.


LaTeX Warning: Label `fig:placeholder' multiply defined.


LaTeX Warning: Label `fig:placeholder' multiply defined.


LaTeX Warning: Label `fig:placeholder' multiply defined.


LaTeX Warning: Label `fig:placeholder' multiply defined.


LaTeX Warning: Label `fig:placeholder' multiply defined.


LaTeX Warning: Label `fig:placeholder' multiply defined.


LaTeX Warning: Label `fig:placeholder' multiply defined.


LaTeX Warning: Label `fig:placeholder' multiply defined.


LaTeX Warning: Label `fig:placeholder' multiply defined.


LaTeX Warning: Label `fig:placeholder' multiply defined.


LaTeX Warning: Label `fig:placeholder' multiply defined.


LaTeX Warning: Label `fig:placeholder' multiply defined.


LaTeX Warning: Label `fig:placeholder' multiply defined.


LaTeX Warning: Label `fig:placeholder' multiply defined.


LaTeX Warning: Label `fig:placeholder' multiply defined.


LaTeX Warning: Label `fig:placeholder' multiply defined.


LaTeX Warning: Label `fig:placeholder' multiply defined.


LaTeX Warning: Label `fig:placeholder' multiply defined.


LaTeX Warning: Label `fig:placeholder' multiply defined.


LaTeX Warning: Label `fig:placeholder' multiply defined.


LaTeX Warning: Label `fig:placeholder' multiply defined.


LaTeX Warning: Label `fig:placeholder' multiply defined.


LaTeX Warning: Label `fig:placeholder' multiply defined.


LaTeX Warning: Label `fig:placeholder' multiply defined.


LaTeX Warning: Label `fig:placeholder' multiply defined.


LaTeX Warning: Label `fig:placeholder' multiply defined.


LaTeX Warning: Label `fig:placeholder' multiply defined.


LaTeX Warning: Label `fig:placeholder' multiply defined.


LaTeX Warning: Label `fig:placeholder' multiply defined.


LaTeX Warning: Label `fig:placeholder' multiply defined.


LaTeX Warning: Label `fig:placeholder' multiply defined.


LaTeX Warning: Label `fig:placeholder' multiply defined.


LaTeX Warning: Label `fig:placeholder' multiply defined.


LaTeX Warning: Label `fig:placeholder' multiply defined.


LaTeX Warning: Label `fig:placeholder' multiply defined.


LaTeX Warning: Label `fig:placeholder' multiply defined.


LaTeX Warning: Label `fig:placeholder' multiply defined.


LaTeX Warning: Label `fig:placeholder' multiply defined.


LaTeX Warning: Label `fig:placeholder' multiply defined.


LaTeX Warning: Label `fig:placeholder' multiply defined.


LaTeX Warning: Label `fig:placeholder' multiply defined.


LaTeX Warning: Label `fig:placeholder' multiply defined.


LaTeX Warning: Label `fig:placeholder' multiply defined.


LaTeX Warning: Label `fig:placeholder' multiply defined.


LaTeX Warning: Label `fig:placeholder' multiply defined.


LaTeX Warning: Label `fig:placeholder' multiply defined.


LaTeX Warning: Label `fig:placeholder' multiply defined.


LaTeX Warning: Label `fig:placeholder' multiply defined.


LaTeX Warning: Label `fig:placeholder' multiply defined.


LaTeX Warning: Label `fig:placeholder' multiply defined.


LaTeX Warning: Label `fig:placeholder' multiply defined.


LaTeX Warning: Label `fig:placeholder' multiply defined.


LaTeX Warning: Label `fig:placeholder' multiply defined.


LaTeX Warning: Label `fig:placeholder' multiply defined.


LaTeX Warning: Label `fig:placeholder' multiply defined.


LaTeX Warning: Label `fig:placeholder' multiply defined.


LaTeX Warning: Label `fig:placeholder' multiply defined.


LaTeX Warning: Label `fig:placeholder' multiply defined.


LaTeX Warning: Label `fig:placeholder' multiply defined.


LaTeX Warning: Label `fig:placeholder' multiply defined.


LaTeX Warning: Label `fig:placeholder' multiply defined.


LaTeX Warning: Label `fig:placeholder' multiply defined.


LaTeX Warning: Label `fig:placeholder' multiply defined.


LaTeX Warning: Label `fig:placeholder' multiply defined.


LaTeX Warning: Label `fig:placeholder' multiply defined.


LaTeX Warning: Label `fig:placeholder' multiply defined.


LaTeX Warning: Label `fig:placeholder' multiply defined.


LaTeX Warning: Label `fig:placeholder' multiply defined.


LaTeX Warning: Label `fig:placeholder' multiply defined.


LaTeX Warning: Label `fig:placeholder' multiply defined.


LaTeX Warning: Label `fig:placeholder' multiply defined.


LaTeX Warning: Label `fig:placeholder' multiply defined.


LaTeX Warning: Label `fig:placeholder' multiply defined.


LaTeX Warning: Label `fig:placeholder' multiply defined.


LaTeX Warning: Label `fig:placeholder' multiply defined.


LaTeX Warning: Label `fig:placeholder' multiply defined.


LaTeX Warning: Label `fig:placeholder' multiply defined.


LaTeX Warning: Label `fig:placeholder' multiply defined.


LaTeX Warning: Label `fig:placeholder' multiply defined.


LaTeX Warning: Label `fig:placeholder' multiply defined.


LaTeX Warning: Label `fig:placeholder' multiply defined.


LaTeX Warning: Label `fig:placeholder' multiply defined.


LaTeX Warning: Label `fig:placeholder' multiply defined.


LaTeX Warning: Label `fig:placeholder' multiply defined.


LaTeX Warning: Label `fig:placeholder' multiply defined.


LaTeX Warning: Label `fig:placeholder' multiply defined.


LaTeX Warning: Label `fig:placeholder' multiply defined.


LaTeX Warning: Label `fig:placeholder' multiply defined.


LaTeX Warning: Label `fig:placeholder' multiply defined.


LaTeX Warning: Label `fig:placeholder' multiply defined.


LaTeX Warning: Label `fig:placeholder' multiply defined.


LaTeX Warning: Label `fig:placeholder' multiply defined.


LaTeX Warning: Label `fig:placeholder' multiply defined.


LaTeX Warning: Label `fig:placeholder' multiply defined.


LaTeX Warning: Label `fig:placeholder' multiply defined.


LaTeX Warning: Label `fig:placeholder' multiply defined.


LaTeX Warning: Label `fig:placeholder' multiply defined.


LaTeX Warning: Label `fig:placeholder' multiply defined.


LaTeX Warning: Label `fig:placeholder' multiply defined.


LaTeX Warning: Label `fig:placeholder' multiply defined.


LaTeX Warning: Label `fig:placeholder' multiply defined.


LaTeX Warning: Label `fig:placeholder' multiply defined.


LaTeX Warning: Label `fig:placeholder' multiply defined.


LaTeX Warning: Label `fig:placeholder' multiply defined.


LaTeX Warning: Label `fig:placeholder' multiply defined.


LaTeX Warning: Label `fig:placeholder' multiply defined.


LaTeX Warning: Label `fig:placeholder' multiply defined.


LaTeX Warning: Label `fig:placeholder' multiply defined.


LaTeX Warning: Label `fig:placeholder' multiply defined.


LaTeX Warning: Label `fig:placeholder' multiply defined.


LaTeX Warning: Label `fig:placeholder' multiply defined.


LaTeX Warning: Label `fig:placeholder' multiply defined.


LaTeX Warning: Label `fig:placeholder' multiply defined.


LaTeX Warning: Label `fig:placeholder' multiply defined.


LaTeX Warning: Label `fig:placeholder' multiply defined.


LaTeX Warning: Label `fig:placeholder' multiply defined.


LaTeX Warning: Label `fig:placeholder' multiply defined.


LaTeX Warning: Label `fig:placeholder' multiply defined.


LaTeX Warning: Label `fig:placeholder' multiply defined.


LaTeX Warning: Label `fig:placeholder' multiply defined.


LaTeX Warning: Label `fig:placeholder' multiply defined.


LaTeX Warning: Label `fig:placeholder' multiply defined.


LaTeX Warning: Label `fig:placeholder' multiply defined.


LaTeX Warning: Label `fig:placeholder' multiply defined.


LaTeX Warning: Label `fig:placeholder' multiply defined.


LaTeX Warning: Label `fig:placeholder' multiply defined.


LaTeX Warning: Label `fig:placeholder' multiply defined.


LaTeX Warning: Label `fig:placeholder' multiply defined.


LaTeX Warning: Label `fig:placeholder' multiply defined.


LaTeX Warning: Label `fig:placeholder' multiply defined.


LaTeX Warning: Label `fig:placeholder' multiply defined.


LaTeX Warning: Label `fig:placeholder' multiply defined.


LaTeX Warning: Label `fig:placeholder' multiply defined.


LaTeX Warning: Label `fig:placeholder' multiply defined.


LaTeX Warning: Label `fig:placeholder' multiply defined.


LaTeX Warning: Label `fig:placeholder' multiply defined.


LaTeX Warning: Label `fig:placeholder' multiply defined.


LaTeX Warning: Label `fig:placeholder' multiply defined.


LaTeX Warning: Label `fig:placeholder' multiply defined.


LaTeX Warning: Label `fig:placeholder' multiply defined.


LaTeX Warning: Label `fig:placeholder' multiply defined.


LaTeX Warning: Label `fig:placeholder' multiply defined.


LaTeX Warning: Label `fig:placeholder' multiply defined.


LaTeX Warning: Label `fig:placeholder' multiply defined.


LaTeX Warning: Label `fig:placeholder' multiply defined.


LaTeX Warning: Label `fig:placeholder' multiply defined.


LaTeX Warning: Label `fig:placeholder' multiply defined.


LaTeX Warning: Label `fig:placeholder' multiply defined.


LaTeX Warning: Label `fig:placeholder' multiply defined.


LaTeX Warning: Label `fig:placeholder' multiply defined.


LaTeX Warning: Label `fig:placeholder' multiply defined.


LaTeX Warning: Label `fig:placeholder' multiply defined.


LaTeX Warning: Label `fig:placeholder' multiply defined.


LaTeX Warning: Label `fig:placeholder' multiply defined.


LaTeX Warning: Label `fig:placeholder' multiply defined.


LaTeX Warning: Label `fig:placeholder' multiply defined.


LaTeX Warning: Label `fig:placeholder' multiply defined.


LaTeX Warning: Label `fig:placeholder' multiply defined.


LaTeX Warning: Label `fig:placeholder' multiply defined.


LaTeX Warning: Label `fig:placeholder' multiply defined.


LaTeX Warning: Label `fig:placeholder' multiply defined.


LaTeX Warning: Label `fig:placeholder' multiply defined.


LaTeX Warning: Label `fig:placeholder' multiply defined.


LaTeX Warning: Label `fig:placeholder' multiply defined.


LaTeX Warning: Label `fig:placeholder' multiply defined.


LaTeX Warning: Label `fig:placeholder' multiply defined.


LaTeX Warning: Label `fig:placeholder' multiply defined.


LaTeX Warning: Label `fig:placeholder' multiply defined.

)
\openout1 = `main.aux'.

LaTeX Font Info:    Checking defaults for OML/cmm/m/it on input line 19.
LaTeX Font Info:    ... okay on input line 19.
LaTeX Font Info:    Checking defaults for OMS/cmsy/m/n on input line 19.
LaTeX Font Info:    ... okay on input line 19.
LaTeX Font Info:    Checking defaults for OT1/cmr/m/n on input line 19.
LaTeX Font Info:    ... okay on input line 19.
LaTeX Font Info:    Checking defaults for T1/cmr/m/n on input line 19.
LaTeX Font Info:    ... okay on input line 19.
LaTeX Font Info:    Checking defaults for TS1/cmr/m/n on input line 19.
LaTeX Font Info:    ... okay on input line 19.
LaTeX Font Info:    Checking defaults for OMX/cmex/m/n on input line 19.
LaTeX Font Info:    ... okay on input line 19.
LaTeX Font Info:    Checking defaults for U/cmr/m/n on input line 19.
LaTeX Font Info:    ... okay on input line 19.
LaTeX Font Info:    Checking defaults for PD1/pdf/m/n on input line 19.
LaTeX Font Info:    ... okay on input line 19.
LaTeX Font Info:    Checking defaults for PU/pdf/m/n on input line 19.
LaTeX Font Info:    ... okay on input line 19.
 (/usr/local/texlive/2025/texmf-dist/tex/context/base/mkii/supp-pdf.mkii
[Loading MPS to PDF converter (version 2006.09.02).]
\scratchcounter=\count368
\scratchdimen=\dimen317
\scratchbox=\box96
\nofMPsegments=\count369
\nofMParguments=\count370
\everyMPshowfont=\toks52
\MPscratchCnt=\count371
\MPscratchDim=\dimen318
\MPnumerator=\count372
\makeMPintoPDFobject=\count373
\everyMPtoPDFconversion=\toks53
) (/usr/local/texlive/2025/texmf-dist/tex/latex/epstopdf-pkg/epstopdf-base.sty
Package: epstopdf-base 2020-01-24 v2.11 Base part for package epstopdf
Package epstopdf-base Info: Redefining graphics rule for `.eps' on input line 4
85.

(/usr/local/texlive/2025/texmf-dist/tex/latex/latexconfig/epstopdf-sys.cfg
File: epstopdf-sys.cfg 2010/07/13 v1.3 Configuration of (r)epstopdf for TeX Liv
e
))
*geometry* driver: auto-detecting
*geometry* detected driver: pdftex
*geometry* verbose mode - [ preamble ] result:
* driver: pdftex
* paper: a4paper
* layout: <same size as paper>
* layoutoffset:(h,v)=(0.0pt,0.0pt)
* modes: 
* h-part:(L,W,R)=(36.135pt, 525.23788pt, 36.135pt)
* v-part:(T,H,B)=(36.135pt, 772.77686pt, 36.135pt)
* \paperwidth=597.50787pt
* \paperheight=845.04684pt
* \textwidth=525.23788pt
* \textheight=772.77686pt
* \oddsidemargin=-36.135pt
* \evensidemargin=-36.135pt
* \topmargin=-73.135pt
* \headheight=12.0pt
* \headsep=25.0pt
* \topskip=12.0pt
* \footskip=30.0pt
* \marginparwidth=44.0pt
* \marginparsep=10.0pt
* \columnsep=10.0pt
* \skip\footins=10.8pt plus 4.0pt minus 2.0pt
* \hoffset=0.0pt
* \voffset=0.0pt
* \mag=1000
* \@twocolumnfalse
* \@twosidefalse
* \@mparswitchfalse
* \@reversemarginfalse
* (1in=72.27pt=25.4mm, 1cm=28.453pt)

Package caption Info: Begin \AtBeginDocument code.
Package caption Info: hyperref package is loaded.
Package caption Info: listings package is loaded.
Package caption Info: wrapfig package is loaded.
Package caption Info: End \AtBeginDocument code.

(/usr/local/texlive/2025/texmf-dist/tex/latex/translations/translations-basic-d
ictionary-english.trsl
File: translations-basic-dictionary-english.trsl (english translation file `tra
nslations-basic-dictionary')
)
Package translations Info: loading dictionary `translations-basic-dictionary' f
or `english'. on input line 19.
Package hyperref Info: Link coloring OFF on input line 19.
 (./main.out) (./main.out)
\@outlinefile=\write4
\openout4 = `main.out'.

\c@lstlisting=\count374


[1

{/usr/local/texlive/2025/texmf-var/fonts/map/pdftex/updmap/pdftex.map}]
(./main.toc
LaTeX Font Info:    Trying to load font information for U+msa on input line 3.
 (/usr/local/texlive/2025/texmf-dist/tex/latex/amsfonts/umsa.fd
File: umsa.fd 2013/01/14 v3.01 AMS symbols A
)
LaTeX Font Info:    Trying to load font information for U+msb on input line 3.

(/usr/local/texlive/2025/texmf-dist/tex/latex/amsfonts/umsb.fd
File: umsb.fd 2013/01/14 v3.01 AMS symbols B
)


pdfTeX warning (ext4): destination with the same identifier (name{page.1}) has 
been already used, duplicate ignored
<to be read again> 
                   \relax 
l.51 ... Phase and Frequency}{118}{subsection.4.7}
                                                  % [1]

[2])
\tf@toc=\write5
\openout5 = `main.toc'.



[3] (./file_tex/1.tex

[4{/usr/local/texlive/2025/texmf-dist/fonts/enc/dvips/cm-super/cm-super-ts1.enc
}]
<Image/chap 1/1st_proof.png, id=587, 677.53125pt x 353.32pt>
File: Image/chap 1/1st_proof.png Graphic file (type png)
<use Image/chap 1/1st_proof.png>
Package pdftex.def Info: Image/chap 1/1st_proof.png  used on input line 87.
(pdftex.def)             Requested size: 525.23788pt x 273.91182pt.


[5]
<Image/chap 1/2nd_proof.png, id=593, 550.055pt x 347.2975pt>
File: Image/chap 1/2nd_proof.png Graphic file (type png)
<use Image/chap 1/2nd_proof.png>
Package pdftex.def Info: Image/chap 1/2nd_proof.png  used on input line 96.
(pdftex.def)             Requested size: 525.23788pt x 331.65833pt.


[6 <./Image/chap 1/1st_proof.png> <./Image/chap 1/2nd_proof.png>]
<Image/chap 1/3rd_scheme.png, id=603, 689.57625pt x 338.26375pt>
File: Image/chap 1/3rd_scheme.png Graphic file (type png)
<use Image/chap 1/3rd_scheme.png>
Package pdftex.def Info: Image/chap 1/3rd_scheme.png  used on input line 133.
(pdftex.def)             Requested size: 525.23788pt x 257.65086pt.


[7 <./Image/chap 1/3rd_scheme.png>]
Underfull \hbox (badness 10000) in paragraph at lines 192--193

 []



[8]
<Image/chap 1/5. 4th proof.png, id=616, 655.44875pt x 445.665pt>
File: Image/chap 1/5. 4th proof.png Graphic file (type png)
<use Image/chap 1/5. 4th proof.png>
Package pdftex.def Info: Image/chap 1/5. 4th proof.png  used on input line 221.

(pdftex.def)             Requested size: 262.61894pt x 178.56204pt.


[9 <./Image/chap 1/5. 4th proof.png>]
Overfull \hbox (22.17035pt too wide) detected at line 330
 \OT1/cmr/bx/n/12 R[] \OT1/cmr/m/n/12 = [] = [] = \OT1/cmr/bx/n/12 R[]
 []



[10]
<Image/chap 1/6. Scatter_plot.png, id=627, 466.74374pt x 256.96pt>
File: Image/chap 1/6. Scatter_plot.png Graphic file (type png)
<use Image/chap 1/6. Scatter_plot.png>
Package pdftex.def Info: Image/chap 1/6. Scatter_plot.png  used on input line 4
04.
(pdftex.def)             Requested size: 262.61894pt x 144.58669pt.

Overfull \hbox (19.74911pt too wide) in paragraph at lines 407--408
[]\OT1/cmr/m/n/12 if \OT1/cmr/bx/n/12 X \OT1/cmr/m/n/12 is non-zero mean, we ca
n re-move the mean, and $^^H$ is ob-tained by the EVD of the $[]$
 []



[11 <./Image/chap 1/6. Scatter_plot.png>]
<Image/chap 1/7.Example.png, id=634, 745.78625pt x 401.5pt>
File: Image/chap 1/7.Example.png Graphic file (type png)
<use Image/chap 1/7.Example.png>
Package pdftex.def Info: Image/chap 1/7.Example.png  used on input line 480.
(pdftex.def)             Requested size: 525.23788pt x 282.77571pt.


[12]

[13 <./Image/chap 1/7.Example.png>]

[14]
Underfull \hbox (badness 10000) in paragraph at lines 615--616

 []

<Image/chap 1/8. Block_diag.png, id=653, 647.41875pt x 415.5525pt>
File: Image/chap 1/8. Block_diag.png Graphic file (type png)
<use Image/chap 1/8. Block_diag.png>
Package pdftex.def Info: Image/chap 1/8. Block_diag.png  used on input line 681
.
(pdftex.def)             Requested size: 393.9284pt x 252.84622pt.


[15]
<Image/chap 1/9. Block_diag_MWI.png, id=658, 704.6325pt x 473.77pt>
File: Image/chap 1/9. Block_diag_MWI.png Graphic file (type png)
<use Image/chap 1/9. Block_diag_MWI.png>
Package pdftex.def Info: Image/chap 1/9. Block_diag_MWI.png  used on input line
 686.
(pdftex.def)             Requested size: 393.9284pt x 264.86118pt.

Overfull \hbox (9.80855pt too wide) in paragraph at lines 683--687
[]\OT1/cmr/m/n/12 Alternative ap-proach: \OT1/cmr/bx/n/12 cor-re-la-tor \OT1/cm
r/m/n/12 struc-ture that uses an ana-log \OT1/cmr/bx/n/12 mov-ing win-dow in-te
-gra-tor(MWI) 
 []



[16 <./Image/chap 1/8. Block_diag.png> <./Image/chap 1/9. Block_diag_MWI.png>]

[17]
<Image/chap 1/10. PSD.png, id=671, 347.2975pt x 294.09875pt>
File: Image/chap 1/10. PSD.png Graphic file (type png)
<use Image/chap 1/10. PSD.png>
Package pdftex.def Info: Image/chap 1/10. PSD.png  used on input line 822.
(pdftex.def)             Requested size: 262.61894pt x 222.39995pt.

Overfull \hbox (22.78658pt too wide) in paragraph at lines 834--836
[]\OT1/cmr/m/n/12 This is pos-si-ble if we know a \OT1/cmr/m/it/12 a pri-ori \O
T1/cmr/m/n/12 the sig-nal fre-quency $\OML/cmm/m/it/12 F[]$\OT1/cmr/m/n/12 (rem
ember that $[]$ 
 []



[18 <./Image/chap 1/10. PSD.png>]) (./file_tex/2.tex
<Image/chap 1/4.example.png, id=679, 441.65pt x 355.3275pt>
File: Image/chap 1/4.example.png Graphic file (type png)
<use Image/chap 1/4.example.png>
Package pdftex.def Info: Image/chap 1/4.example.png  used on input line 18.
(pdftex.def)             Requested size: 262.61894pt x 211.29506pt.


[19

 <./Image/chap 1/4.example.png>]

[20]

[21]

[22]

[23]

[24]

[25]
<Image/pdf 2/1.IIR .png, id=720, 303.1325pt x 90.3375pt>
File: Image/pdf 2/1.IIR .png Graphic file (type png)
<use Image/pdf 2/1.IIR .png>
Package pdftex.def Info: Image/pdf 2/1.IIR .png  used on input line 410.
(pdftex.def)             Requested size: 262.61894pt x 78.26491pt.
<Image/pdf 2/2.Example.png, id=721, 525.965pt x 244.915pt>
File: Image/pdf 2/2.Example.png Graphic file (type png)
<use Image/pdf 2/2.Example.png>
Package pdftex.def Info: Image/pdf 2/2.Example.png  used on input line 433.
(pdftex.def)             Requested size: 393.9284pt x 183.43913pt.

Underfull \hbox (badness 10000) in paragraph at lines 448--450

 []



[26 <./Image/pdf 2/1.IIR .png> <./Image/pdf 2/2.Example.png>]
<Image/pdf 2/3.ACF_PSD.png, id=730, 348.30125pt x 324.21124pt>
File: Image/pdf 2/3.ACF_PSD.png Graphic file (type png)
<use Image/pdf 2/3.ACF_PSD.png>
Package pdftex.def Info: Image/pdf 2/3.ACF_PSD.png  used on input line 490.
(pdftex.def)             Requested size: 183.83646pt x 171.11876pt.


[27 <./Image/pdf 2/3.ACF_PSD.png>]

[28]
Underfull \hbox (badness 10000) in paragraph at lines 581--583

 []



[29]
<Image/pdf 2/4.ROC.png, id=747, 715.67375pt x 321.2pt>
File: Image/pdf 2/4.ROC.png Graphic file (type png)
<use Image/pdf 2/4.ROC.png>
Package pdftex.def Info: Image/pdf 2/4.ROC.png  used on input line 663.
(pdftex.def)             Requested size: 393.9284pt x 176.79778pt.


[30 <./Image/pdf 2/4.ROC.png>]

[31]
<Image/pdf 2/5.pole_zero.png, id=759, 783.92876pt x 485.815pt>
File: Image/pdf 2/5.pole_zero.png Graphic file (type png)
<use Image/pdf 2/5.pole_zero.png>
Package pdftex.def Info: Image/pdf 2/5.pole_zero.png  used on input line 735.
(pdftex.def)             Requested size: 393.9284pt x 244.13004pt.

Underfull \hbox (badness 10000) in paragraph at lines 762--764

 []



[32 <./Image/pdf 2/5.pole_zero.png>]

[33]

[34]
<Image/pdf 2/6.Lag_rho.png, id=774, 665.48625pt x 309.155pt>
File: Image/pdf 2/6.Lag_rho.png Graphic file (type png)
<use Image/pdf 2/6.Lag_rho.png>
Package pdftex.def Info: Image/pdf 2/6.Lag_rho.png  used on input line 915.
(pdftex.def)             Requested size: 393.9284pt x 183.00368pt.
<Image/pdf 2/7.LP_HP.png, id=775, 734.745pt x 364.36125pt>
File: Image/pdf 2/7.LP_HP.png Graphic file (type png)
<use Image/pdf 2/7.LP_HP.png>
Package pdftex.def Info: Image/pdf 2/7.LP_HP.png  used on input line 923.
(pdftex.def)             Requested size: 393.9284pt x 195.35109pt.


[35 <./Image/pdf 2/6.Lag_rho.png>]
<Image/pdf 2/8.Bandwidth.png, id=782, 725.71124pt x 323.2075pt>
File: Image/pdf 2/8.Bandwidth.png Graphic file (type png)
<use Image/pdf 2/8.Bandwidth.png>
Package pdftex.def Info: Image/pdf 2/8.Bandwidth.png  used on input line 930.
(pdftex.def)             Requested size: 393.9284pt x 175.44675pt.


[36 <./Image/pdf 2/7.LP_HP.png> <./Image/pdf 2/8.Bandwidth.png>]
<Image/pdf 2/9.One_lag.png, id=792, 682.55pt x 290.08376pt>
File: Image/pdf 2/9.One_lag.png Graphic file (type png)
<use Image/pdf 2/9.One_lag.png>
Package pdftex.def Info: Image/pdf 2/9.One_lag.png  used on input line 970.
(pdftex.def)             Requested size: 393.9284pt x 167.42096pt.
<Image/pdf 2/10.ACF_dur.png, id=793, 687.56876pt x 299.1175pt>
File: Image/pdf 2/10.ACF_dur.png Graphic file (type png)
<use Image/pdf 2/10.ACF_dur.png>
Package pdftex.def Info: Image/pdf 2/10.ACF_dur.png  used on input line 976.
(pdftex.def)             Requested size: 393.9284pt x 171.37048pt.
<Image/pdf 2/11.LTI_system.png, id=794, 566.115pt x 155.58125pt>
File: Image/pdf 2/11.LTI_system.png Graphic file (type png)
<use Image/pdf 2/11.LTI_system.png>
Package pdftex.def Info: Image/pdf 2/11.LTI_system.png  used on input line 983.

(pdftex.def)             Requested size: 393.9284pt x 108.26277pt.


[37 <./Image/pdf 2/9.One_lag.png> <./Image/pdf 2/10.ACF_dur.png> <./Image/pdf 2
/11.LTI_system.png>]

[38]

[39]) (./file_tex/3.tex
<Image/pdf 3/1.Estimation_problem.png, id=814, 618.31pt x 453.695pt>
File: Image/pdf 3/1.Estimation_problem.png Graphic file (type png)
<use Image/pdf 3/1.Estimation_problem.png>
Package pdftex.def Info: Image/pdf 3/1.Estimation_problem.png  used on input li
ne 45.
(pdftex.def)             Requested size: 393.9284pt x 289.06232pt.


[40

]

[41 <./Image/pdf 3/1.Estimation_problem.png>]

[42]
Overfull \hbox (3.43718pt too wide) in paragraph at lines 144--145
[]$[]$ \OT1/cmr/m/n/12 The re-verse is not
 []



[43]

[44]
<Image/pdf 3/2.Prob_Event.png, id=838, 722.7pt x 444.66125pt>
File: Image/pdf 3/2.Prob_Event.png Graphic file (type png)
<use Image/pdf 3/2.Prob_Event.png>
Package pdftex.def Info: Image/pdf 3/2.Prob_Event.png  used on input line 284.
(pdftex.def)             Requested size: 393.9284pt x 242.3729pt.
<Image/pdf 3/3.prob_event_2.png, id=839, 697.60625pt x 418.56375pt>
File: Image/pdf 3/3.prob_event_2.png Graphic file (type png)
<use Image/pdf 3/3.prob_event_2.png>
Package pdftex.def Info: Image/pdf 3/3.prob_event_2.png  used on input line 289
.
(pdftex.def)             Requested size: 393.9284pt x 236.35483pt.


[45]

[46 <./Image/pdf 3/2.Prob_Event.png> <./Image/pdf 3/3.prob_event_2.png>]
<Image/pdf 3/4.graph.png, id=852, 315.1775pt x 332.24126pt>
File: Image/pdf 3/4.graph.png Graphic file (type png)
<use Image/pdf 3/4.graph.png>
Package pdftex.def Info: Image/pdf 3/4.graph.png  used on input line 354.
(pdftex.def)             Requested size: 262.61894pt x 276.85013pt.


[47 <./Image/pdf 3/4.graph.png>]
<Image/pdf 3/5. Gaussian.png, id=859, 548.0475pt x 418.56375pt>
File: Image/pdf 3/5. Gaussian.png Graphic file (type png)
<use Image/pdf 3/5. Gaussian.png>
Package pdftex.def Info: Image/pdf 3/5. Gaussian.png  used on input line 390.
(pdftex.def)             Requested size: 288.88243pt x 220.63062pt.


[48 <./Image/pdf 3/5. Gaussian.png>]
<Image/pdf 3/6.Gaussian 2 .png, id=867, 561.09625pt x 311.1625pt>
File: Image/pdf 3/6.Gaussian 2 .png Graphic file (type png)
<use Image/pdf 3/6.Gaussian 2 .png>
Package pdftex.def Info: Image/pdf 3/6.Gaussian 2 .png  used on input line 411.

(pdftex.def)             Requested size: 393.9284pt x 218.45798pt.


[49 <./Image/pdf 3/6.Gaussian 2 .png>]
<Image/pdf 3/7.Ex_1.png, id=874, 725.71124pt x 411.5375pt>
File: Image/pdf 3/7.Ex_1.png Graphic file (type png)
<use Image/pdf 3/7.Ex_1.png>
Package pdftex.def Info: Image/pdf 3/7.Ex_1.png  used on input line 452.
(pdftex.def)             Requested size: 315.14594pt x 178.71594pt.
<Image/pdf 3/8.Ex_2.png, id=875, 683.55376pt x 399.4925pt>
File: Image/pdf 3/8.Ex_2.png Graphic file (type png)
<use Image/pdf 3/8.Ex_2.png>
Package pdftex.def Info: Image/pdf 3/8.Ex_2.png  used on input line 457.
(pdftex.def)             Requested size: 315.14594pt x 184.18329pt.

Overfull \hbox (781.93106pt too wide) detected at line 472
[][] \OT1/cmr/m/n/12 :
 []



[50 <./Image/pdf 3/7.Ex_1.png> <./Image/pdf 3/8.Ex_2.png>]
LaTeX Font Info:    Trying to load font information for OMS+cmr on input line 4
77.

(/usr/local/texlive/2025/texmf-dist/tex/latex/base/omscmr.fd
File: omscmr.fd 2024/11/19 v2.5n Standard LaTeX font definitions
)
LaTeX Font Info:    Font shape `OMS/cmr/m/n' in size <12> not available
(Font)              Font shape `OMS/cmsy/m/n' tried instead on input line 477.
<Image/pdf 3/9.Ex_3.png, id=884, 636.3775pt x 454.69875pt>
File: Image/pdf 3/9.Ex_3.png Graphic file (type png)
<use Image/pdf 3/9.Ex_3.png>
Package pdftex.def Info: Image/pdf 3/9.Ex_3.png  used on input line 528.
(pdftex.def)             Requested size: 288.88243pt x 206.40952pt.


[51 <./Image/pdf 3/9.Ex_3.png>]
Overfull \hbox (19.14389pt too wide) detected at line 582
\OT1/cmr/m/n/12 = \OML/cmm/m/it/12 E [] \OT1/cmr/m/n/12 = []\OML/cmm/m/it/12 E 
[] \OT1/cmr/m/n/12 = []\OML/cmm/m/it/12 E []
 []



[52]
<Image/pdf 3/10.Stat_VS_Sample.png, id=895, 530.98375pt x 425.59pt>
File: Image/pdf 3/10.Stat_VS_Sample.png Graphic file (type png)
<use Image/pdf 3/10.Stat_VS_Sample.png>
Package pdftex.def Info: Image/pdf 3/10.Stat_VS_Sample.png  used on input line 
641.
(pdftex.def)             Requested size: 288.88243pt x 231.54256pt.


[53 <./Image/pdf 3/10.Stat_VS_Sample.png>]
<Image/pdf 3/11.Ex_for_K=3.png, id=902, 584.1825pt x 463.7325pt>
File: Image/pdf 3/11.Ex_for_K=3.png Graphic file (type png)
<use Image/pdf 3/11.Ex_for_K=3.png>
Package pdftex.def Info: Image/pdf 3/11.Ex_for_K=3.png  used on input line 673.

(pdftex.def)             Requested size: 288.88243pt x 229.3254pt.


[54 <./Image/pdf 3/11.Ex_for_K=3.png>]

[55]

[56]

[57]

[58]
Overfull \hbox (6.58963pt too wide) in paragraph at lines 970--973
[]\OT1/cmr/m/n/12 Given the data size $\OML/cmm/m/it/12 N$\OT1/cmr/m/n/12 , the
 MSE is larger for higher-order mo-ments. In other word, $[]$ 
 []



[59]

[60]
<Image/pdf 3/12.Comp_three.png, id=936, 559.08875pt x 436.63126pt>
File: Image/pdf 3/12.Comp_three.png Graphic file (type png)
<use Image/pdf 3/12.Comp_three.png>
Package pdftex.def Info: Image/pdf 3/12.Comp_three.png  used on input line 1071
.
(pdftex.def)             Requested size: 315.14594pt x 246.12415pt.
<Image/pdf 3/13.Comp_three_2.0.png, id=937, 577.15625pt x 424.58624pt>
File: Image/pdf 3/13.Comp_three_2.0.png Graphic file (type png)
<use Image/pdf 3/13.Comp_three_2.0.png>
Package pdftex.def Info: Image/pdf 3/13.Comp_three_2.0.png  used on input line 
1076.
(pdftex.def)             Requested size: 315.14594pt x 231.84518pt.


[61]
<Image/pdf 3/14.Comp_three_3.0.png, id=942, 662.475pt x 408.52625pt>
File: Image/pdf 3/14.Comp_three_3.0.png Graphic file (type png)
<use Image/pdf 3/14.Comp_three_3.0.png>
Package pdftex.def Info: Image/pdf 3/14.Comp_three_3.0.png  used on input line 
1081.
(pdftex.def)             Requested size: 315.14594pt x 194.33873pt.
<Image/pdf 3/15.Comp_three_4.0.png, id=943, 589.20125pt x 465.74pt>
File: Image/pdf 3/15.Comp_three_4.0.png Graphic file (type png)
<use Image/pdf 3/15.Comp_three_4.0.png>
Package pdftex.def Info: Image/pdf 3/15.Comp_three_4.0.png  used on input line 
1086.
(pdftex.def)             Requested size: 315.14594pt x 249.11514pt.


[62 <./Image/pdf 3/14.Comp_three_3.0.png> <./Image/pdf 3/12.Comp_three.png> <./
Image/pdf 3/13.Comp_three_2.0.png>]
<Image/pdf 3/16.Sample_estimates.png, id=954, 538.01pt x 458.71375pt>
File: Image/pdf 3/16.Sample_estimates.png Graphic file (type png)
<use Image/pdf 3/16.Sample_estimates.png>
Package pdftex.def Info: Image/pdf 3/16.Sample_estimates.png  used on input lin
e 1120.
(pdftex.def)             Requested size: 288.88243pt x 246.30185pt.
<Image/pdf 3/17.Sample_estimates_2.0.png, id=955, 517.935pt x 444.66125pt>
File: Image/pdf 3/17.Sample_estimates_2.0.png Graphic file (type png)
<use Image/pdf 3/17.Sample_estimates_2.0.png>
Package pdftex.def Info: Image/pdf 3/17.Sample_estimates_2.0.png  used on input
 line 1125.
(pdftex.def)             Requested size: 315.14594pt x 270.57124pt.


[63 <./Image/pdf 3/15.Comp_three_4.0.png> <./Image/pdf 3/16.Sample_estimates.pn
g>]
<Image/pdf 3/18.sample_estimates_corr.png, id=964, 547.04375pt x 432.61626pt>
File: Image/pdf 3/18.sample_estimates_corr.png Graphic file (type png)
<use Image/pdf 3/18.sample_estimates_corr.png>
Package pdftex.def Info: Image/pdf 3/18.sample_estimates_corr.png  used on inpu
t line 1135.
(pdftex.def)             Requested size: 315.14594pt x 249.2277pt.
<Image/pdf 3/19.Sample_estimates_Corr_2.0.png, id=965, 635.37375pt x 451.6875pt
>
File: Image/pdf 3/19.Sample_estimates_Corr_2.0.png Graphic file (type png)
<use Image/pdf 3/19.Sample_estimates_Corr_2.0.png>
Package pdftex.def Info: Image/pdf 3/19.Sample_estimates_Corr_2.0.png  used on 
input line 1141.
(pdftex.def)             Requested size: 315.14594pt x 224.04433pt.


[64 <./Image/pdf 3/17.Sample_estimates_2.0.png> <./Image/pdf 3/18.sample_estima
tes_corr.png>]

[65 <./Image/pdf 3/19.Sample_estimates_Corr_2.0.png>]

[66]

[67]
Overfull \hbox (53.65315pt too wide) in paragraph at lines 1311--1312
[]\OT1/cmr/bx/n/12 Estimate of the Au-to-cor-re-la-tion func-tion(ACF)\OT1/cmr/
m/n/12 , given $\OML/cmm/m/it/12 N$ \OT1/cmr/m/n/12 sam-ples of the pro-cess: $
\OMS/cmsy/m/n/12 f\OML/cmm/m/it/12 x\OT1/cmr/m/n/12 [0]\OML/cmm/m/it/12 ; x\OT1
/cmr/m/n/12 [1]\OML/cmm/m/it/12 ; []  ; x\OT1/cmr/m/n/12 [\OML/cmm/m/it/12 N \O
MS/cmsy/m/n/12 ^^@
 []


Overfull \hbox (13.63304pt too wide) in paragraph at lines 1328--1329
[]\OT1/cmr/m/n/12 This es-ti-ma-tor is called the \OT1/cmr/bx/n/12 un-bi-ased S
am-ple ACF\OT1/cmr/m/n/12 , since it is un-bi-ased for lags $\OML/cmm/m/it/12 m
 \OT1/cmr/m/n/12 = 0\OML/cmm/m/it/12 ; \OT1/cmr/m/n/12 1\OML/cmm/m/it/12 ; \OT1
/cmr/m/n/12 2\OML/cmm/m/it/12 ; []  ; N \OMS/cmsy/m/n/12 ^^@
 []



[68]
<Image/pdf 3/20.Estimate_of_the ACF_markov_Process.png, id=994, 718.685pt x 425
.59pt>
File: Image/pdf 3/20.Estimate_of_the ACF_markov_Process.png Graphic file (type 
png)
<use Image/pdf 3/20.Estimate_of_the ACF_markov_Process.png>
Package pdftex.def Info: Image/pdf 3/20.Estimate_of_the ACF_markov_Process.png 
 used on input line 1382.
(pdftex.def)             Requested size: 315.14594pt x 186.62376pt.
<Image/pdf 3/21.estimate_2.0.png, id=995, 689.57625pt x 310.15875pt>
File: Image/pdf 3/21.estimate_2.0.png Graphic file (type png)
<use Image/pdf 3/21.estimate_2.0.png>
Package pdftex.def Info: Image/pdf 3/21.estimate_2.0.png  used on input line 13
88.
(pdftex.def)             Requested size: 315.14594pt x 141.74715pt.
<Image/pdf 3/22.3.0.png, id=996, 698.61pt x 427.5975pt>
File: Image/pdf 3/22.3.0.png Graphic file (type png)
<use Image/pdf 3/22.3.0.png>
Package pdftex.def Info: Image/pdf 3/22.3.0.png  used on input line 1393.
(pdftex.def)             Requested size: 315.14594pt x 192.89339pt.


[69 <./Image/pdf 3/20.Estimate_of_the ACF_markov_Process.png>]
<Image/pdf 3/23.4.0.png, id=1003, 689.57625pt x 289.08pt>
File: Image/pdf 3/23.4.0.png Graphic file (type png)
<use Image/pdf 3/23.4.0.png>
Package pdftex.def Info: Image/pdf 3/23.4.0.png  used on input line 1398.
(pdftex.def)             Requested size: 315.14594pt x 132.11385pt.


[70 <./Image/pdf 3/21.estimate_2.0.png> <./Image/pdf 3/22.3.0.png> <./Image/pdf
 3/23.4.0.png>]) (./file_tex/4.0.tex

[71

]
Overfull \hbox (9.27324pt too wide) in paragraph at lines 81--82
[]\OT1/cmr/m/n/12 Since $[]$, we should
 []



[72]

[73]
<Image/pdf 4/1.EXAMPLE_1.png, id=1028, 734.745pt x 314.17375pt>
File: Image/pdf 4/1.EXAMPLE_1.png Graphic file (type png)
<use Image/pdf 4/1.EXAMPLE_1.png>
Package pdftex.def Info: Image/pdf 4/1.EXAMPLE_1.png  used on input line 192.
(pdftex.def)             Requested size: 393.9284pt x 168.44322pt.


[74 <./Image/pdf 4/1.EXAMPLE_1.png>]
<Image/pdf 4/2.Example_2.png, id=1035, 508.90125pt x 434.62375pt>
File: Image/pdf 4/2.Example_2.png Graphic file (type png)
<use Image/pdf 4/2.Example_2.png>
Package pdftex.def Info: Image/pdf 4/2.Example_2.png  used on input line 237.
(pdftex.def)             Requested size: 393.9284pt x 336.44527pt.


[75 <./Image/pdf 4/2.Example_2.png>]
Underfull \hbox (badness 10000) in paragraph at lines 329--330

 []



[76]
<Image/pdf 4/3.Graph.png, id=1046, 519.9425pt x 440.64626pt>
File: Image/pdf 4/3.Graph.png Graphic file (type png)
<use Image/pdf 4/3.Graph.png>
Package pdftex.def Info: Image/pdf 4/3.Graph.png  used on input line 399.
(pdftex.def)             Requested size: 393.9284pt x 333.85245pt.


[77]
<Image/pdf 4/4.Histogram.png, id=1051, 398.48875pt x 326.21875pt>
File: Image/pdf 4/4.Histogram.png Graphic file (type png)
<use Image/pdf 4/4.Histogram.png>
Package pdftex.def Info: Image/pdf 4/4.Histogram.png  used on input line 411.
(pdftex.def)             Requested size: 393.9284pt x 322.4996pt.


[78 <./Image/pdf 4/3.Graph.png>]

[79 <./Image/pdf 4/4.Histogram.png>]

[80]

[81]

[82]
<Image/pdf 4/5.Example 1.png, id=1079, 376.40625pt x 288.07625pt>
File: Image/pdf 4/5.Example 1.png Graphic file (type png)
<use Image/pdf 4/5.Example 1.png>
Package pdftex.def Info: Image/pdf 4/5.Example 1.png  used on input line 634.
(pdftex.def)             Requested size: 262.61894pt x 201.00581pt.


[83 <./Image/pdf 4/5.Example 1.png>]
<Image/pdf 4/6.Example 2.png, id=1086, 610.28pt x 185.69376pt>
File: Image/pdf 4/6.Example 2.png Graphic file (type png)
<use Image/pdf 4/6.Example 2.png>
Package pdftex.def Info: Image/pdf 4/6.Example 2.png  used on input line 680.
(pdftex.def)             Requested size: 393.9284pt x 119.86647pt.


[84 <./Image/pdf 4/6.Example 2.png>]
<Image/pdf 4/7.Graph.png, id=1094, 503.8825pt x 393.47pt>
File: Image/pdf 4/7.Graph.png Graphic file (type png)
<use Image/pdf 4/7.Graph.png>
Package pdftex.def Info: Image/pdf 4/7.Graph.png  used on input line 814.
(pdftex.def)             Requested size: 262.61894pt x 205.07387pt.


[85]

[86 <./Image/pdf 4/7.Graph.png>]
<Image/pdf 4/8.Graph 2 .png, id=1105, 536.0025pt x 446.66875pt>
File: Image/pdf 4/8.Graph 2 .png Graphic file (type png)
<use Image/pdf 4/8.Graph 2 .png>
Package pdftex.def Info: Image/pdf 4/8.Graph 2 .png  used on input line 863.
(pdftex.def)             Requested size: 262.61894pt x 218.84915pt.


Package amsmath Warning: Foreign command \atopwithdelims;
(amsmath)                \frac or \genfrac should be used instead
(amsmath)                 on input line 879.



[87 <./Image/pdf 4/8.Graph 2 .png>]

[88]

[89]

[90]

[91]

[92]
<Image/pdf 4/9.Graph 3.png, id=1134, 533.995pt x 434.62375pt>
File: Image/pdf 4/9.Graph 3.png Graphic file (type png)
<use Image/pdf 4/9.Graph 3.png>
Package pdftex.def Info: Image/pdf 4/9.Graph 3.png  used on input line 1309.
(pdftex.def)             Requested size: 288.88243pt x 235.13103pt.


[93]
<Image/pdf 4/10.Anti-aliasing_filter.png, id=1139, 567.11874pt x 153.57375pt>
File: Image/pdf 4/10.Anti-aliasing_filter.png Graphic file (type png)
<use Image/pdf 4/10.Anti-aliasing_filter.png>
Package pdftex.def Info: Image/pdf 4/10.Anti-aliasing_filter.png  used on input
 line 1330.
(pdftex.def)             Requested size: 315.14594pt x 85.34222pt.


[94 <./Image/pdf 4/9.Graph 3.png> <./Image/pdf 4/10.Anti-aliasing_filter.png>]
<Image/pdf 4/11.More_SNR.png, id=1148, 642.4pt x 401.5pt>
File: Image/pdf 4/11.More_SNR.png Graphic file (type png)
<use Image/pdf 4/11.More_SNR.png>
Package pdftex.def Info: Image/pdf 4/11.More_SNR.png  used on input line 1349.
(pdftex.def)             Requested size: 315.14594pt x 196.96951pt.
<Image/pdf 4/12.SNR_example.png, id=1149, 710.655pt x 453.695pt>
File: Image/pdf 4/12.SNR_example.png Graphic file (type png)
<use Image/pdf 4/12.SNR_example.png>
Package pdftex.def Info: Image/pdf 4/12.SNR_example.png  used on input line 135
4.
(pdftex.def)             Requested size: 315.14594pt x 201.19789pt.


[95 <./Image/pdf 4/11.More_SNR.png> <./Image/pdf 4/12.SNR_example.png>]
Overfull \hbox (24.14774pt too wide) detected at line 1438
\OML/cmm/m/it/12 f[]\OT1/cmr/m/n/12 (\OT1/cmr/bx/n/12 x\OT1/cmr/m/n/12 ; \OML/c
mm/m/it/12 A\OT1/cmr/m/n/12 ) = [] \OML/cmm/m/it/12 f[]\OT1/cmr/m/n/12 (\OML/cm
m/m/it/12 x[]\OT1/cmr/m/n/12 ; \OML/cmm/m/it/12 A\OT1/cmr/m/n/12 ) = [] [] [] [
] = (\OML/cmm/m/it/12 ^^YN[]\OT1/cmr/m/n/12 )[] [] []
 []


Overfull \hbox (86.88362pt too wide) detected at line 1450
[] \OT1/cmr/m/n/12 = [] [] \OML/cmm/m/it/12 s[] [] \OT1/cmr/m/n/12 = [] [] = []
 [] = [] []
 []



[96]
<Image/pdf 4/13.Matched_FIlter.png, id=1163, 731.73375pt x 172.645pt>
File: Image/pdf 4/13.Matched_FIlter.png Graphic file (type png)
<use Image/pdf 4/13.Matched_FIlter.png>
Package pdftex.def Info: Image/pdf 4/13.Matched_FIlter.png  used on input line 
1469.
(pdftex.def)             Requested size: 393.9284pt x 92.94238pt.
<Image/pdf 4/14.MWI.png, id=1164, 521.95pt x 171.64125pt>
File: Image/pdf 4/14.MWI.png Graphic file (type png)
<use Image/pdf 4/14.MWI.png>
Package pdftex.def Info: Image/pdf 4/14.MWI.png  used on input line 1501.
(pdftex.def)             Requested size: 393.9284pt x 129.5425pt.


[97 <./Image/pdf 4/13.Matched_FIlter.png>]
<Image/pdf 4/15.h(t).png, id=1171, 495.8525pt x 179.67125pt>
File: Image/pdf 4/15.h(t).png Graphic file (type png)
<use Image/pdf 4/15.h(t).png>
Package pdftex.def Info: Image/pdf 4/15.h(t).png  used on input line 1528.
(pdftex.def)             Requested size: 315.14594pt x 114.19414pt.

Overfull \hbox (0.50388pt too wide) in paragraph at lines 1534--1536
[]\OT1/cmr/m/n/12 This tells us that $[]$ 
 []



[98 <./Image/pdf 4/14.MWI.png> <./Image/pdf 4/15.h(t).png>]
<Image/pdf 4/16.geometric_rep.png, id=1180, 621.32124pt x 227.85126pt>
File: Image/pdf 4/16.geometric_rep.png Graphic file (type png)
<use Image/pdf 4/16.geometric_rep.png>
Package pdftex.def Info: Image/pdf 4/16.geometric_rep.png  used on input line 1
562.
(pdftex.def)             Requested size: 393.9284pt x 144.46143pt.


[99 <./Image/pdf 4/16.geometric_rep.png>]
<Image/pdf 4/17.Remind_filt.png, id=1187, 508.90125pt x 184.69pt>
File: Image/pdf 4/17.Remind_filt.png Graphic file (type png)
<use Image/pdf 4/17.Remind_filt.png>
Package pdftex.def Info: Image/pdf 4/17.Remind_filt.png  used on input line 164
3.
(pdftex.def)             Requested size: 393.9284pt x 142.9698pt.
<Image/pdf 4/18.Example_Filter.png, id=1188, 735.74875pt x 450.68375pt>
File: Image/pdf 4/18.Example_Filter.png Graphic file (type png)
<use Image/pdf 4/18.Example_Filter.png>
Package pdftex.def Info: Image/pdf 4/18.Example_Filter.png  used on input line 
1661.
(pdftex.def)             Requested size: 393.9284pt x 241.3094pt.
<Image/pdf 4/19.Output_matched.png, id=1189, 688.5725pt x 422.57875pt>
File: Image/pdf 4/19.Output_matched.png Graphic file (type png)
<use Image/pdf 4/19.Output_matched.png>
Package pdftex.def Info: Image/pdf 4/19.Output_matched.png  used on input line 
1666.
(pdftex.def)             Requested size: 367.6649pt x 225.6357pt.


[100 <./Image/pdf 4/17.Remind_filt.png>]
<Image/pdf 4/20.Other_example.png, id=1196, 643.40375pt x 415.5525pt>
File: Image/pdf 4/20.Other_example.png Graphic file (type png)
<use Image/pdf 4/20.Other_example.png>
Package pdftex.def Info: Image/pdf 4/20.Other_example.png  used on input line 1
671.
(pdftex.def)             Requested size: 367.6649pt x 237.46976pt.
<Image/pdf 4/21.Matched_more_SNR.png, id=1197, 675.52374pt x 418.56375pt>
File: Image/pdf 4/21.Matched_more_SNR.png Graphic file (type png)
<use Image/pdf 4/21.Matched_more_SNR.png>
Package pdftex.def Info: Image/pdf 4/21.Matched_more_SNR.png  used on input lin
e 1676.
(pdftex.def)             Requested size: 367.6649pt x 227.81572pt.
<Image/pdf 4/22.Estime_TOA.png, id=1198, 690.58pt x 399.4925pt>
File: Image/pdf 4/22.Estime_TOA.png Graphic file (type png)
<use Image/pdf 4/22.Estime_TOA.png>
Package pdftex.def Info: Image/pdf 4/22.Estime_TOA.png  used on input line 1683
.
(pdftex.def)             Requested size: 367.6649pt x 212.69313pt.


[101 <./Image/pdf 4/18.Example_Filter.png> <./Image/pdf 4/19.Output_matched.png
> <./Image/pdf 4/20.Other_example.png>]
Overfull \hbox (28.59329pt too wide) in paragraph at lines 1690--1691
\OT1/cmr/m/n/12 fre-quency $\OML/cmm/m/it/12 f[]$ \OT1/cmr/m/n/12 is per-fectly
 known and $[]$.
 []



[102 <./Image/pdf 4/21.Matched_more_SNR.png> <./Image/pdf 4/22.Estime_TOA.png>]
<Image/pdf 4/23.Cos_spectrum.png, id=1218, 679.53876pt x 282.05376pt>
File: Image/pdf 4/23.Cos_spectrum.png Graphic file (type png)
<use Image/pdf 4/23.Cos_spectrum.png>
Package pdftex.def Info: Image/pdf 4/23.Cos_spectrum.png  used on input line 17
33.
(pdftex.def)             Requested size: 393.9284pt x 163.5052pt.


[103 <./Image/pdf 4/23.Cos_spectrum.png>]
File: Image/pdf 4/10.Anti-aliasing_filter.png Graphic file (type png)
<use Image/pdf 4/10.Anti-aliasing_filter.png>
Package pdftex.def Info: Image/pdf 4/10.Anti-aliasing_filter.png  used on input
 line 1783.
(pdftex.def)             Requested size: 393.9284pt x 106.67836pt.


[104]
Overfull \hbox (30.68784pt too wide) detected at line 1945
[] \OT1/cmr/m/n/12 = [] [] = \OMS/cmsy/m/n/12 ^^@[] [] \OML/cmm/m/it/12 x[] []\
OT1/cmr/m/n/12 (2\OML/cmm/m/it/12 ^^YF[]i \OT1/cmr/m/n/12 + \OML/cmm/m/it/12 ^^
R\OT1/cmr/m/n/12 ) = 0
 []



[105]
<Image/pdf 4/24.Rapp_geom.png, id=1234, 224.84pt x 155.58125pt>
File: Image/pdf 4/24.Rapp_geom.png Graphic file (type png)
<use Image/pdf 4/24.Rapp_geom.png>
Package pdftex.def Info: Image/pdf 4/24.Rapp_geom.png  used on input line 2020.

(pdftex.def)             Requested size: 393.9284pt x 272.61546pt.


[106]

[107 <./Image/pdf 4/24.Rapp_geom.png>]
<Image/pdf 4/25.Rapp_2.png, id=1245, 555.07375pt x 345.29pt>
File: Image/pdf 4/25.Rapp_2.png Graphic file (type png)
<use Image/pdf 4/25.Rapp_2.png>
Package pdftex.def Info: Image/pdf 4/25.Rapp_2.png  used on input line 2111.
(pdftex.def)             Requested size: 393.9284pt x 245.04695pt.


[108]
<Image/pdf 4/26.Block_diag_1.png, id=1251, 511.9125pt x 319.1925pt>
File: Image/pdf 4/26.Block_diag_1.png Graphic file (type png)
<use Image/pdf 4/26.Block_diag_1.png>
Package pdftex.def Info: Image/pdf 4/26.Block_diag_1.png  used on input line 21
39.
(pdftex.def)             Requested size: 315.14594pt x 196.50433pt.


[109 <./Image/pdf 4/25.Rapp_2.png>]
<Image/pdf 4/27.Block_diag_2.png, id=1258, 482.80376pt x 312.16624pt>
File: Image/pdf 4/27.Block_diag_2.png Graphic file (type png)
<use Image/pdf 4/27.Block_diag_2.png>
Package pdftex.def Info: Image/pdf 4/27.Block_diag_2.png  used on input line 21
45.
(pdftex.def)             Requested size: 315.14594pt x 203.77257pt.


[110 <./Image/pdf 4/26.Block_diag_1.png> <./Image/pdf 4/27.Block_diag_2.png>]

[111]
<Image/pdf 4/28.Rice_distribution.png, id=1271, 457.71pt x 333.245pt>
File: Image/pdf 4/28.Rice_distribution.png Graphic file (type png)
<use Image/pdf 4/28.Rice_distribution.png>
Package pdftex.def Info: Image/pdf 4/28.Rice_distribution.png  used on input li
ne 2294.
(pdftex.def)             Requested size: 315.14594pt x 229.45622pt.


[112]
<Image/pdf 4/29.Rice_2.png, id=1276, 426.59375pt x 322.20375pt>
File: Image/pdf 4/29.Rice_2.png Graphic file (type png)
<use Image/pdf 4/29.Rice_2.png>
Package pdftex.def Info: Image/pdf 4/29.Rice_2.png  used on input line 2299.
(pdftex.def)             Requested size: 315.14594pt x 238.04355pt.


[113 <./Image/pdf 4/28.Rice_distribution.png> <./Image/pdf 4/29.Rice_2.png>]

[114]
<Image/pdf 4/30.SNR_vs_MSE_1.png, id=1290, 560.0925pt x 471.7625pt>
File: Image/pdf 4/30.SNR_vs_MSE_1.png Graphic file (type png)
<use Image/pdf 4/30.SNR_vs_MSE_1.png>
Package pdftex.def Info: Image/pdf 4/30.SNR_vs_MSE_1.png  used on input line 24
85.
(pdftex.def)             Requested size: 288.88243pt x 243.33112pt.
<Image/pdf 4/31.SNR_vs_MSE_2.png, id=1291, 558.085pt x 461.725pt>
File: Image/pdf 4/31.SNR_vs_MSE_2.png Graphic file (type png)
<use Image/pdf 4/31.SNR_vs_MSE_2.png>
Package pdftex.def Info: Image/pdf 4/31.SNR_vs_MSE_2.png  used on input line 24
90.
(pdftex.def)             Requested size: 288.88243pt x 239.00635pt.


[115 <./Image/pdf 4/30.SNR_vs_MSE_1.png>]
<Image/pdf 4/32.ML_estimate_1.png, id=1299, 560.0925pt x 451.6875pt>
File: Image/pdf 4/32.ML_estimate_1.png Graphic file (type png)
<use Image/pdf 4/32.ML_estimate_1.png>
Package pdftex.def Info: Image/pdf 4/32.ML_estimate_1.png  used on input line 2
511.
(pdftex.def)             Requested size: 262.61894pt x 211.7969pt.
<Image/pdf 4/33.ML_estimate_2.png, id=1300, 528.97626pt x 448.67625pt>
File: Image/pdf 4/33.ML_estimate_2.png Graphic file (type png)
<use Image/pdf 4/33.ML_estimate_2.png>
Package pdftex.def Info: Image/pdf 4/33.ML_estimate_2.png  used on input line 2
516.
(pdftex.def)             Requested size: 262.61894pt x 222.74924pt.
<Image/pdf 4/34.ML_estimate_3.png, id=1301, 542.025pt x 448.67625pt>
File: Image/pdf 4/34.ML_estimate_3.png Graphic file (type png)
<use Image/pdf 4/34.ML_estimate_3.png>
Package pdftex.def Info: Image/pdf 4/34.ML_estimate_3.png  used on input line 2
521.
(pdftex.def)             Requested size: 262.61894pt x 217.39548pt.


[116 <./Image/pdf 4/31.SNR_vs_MSE_2.png> <./Image/pdf 4/32.ML_estimate_1.png>]
<Image/pdf 4/35.ML_estimate_4.png, id=1310, 538.01pt x 448.67625pt>
File: Image/pdf 4/35.ML_estimate_4.png Graphic file (type png)
<use Image/pdf 4/35.ML_estimate_4.png>
Package pdftex.def Info: Image/pdf 4/35.ML_estimate_4.png  used on input line 2
526.
(pdftex.def)             Requested size: 262.61894pt x 219.0112pt.


[117 <./Image/pdf 4/33.ML_estimate_2.png> <./Image/pdf 4/34.ML_estimate_3.png> 
<./Image/pdf 4/35.ML_estimate_4.png>]
<Image/pdf 4/36.Block_diag.png, id=1321, 597.23125pt x 370.38374pt>
File: Image/pdf 4/36.Block_diag.png Graphic file (type png)
<use Image/pdf 4/36.Block_diag.png>
Package pdftex.def Info: Image/pdf 4/36.Block_diag.png  used on input line 2536
.
(pdftex.def)             Requested size: 262.61894pt x 162.86761pt.


[118 <./Image/pdf 4/36.Block_diag.png>]
Overfull \hbox (28.83345pt too wide) detected at line 2643
\OML/cmm/m/it/12 C\OT1/cmr/m/n/12 (\OML/cmm/m/it/12 F[]\OT1/cmr/m/n/12 ) \U/msa
/m/n/12 , [] \OML/cmm/m/it/12 L [] \OT1/cmr/m/n/12 = \OML/cmm/m/it/12 ^^T \OMS/
cmsy/m/n/12 ^^@ [] ^^A [] \OT1/cmr/m/n/12 + [] [] \OML/cmm/m/it/12 x[] [] []
 []


Overfull \hbox (214.06042pt too wide) detected at line 2652
[] \OT1/cmr/m/n/12 = [] \OML/cmm/m/it/12 C\OT1/cmr/m/n/12 (\OML/cmm/m/it/12 F[]
\OT1/cmr/m/n/12 ) = []  [] \OML/cmm/m/it/12 L [] \OT1/cmr/m/n/12 = [] []
 []



[119]
<Image/pdf 4/37.Periodigram.png, id=1332, 743.77875pt x 485.815pt>
File: Image/pdf 4/37.Periodigram.png Graphic file (type png)
<use Image/pdf 4/37.Periodigram.png>
Package pdftex.def Info: Image/pdf 4/37.Periodigram.png  used on input line 269
4.
(pdftex.def)             Requested size: 341.40141pt x 222.99577pt.
<Image/pdf 4/38.100_values.png, id=1333, 704.6325pt x 450.68375pt>
File: Image/pdf 4/38.100_values.png Graphic file (type png)
<use Image/pdf 4/38.100_values.png>
Package pdftex.def Info: Image/pdf 4/38.100_values.png  used on input line 2699
.
(pdftex.def)             Requested size: 341.40141pt x 218.36128pt.
<Image/pdf 4/39.Period_signal_1.png, id=1334, 707.64375pt x 441.65pt>
File: Image/pdf 4/39.Period_signal_1.png Graphic file (type png)
<use Image/pdf 4/39.Period_signal_1.png>
Package pdftex.def Info: Image/pdf 4/39.Period_signal_1.png  used on input line
 2704.
(pdftex.def)             Requested size: 341.40141pt x 213.07457pt.
<Image/pdf 4/40.Periodigram_signal_2.png, id=1335, 695.59875pt x 441.65pt>
File: Image/pdf 4/40.Periodigram_signal_2.png Graphic file (type png)
<use Image/pdf 4/40.Periodigram_signal_2.png>
Package pdftex.def Info: Image/pdf 4/40.Periodigram_signal_2.png  used on input
 line 2709.
(pdftex.def)             Requested size: 341.40141pt x 216.76082pt.


[120 <./Image/pdf 4/37.Periodigram.png> <./Image/pdf 4/38.100_values.png>]
<Image/pdf 4/41.100_values_2.png, id=1345, 702.625pt x 445.665pt>
File: Image/pdf 4/41.100_values_2.png Graphic file (type png)
<use Image/pdf 4/41.100_values_2.png>
Package pdftex.def Info: Image/pdf 4/41.100_values_2.png  used on input line 27
14.
(pdftex.def)             Requested size: 341.40141pt x 216.54848pt.
<Image/pdf 4/42.Period_signal_2.png, id=1346, 691.58376pt x 432.61626pt>
File: Image/pdf 4/42.Period_signal_2.png Graphic file (type png)
<use Image/pdf 4/42.Period_signal_2.png>
Package pdftex.def Info: Image/pdf 4/42.Period_signal_2.png  used on input line
 2719.
(pdftex.def)             Requested size: 341.40141pt x 213.56151pt.
<Image/pdf 4/43.Periodigram_signal_3.png, id=1347, 721.69624pt x 443.6575pt>
File: Image/pdf 4/43.Periodigram_signal_3.png Graphic file (type png)
<use Image/pdf 4/43.Periodigram_signal_3.png>
Package pdftex.def Info: Image/pdf 4/43.Periodigram_signal_3.png  used on input
 line 2724.
(pdftex.def)             Requested size: 341.40141pt x 209.87297pt.


[121 <./Image/pdf 4/39.Period_signal_1.png> <./Image/pdf 4/40.Periodigram_signa
l_2.png> <./Image/pdf 4/41.100_values_2.png>]
<Image/pdf 4/44.100_values_3.png, id=1358, 712.6625pt x 438.63875pt>
File: Image/pdf 4/44.100_values_3.png Graphic file (type png)
<use Image/pdf 4/44.100_values_3.png>
Package pdftex.def Info: Image/pdf 4/44.100_values_3.png  used on input line 27
29.
(pdftex.def)             Requested size: 341.40141pt x 210.12923pt.
<Image/pdf 4/45.Period_signal_3.png, id=1359, 702.625pt x 428.60126pt>
File: Image/pdf 4/45.Period_signal_3.png Graphic file (type png)
<use Image/pdf 4/45.Period_signal_3.png>
Package pdftex.def Info: Image/pdf 4/45.Period_signal_3.png  used on input line
 2734.
(pdftex.def)             Requested size: 341.40141pt x 208.2572pt.
<Image/pdf 4/46.Catastrophic_error.png, id=1360, 704.6325pt x 435.6275pt>
File: Image/pdf 4/46.Catastrophic_error.png Graphic file (type png)
<use Image/pdf 4/46.Catastrophic_error.png>
Package pdftex.def Info: Image/pdf 4/46.Catastrophic_error.png  used on input l
ine 2739.
(pdftex.def)             Requested size: 341.40141pt x 211.06638pt.


[122 <./Image/pdf 4/42.Period_signal_2.png> <./Image/pdf 4/43.Periodigram_signa
l_3.png> <./Image/pdf 4/44.100_values_3.png>]
<Image/pdf 4/47.Solution_in_Low_SNR.png, id=1371, 709.65125pt x 435.6275pt>
File: Image/pdf 4/47.Solution_in_Low_SNR.png Graphic file (type png)
<use Image/pdf 4/47.Solution_in_Low_SNR.png>
Package pdftex.def Info: Image/pdf 4/47.Solution_in_Low_SNR.png  used on input 
line 2744.
(pdftex.def)             Requested size: 341.40141pt x 209.57741pt.
<Image/pdf 4/48.Solution_in_Low_SNR_2.png, id=1372, 660.4675pt x 439.6425pt>
File: Image/pdf 4/48.Solution_in_Low_SNR_2.png Graphic file (type png)
<use Image/pdf 4/48.Solution_in_Low_SNR_2.png>
Package pdftex.def Info: Image/pdf 4/48.Solution_in_Low_SNR_2.png  used on inpu
t line 2749.
(pdftex.def)             Requested size: 341.40141pt x 227.26031pt.


[123 <./Image/pdf 4/45.Period_signal_3.png> <./Image/pdf 4/46.Catastrophic_erro
r.png> <./Image/pdf 4/47.Solution_in_Low_SNR.png>]

[124 <./Image/pdf 4/48.Solution_in_Low_SNR_2.png>]

[125]

[126]

[127]
<Image/pdf 4/49.MSE_vs_SNR.png, id=1402, 696.6025pt x 459.7175pt>
File: Image/pdf 4/49.MSE_vs_SNR.png Graphic file (type png)
<use Image/pdf 4/49.MSE_vs_SNR.png>
Package pdftex.def Info: Image/pdf 4/49.MSE_vs_SNR.png  used on input line 3004
.
(pdftex.def)             Requested size: 315.14594pt x 207.97928pt.
<Image/pdf 4/50.MSE_vs_SNR_2.png, id=1403, 707.64375pt x 455.7025pt>
File: Image/pdf 4/50.MSE_vs_SNR_2.png Graphic file (type png)
<use Image/pdf 4/50.MSE_vs_SNR_2.png>
Package pdftex.def Info: Image/pdf 4/50.MSE_vs_SNR_2.png  used on input line 30
09.
(pdftex.def)             Requested size: 315.14594pt x 202.94342pt.
<Image/pdf 4/51.MSE_vs_SNR_3.png, id=1404, 721.69624pt x 443.6575pt>
File: Image/pdf 4/51.MSE_vs_SNR_3.png Graphic file (type png)
<use Image/pdf 4/51.MSE_vs_SNR_3.png>
Package pdftex.def Info: Image/pdf 4/51.MSE_vs_SNR_3.png  used on input line 30
14.
(pdftex.def)             Requested size: 315.14594pt x 193.7341pt.
<Image/pdf 4/52.MSE_vs_SNR_4.png, id=1405, 688.5725pt x 449.68pt>
File: Image/pdf 4/52.MSE_vs_SNR_4.png Graphic file (type png)
<use Image/pdf 4/52.MSE_vs_SNR_4.png>
Package pdftex.def Info: Image/pdf 4/52.MSE_vs_SNR_4.png  used on input line 30
19.
(pdftex.def)             Requested size: 315.14594pt x 205.80548pt.


[128 <./Image/pdf 4/49.MSE_vs_SNR.png> <./Image/pdf 4/50.MSE_vs_SNR_2.png>]
<Image/pdf 4/53.MSE_vs_SNR_5.png, id=1414, 676.5275pt x 454.69875pt>
File: Image/pdf 4/53.MSE_vs_SNR_5.png Graphic file (type png)
<use Image/pdf 4/53.MSE_vs_SNR_5.png>
Package pdftex.def Info: Image/pdf 4/53.MSE_vs_SNR_5.png  used on input line 30
24.
(pdftex.def)             Requested size: 315.14594pt x 211.81433pt.
<Image/pdf 4/54.MSE_vs_SNR_6.png, id=1415, 697.60625pt x 448.67625pt>
File: Image/pdf 4/54.MSE_vs_SNR_6.png Graphic file (type png)
<use Image/pdf 4/54.MSE_vs_SNR_6.png>
Package pdftex.def Info: Image/pdf 4/54.MSE_vs_SNR_6.png  used on input line 30
29.
(pdftex.def)             Requested size: 315.14594pt x 202.68976pt.


[129 <./Image/pdf 4/51.MSE_vs_SNR_3.png> <./Image/pdf 4/52.MSE_vs_SNR_4.png> <.
/Image/pdf 4/53.MSE_vs_SNR_5.png>]

[130 <./Image/pdf 4/54.MSE_vs_SNR_6.png>]
Overfull \hbox (34.92232pt too wide) detected at line 3102
\OML/cmm/m/it/12 R[]\OT1/cmr/m/n/12 [\OML/cmm/m/it/12 m\OT1/cmr/m/n/12 ] = \OML
/cmm/m/it/12 E\OMS/cmsy/m/n/12 f\OML/cmm/m/it/12 X[]X[]\OMS/cmsy/m/n/12 g  [][]
!  []\OT1/cmr/m/n/12 [\OML/cmm/m/it/12 m\OT1/cmr/m/n/12 ] = [] [] \OML/cmm/m/it
/12 X[]X[];  []\OMS/cmsy/m/n/12 f\OML/cmm/m/it/12 X[]\OMS/cmsy/m/n/12 g[]\OML/c
mm/m/it/12 :
 []

) (./file_tex/4.1.tex
<Image/pdf 4/55.MSE_1.png, id=1432, 688.5725pt x 454.69875pt>
File: Image/pdf 4/55.MSE_1.png Graphic file (type png)
<use Image/pdf 4/55.MSE_1.png>
Package pdftex.def Info: Image/pdf 4/55.MSE_1.png  used on input line 6.
(pdftex.def)             Requested size: 315.14594pt x 208.10242pt.
<Image/pdf 4/56.MSE_2.png, id=1433, 696.6025pt x 448.67625pt>
File: Image/pdf 4/56.MSE_2.png Graphic file (type png)
<use Image/pdf 4/56.MSE_2.png>
Package pdftex.def Info: Image/pdf 4/56.MSE_2.png  used on input line 11.
(pdftex.def)             Requested size: 315.14594pt x 202.98415pt.


[131]
<Image/pdf 4/57.MSE_3.png, id=1438, 701.62125pt x 452.69125pt>
File: Image/pdf 4/57.MSE_3.png Graphic file (type png)
<use Image/pdf 4/57.MSE_3.png>
Package pdftex.def Info: Image/pdf 4/57.MSE_3.png  used on input line 16.
(pdftex.def)             Requested size: 315.14594pt x 203.33617pt.


[132 <./Image/pdf 4/55.MSE_1.png> <./Image/pdf 4/56.MSE_2.png> <./Image/pdf 4/5
7.MSE_3.png>]
<Image/pdf 4/58.Period_signal.png, id=1450, 721.69624pt x 428.60126pt>
File: Image/pdf 4/58.Period_signal.png Graphic file (type png)
<use Image/pdf 4/58.Period_signal.png>
Package pdftex.def Info: Image/pdf 4/58.Period_signal.png  used on input line 8
9.
(pdftex.def)             Requested size: 315.14594pt x 187.15942pt.
<Image/pdf 4/59.Period_sign_2.png, id=1451, 712.6625pt x 432.61626pt>
File: Image/pdf 4/59.Period_sign_2.png Graphic file (type png)
<use Image/pdf 4/59.Period_sign_2.png>
Package pdftex.def Info: Image/pdf 4/59.Period_sign_2.png  used on input line 9
4.
(pdftex.def)             Requested size: 315.14594pt x 191.3023pt.
<Image/pdf 4/60.Period_sign_3.png, id=1452, 707.64375pt x 430.60875pt>
File: Image/pdf 4/60.Period_sign_3.png Graphic file (type png)
<use Image/pdf 4/60.Period_sign_3.png>
Package pdftex.def Info: Image/pdf 4/60.Period_sign_3.png  used on input line 9
9.
(pdftex.def)             Requested size: 315.14594pt x 191.76811pt.


[133 <./Image/pdf 4/58.Period_signal.png>]
<Image/pdf 4/61.Period_sign_4.png, id=1459, 701.62125pt x 429.605pt>
File: Image/pdf 4/61.Period_sign_4.png Graphic file (type png)
<use Image/pdf 4/61.Period_sign_4.png>
Package pdftex.def Info: Image/pdf 4/61.Period_sign_4.png  used on input line 1
04.
(pdftex.def)             Requested size: 315.14594pt x 192.96648pt.
<Image/pdf 4/62.Period_sign_5.png, id=1460, 700.6175pt x 429.605pt>
File: Image/pdf 4/62.Period_sign_5.png Graphic file (type png)
<use Image/pdf 4/62.Period_sign_5.png>
Package pdftex.def Info: Image/pdf 4/62.Period_sign_5.png  used on input line 1
09.
(pdftex.def)             Requested size: 315.14594pt x 193.24179pt.
<Image/pdf 4/63.Period_sign_6.png, id=1461, 717.68124pt x 429.605pt>
File: Image/pdf 4/63.Period_sign_6.png Graphic file (type png)
<use Image/pdf 4/63.Period_sign_6.png>
Package pdftex.def Info: Image/pdf 4/63.Period_sign_6.png  used on input line 1
14.
(pdftex.def)             Requested size: 315.14594pt x 188.64658pt.


[134 <./Image/pdf 4/59.Period_sign_2.png> <./Image/pdf 4/60.Period_sign_3.png> 
<./Image/pdf 4/61.Period_sign_4.png>]

[135 <./Image/pdf 4/63.Period_sign_6.png> <./Image/pdf 4/62.Period_sign_5.png>]
<Image/pdf 4/64.Time_delay.png, id=1480, 540.0175pt x 325.215pt>
File: Image/pdf 4/64.Time_delay.png Graphic file (type png)
<use Image/pdf 4/64.Time_delay.png>
Package pdftex.def Info: Image/pdf 4/64.Time_delay.png  used on input line 216.

(pdftex.def)             Requested size: 315.14594pt x 189.79594pt.


[136]

[137 <./Image/pdf 4/64.Time_delay.png>]
<Image/pdf 4/65.Foto.png, id=1493, 562.1pt x 324.21124pt>
File: Image/pdf 4/65.Foto.png Graphic file (type png)
<use Image/pdf 4/65.Foto.png>
Package pdftex.def Info: Image/pdf 4/65.Foto.png  used on input line 259.
(pdftex.def)             Requested size: 315.14594pt x 181.76978pt.
<Image/pdf 4/66.LFM.png, id=1494, 448.67625pt x 217.81375pt>
File: Image/pdf 4/66.LFM.png Graphic file (type png)
<use Image/pdf 4/66.LFM.png>
Package pdftex.def Info: Image/pdf 4/66.LFM.png  used on input line 267.
(pdftex.def)             Requested size: 315.14594pt x 152.9937pt.


[138 <./Image/pdf 4/65.Foto.png> <./Image/pdf 4/66.LFM.png>]
Overfull \hbox (5.76578pt too wide) in paragraph at lines 317--319
[]$[]$ 
 []



[139]

[140]

[141]
<Image/pdf 4/67.Penultimo.png, id=1516, 547.04375pt x 282.05376pt>
File: Image/pdf 4/67.Penultimo.png Graphic file (type png)
<use Image/pdf 4/67.Penultimo.png>
Package pdftex.def Info: Image/pdf 4/67.Penultimo.png  used on input line 500.
(pdftex.def)             Requested size: 315.14594pt x 162.48952pt.
<Image/pdf 4/68.Ultimo.png, id=1517, 569.12625pt x 282.05376pt>
File: Image/pdf 4/68.Ultimo.png Graphic file (type png)
<use Image/pdf 4/68.Ultimo.png>
Package pdftex.def Info: Image/pdf 4/68.Ultimo.png  used on input line 506.
(pdftex.def)             Requested size: 315.14594pt x 156.18877pt.


[142 <./Image/pdf 4/67.Penultimo.png> <./Image/pdf 4/68.Ultimo.png>])
(./file_tex/5.tex

[143

]
<Image/pdf 5/1.Two_equations.png, id=1530, 549.05125pt x 333.245pt>
File: Image/pdf 5/1.Two_equations.png Graphic file (type png)
<use Image/pdf 5/1.Two_equations.png>
Package pdftex.def Info: Image/pdf 5/1.Two_equations.png  used on input line 14
7.
(pdftex.def)             Requested size: 288.88243pt x 175.3376pt.
<Image/pdf 5/2.too_equations.png, id=1531, 524.96124pt x 340.27126pt>
File: Image/pdf 5/2.too_equations.png Graphic file (type png)
<use Image/pdf 5/2.too_equations.png>
Package pdftex.def Info: Image/pdf 5/2.too_equations.png  used on input line 15
3.
(pdftex.def)             Requested size: 315.14594pt x 204.27855pt.


[144 <./Image/pdf 5/1.Two_equations.png>]
<Image/pdf 5/3.Approx.png, id=1539, 565.11125pt x 315.1775pt>
File: Image/pdf 5/3.Approx.png Graphic file (type png)
<use Image/pdf 5/3.Approx.png>
Package pdftex.def Info: Image/pdf 5/3.Approx.png  used on input line 161.
(pdftex.def)             Requested size: 288.88243pt x 161.11832pt.


[145 <./Image/pdf 5/2.too_equations.png> <./Image/pdf 5/3.Approx.png>]
<Image/pdf 5/4.Geom_rapp.png, id=1548, 700.6175pt x 423.5825pt>
File: Image/pdf 5/4.Geom_rapp.png Graphic file (type png)
<use Image/pdf 5/4.Geom_rapp.png>
Package pdftex.def Info: Image/pdf 5/4.Geom_rapp.png  used on input line 236.
(pdftex.def)             Requested size: 315.14594pt x 190.5328pt.


[146 <./Image/pdf 5/4.Geom_rapp.png>]

[147]

[148]

[149]

[150]

[151]

[152]
Overfull \hbox (24.65926pt too wide) in paragraph at lines 970--972
[]$ 
 []

<Image/pdf 5/5.Geom_rapp_2.png, id=1580, 321.2pt x 272.01625pt>
File: Image/pdf 5/5.Geom_rapp_2.png Graphic file (type png)
<use Image/pdf 5/5.Geom_rapp_2.png>
Package pdftex.def Info: Image/pdf 5/5.Geom_rapp_2.png  used on input line 975.

(pdftex.def)             Requested size: 262.61894pt x 222.4114pt.


[153 <./Image/pdf 5/5.Geom_rapp_2.png>]
<Image/pdf 5/6.example_lin_mod.png, id=1587, 760.8425pt x 461.725pt>
File: Image/pdf 5/6.example_lin_mod.png Graphic file (type png)
<use Image/pdf 5/6.example_lin_mod.png>
Package pdftex.def Info: Image/pdf 5/6.example_lin_mod.png  used on input line 
1099.
(pdftex.def)             Requested size: 393.9284pt x 239.06271pt.


[154 <./Image/pdf 5/6.example_lin_mod.png>]
<Image/pdf 5/7.LM_graph.png, id=1594, 673.51625pt x 462.72874pt>
File: Image/pdf 5/7.LM_graph.png Graphic file (type png)
<use Image/pdf 5/7.LM_graph.png>
Package pdftex.def Info: Image/pdf 5/7.LM_graph.png  used on input line 1217.
(pdftex.def)             Requested size: 341.40141pt x 234.55522pt.
<Image/pdf 5/8.LM_graph_1.png, id=1595, 626.34pt x 398.48875pt>
File: Image/pdf 5/8.LM_graph_1.png Graphic file (type png)
<use Image/pdf 5/8.LM_graph_1.png>
Package pdftex.def Info: Image/pdf 5/8.LM_graph_1.png  used on input line 1222.

(pdftex.def)             Requested size: 341.40141pt x 217.21158pt.


[155]
<Image/pdf 5/9.LM_graph_2.png, id=1600, 635.37375pt x 403.5075pt>
File: Image/pdf 5/9.LM_graph_2.png Graphic file (type png)
<use Image/pdf 5/9.LM_graph_2.png>
Package pdftex.def Info: Image/pdf 5/9.LM_graph_2.png  used on input line 1227.

(pdftex.def)             Requested size: 341.40141pt x 216.81947pt.


[156 <./Image/pdf 5/7.LM_graph.png> <./Image/pdf 5/8.LM_graph_1.png> <./Image/p
df 5/9.LM_graph_2.png>]

[157]

[158]

[159]

[160]
Overfull \hbox (32.64954pt too wide) in paragraph at lines 1741--1742
[]\OT1/cmr/m/n/12 The \OT1/cmr/bx/n/12 ML \OT1/cmr/m/n/12 es-ti-mate of $\OML/c
mm/m/it/12 ^^R$ \OT1/cmr/m/n/12 in $[]$ ad-di-tive Gaus-sian noise is still, \O
T1/cmr/bx/n/12 lin-ear\OT1/cmr/m/n/12 ,\OT1/cmr/bx/n/12 unbiased\OT1/cmr/m/n/12
 ,\OT1/cmr/bx/n/12 Gaussian\OT1/cmr/m/n/12 ,\OT1/cmr/bx/n/12 efficient
 []


Overfull \hbox (0.24136pt too wide) detected at line 1780
[]
 []



[161]
Overfull \hbox (30.82048pt too wide) in paragraph at lines 1830--1831
[]\OT1/cmr/m/n/12 The $[]$ states that when \OT1/cmr/bx/n/12 X \OT1/cmr/m/n/12 
obeys the linear-Gaussian model, i.e. $[]$
 []

<Image/pdf 5/10.Source_localization.png, id=1633, 657.45625pt x 266.9975pt>
File: Image/pdf 5/10.Source_localization.png Graphic file (type png)
<use Image/pdf 5/10.Source_localization.png>
Package pdftex.def Info: Image/pdf 5/10.Source_localization.png  used on input 
line 1839.
(pdftex.def)             Requested size: 393.9284pt x 159.97972pt.
<Image/pdf 5/11.Source_loc_2.png, id=1634, 618.31pt x 278.03876pt>
File: Image/pdf 5/11.Source_loc_2.png Graphic file (type png)
<use Image/pdf 5/11.Source_loc_2.png>
Package pdftex.def Info: Image/pdf 5/11.Source_loc_2.png  used on input line 18
49.
(pdftex.def)             Requested size: 393.9284pt x 177.14659pt.


[162 <./Image/pdf 5/10.Source_localization.png>]

[163 <./Image/pdf 5/11.Source_loc_2.png>]
<Image/pdf 5/12.Source_loc-3.png, id=1648, 705.63625pt x 328.22626pt>
File: Image/pdf 5/12.Source_loc-3.png Graphic file (type png)
<use Image/pdf 5/12.Source_loc-3.png>
Package pdftex.def Info: Image/pdf 5/12.Source_loc-3.png  used on input line 19
16.
(pdftex.def)             Requested size: 393.9284pt x 183.2345pt.


[164 <./Image/pdf 5/12.Source_loc-3.png>]
<Image/pdf 5/13.source_loc_4.png, id=1655, 658.46pt x 233.87375pt>
File: Image/pdf 5/13.source_loc_4.png Graphic file (type png)
<use Image/pdf 5/13.source_loc_4.png>
Package pdftex.def Info: Image/pdf 5/13.source_loc_4.png  used on input line 20
40.
(pdftex.def)             Requested size: 393.9284pt x 139.91849pt.


[165 <./Image/pdf 5/13.source_loc_4.png>]) (./file_tex/6.0.tex
<Image/pdf 6/1.Formule.png, id=1662, 581.17125pt x 384.43625pt>
File: Image/pdf 6/1.Formule.png Graphic file (type png)
<use Image/pdf 6/1.Formule.png>
Package pdftex.def Info: Image/pdf 6/1.Formule.png  used on input line 71.
(pdftex.def)             Requested size: 341.40141pt x 225.83578pt.


[166

]

[167 <./Image/pdf 6/1.Formule.png>]
<Image/pdf 6/2.Filter.png, id=1673, 584.1825pt x 303.1325pt>
File: Image/pdf 6/2.Filter.png Graphic file (type png)
<use Image/pdf 6/2.Filter.png>
Package pdftex.def Info: Image/pdf 6/2.Filter.png  used on input line 189.
(pdftex.def)             Requested size: 393.9284pt x 204.41595pt.
<Image/pdf 6/3.filter.png, id=1674, 577.15625pt x 385.44pt>
File: Image/pdf 6/3.filter.png Graphic file (type png)
<use Image/pdf 6/3.filter.png>
Package pdftex.def Info: Image/pdf 6/3.filter.png  used on input line 194.
(pdftex.def)             Requested size: 393.9284pt x 263.08379pt.
<Image/pdf 6/4.Filter.png, id=1675, 531.9875pt x 394.47375pt>
File: Image/pdf 6/4.Filter.png Graphic file (type png)
<use Image/pdf 6/4.Filter.png>
Package pdftex.def Info: Image/pdf 6/4.Filter.png  used on input line 199.
(pdftex.def)             Requested size: 393.9284pt x 292.11064pt.


[168 <./Image/pdf 6/2.Filter.png>]

[169 <./Image/pdf 6/3.filter.png> <./Image/pdf 6/4.Filter.png>]
<Image/pdf 6/5.Filter_schem.png, id=1691, 659.46375pt x 329.23pt>
File: Image/pdf 6/5.Filter_schem.png Graphic file (type png)
<use Image/pdf 6/5.Filter_schem.png>
Package pdftex.def Info: Image/pdf 6/5.Filter_schem.png  used on input line 263
.
(pdftex.def)             Requested size: 393.9284pt x 196.67043pt.


[170 <./Image/pdf 6/5.Filter_schem.png>]

[171]
<Image/pdf 6/6.Roba_esb.png, id=1702, 729.72626pt x 475.7775pt>
File: Image/pdf 6/6.Roba_esb.png Graphic file (type png)
<use Image/pdf 6/6.Roba_esb.png>
Package pdftex.def Info: Image/pdf 6/6.Roba_esb.png  used on input line 402.
(pdftex.def)             Requested size: 341.40141pt x 222.59181pt.
<Image/pdf 6/7.AR(P).png, id=1703, 643.40375pt x 431.6125pt>
File: Image/pdf 6/7.AR(P).png Graphic file (type png)
<use Image/pdf 6/7.AR(P).png>
Package pdftex.def Info: Image/pdf 6/7.AR(P).png  used on input line 415.
(pdftex.def)             Requested size: 393.9284pt x 264.26453pt.


[172 <./Image/pdf 6/6.Roba_esb.png>]

[173 <./Image/pdf 6/7.AR(P).png>]
<Image/pdf 6/8.Graph_1.png, id=1716, 602.25pt x 271.0125pt>
File: Image/pdf 6/8.Graph_1.png Graphic file (type png)
<use Image/pdf 6/8.Graph_1.png>
Package pdftex.def Info: Image/pdf 6/8.Graph_1.png  used on input line 510.
(pdftex.def)             Requested size: 341.40141pt x 153.63512pt.
<Image/pdf 6/9.Graph_2.png, id=1717, 618.31pt x 258.9675pt>
File: Image/pdf 6/9.Graph_2.png Graphic file (type png)
<use Image/pdf 6/9.Graph_2.png>
Package pdftex.def Info: Image/pdf 6/9.Graph_2.png  used on input line 517.
(pdftex.def)             Requested size: 341.40141pt x 142.99367pt.


[174 <./Image/pdf 6/8.Graph_1.png> <./Image/pdf 6/9.Graph_2.png>]
<Image/pdf 6/12.LP_HP.png, id=1727, 619.31375pt x 310.15875pt>
File: Image/pdf 6/12.LP_HP.png Graphic file (type png)
<use Image/pdf 6/12.LP_HP.png>
Package pdftex.def Info: Image/pdf 6/12.LP_HP.png  used on input line 529.
(pdftex.def)             Requested size: 341.40141pt x 170.98538pt.
<Image/pdf 6/13.PSD_LP_HP.png, id=1728, 612.2875pt x 265.99374pt>
File: Image/pdf 6/13.PSD_LP_HP.png Graphic file (type png)
<use Image/pdf 6/13.PSD_LP_HP.png>
Package pdftex.def Info: Image/pdf 6/13.PSD_LP_HP.png  used on input line 536.
(pdftex.def)             Requested size: 341.40141pt x 148.3142pt.
<Image/pdf 6/14.lag_corr.png, id=1729, 597.23125pt x 257.96375pt>
File: Image/pdf 6/14.lag_corr.png Graphic file (type png)
<use Image/pdf 6/14.lag_corr.png>
Package pdftex.def Info: Image/pdf 6/14.lag_corr.png  used on input line 545.
(pdftex.def)             Requested size: 341.40141pt x 147.46202pt.
<Image/pdf 6/15.ex_rho_.png, id=1730, 575.14874pt x 365.365pt>
File: Image/pdf 6/15.ex_rho_.png Graphic file (type png)
<use Image/pdf 6/15.ex_rho_.png>
Package pdftex.def Info: Image/pdf 6/15.ex_rho_.png  used on input line 550.
(pdftex.def)             Requested size: 341.40141pt x 216.87918pt.
<Image/pdf 6/16.ex_corr_rho_2.png, id=1731, 553.06625pt x 346.29375pt>
File: Image/pdf 6/16.ex_corr_rho_2.png Graphic file (type png)
<use Image/pdf 6/16.ex_corr_rho_2.png>
Package pdftex.def Info: Image/pdf 6/16.ex_corr_rho_2.png  used on input line 5
55.
(pdftex.def)             Requested size: 341.40141pt x 213.75934pt.


[175 <./Image/pdf 6/12.LP_HP.png> <./Image/pdf 6/13.PSD_LP_HP.png> <./Image/pdf
 6/14.lag_corr.png>]
<Image/pdf 6/17.ex_corr_rho_3.png, id=1742, 556.0775pt x 340.27126pt>
File: Image/pdf 6/17.ex_corr_rho_3.png Graphic file (type png)
<use Image/pdf 6/17.ex_corr_rho_3.png>
Package pdftex.def Info: Image/pdf 6/17.ex_corr_rho_3.png  used on input line 5
60.
(pdftex.def)             Requested size: 341.40141pt x 208.90991pt.


[176 <./Image/pdf 6/17.ex_corr_rho_3.png> <./Image/pdf 6/15.ex_rho_.png> <./Ima
ge/pdf 6/16.ex_corr_rho_2.png>]
<Image/pdf 6/18.Poles_circle.png, id=1753, 647.41875pt x 427.5975pt>
File: Image/pdf 6/18.Poles_circle.png Graphic file (type png)
<use Image/pdf 6/18.Poles_circle.png>
Package pdftex.def Info: Image/pdf 6/18.Poles_circle.png  used on input line 60
7.
(pdftex.def)             Requested size: 341.40141pt x 225.48378pt.


[177 <./Image/pdf 6/18.Poles_circle.png>]

[178]
Overfull \hbox (22.57889pt too wide) detected at line 701
 \OML/cmm/m/it/12 p[] \OT1/cmr/m/n/12 = []\OML/cmm/m/it/12 ;  p[] \OT1/cmr/m/n/
12 = []\OML/cmm/m/it/12 ;  \OMS/cmsy/m/n/12 )  \OML/cmm/m/it/12 p[] \OMS/cmsy/m
/n/12 ^^@ \OML/cmm/m/it/12 p[] \OT1/cmr/m/n/12 = [] \OMS/cmsy/m/n/12 ^^@ [] \OT
1/cmr/m/n/12 = []\OML/cmm/m/it/12 :
 []

<Image/pdf 6/19.AR(2)_1.png, id=1764, 539.01375pt x 388.45125pt>
File: Image/pdf 6/19.AR(2)_1.png Graphic file (type png)
<use Image/pdf 6/19.AR(2)_1.png>
Package pdftex.def Info: Image/pdf 6/19.AR(2)_1.png  used on input line 735.
(pdftex.def)             Requested size: 341.40141pt x 246.04143pt.
<Image/pdf 6/20.AR(2)_2.png, id=1765, 544.0325pt x 383.4325pt>
File: Image/pdf 6/20.AR(2)_2.png Graphic file (type png)
<use Image/pdf 6/20.AR(2)_2.png>
Package pdftex.def Info: Image/pdf 6/20.AR(2)_2.png  used on input line 740.
(pdftex.def)             Requested size: 341.40141pt x 240.62764pt.
<Image/pdf 6/21.AR(2)_3.png, id=1766, 530.98375pt x 388.45125pt>
File: Image/pdf 6/21.AR(2)_3.png Graphic file (type png)
<use Image/pdf 6/21.AR(2)_3.png>
Package pdftex.def Info: Image/pdf 6/21.AR(2)_3.png  used on input line 745.
(pdftex.def)             Requested size: 341.40141pt x 249.76376pt.


[179 <./Image/pdf 6/19.AR(2)_1.png>]
<Image/pdf 6/22.AR(2)_4.png, id=1773, 530.98375pt x 386.44376pt>
File: Image/pdf 6/22.AR(2)_4.png Graphic file (type png)
<use Image/pdf 6/22.AR(2)_4.png>
Package pdftex.def Info: Image/pdf 6/22.AR(2)_4.png  used on input line 750.
(pdftex.def)             Requested size: 341.40141pt x 248.473pt.
<Image/pdf 6/23.AR(2)_5.png, id=1774, 549.05125pt x 389.455pt>
File: Image/pdf 6/23.AR(2)_5.png Graphic file (type png)
<use Image/pdf 6/23.AR(2)_5.png>
Package pdftex.def Info: Image/pdf 6/23.AR(2)_5.png  used on input line 755.
(pdftex.def)             Requested size: 341.40141pt x 242.16676pt.


[180 <./Image/pdf 6/20.AR(2)_2.png> <./Image/pdf 6/21.AR(2)_3.png>]
<Image/pdf 6/24.AR(2)_6.png, id=1784, 559.08875pt x 384.43625pt>
File: Image/pdf 6/24.AR(2)_6.png Graphic file (type png)
<use Image/pdf 6/24.AR(2)_6.png>
Package pdftex.def Info: Image/pdf 6/24.AR(2)_6.png  used on input line 760.
(pdftex.def)             Requested size: 341.40141pt x 234.758pt.
<Image/pdf 6/25.MA(Q).png, id=1785, 636.3775pt x 427.5975pt>
File: Image/pdf 6/25.MA(Q).png Graphic file (type png)
<use Image/pdf 6/25.MA(Q).png>
Package pdftex.def Info: Image/pdf 6/25.MA(Q).png  used on input line 767.
(pdftex.def)             Requested size: 341.40141pt x 229.39203pt.


[181 <./Image/pdf 6/22.AR(2)_4.png> <./Image/pdf 6/23.AR(2)_5.png> <./Image/pdf
 6/24.AR(2)_6.png>]
<Image/pdf 6/27.MA(Q)_2.png, id=1796, 592.2125pt x 420.57124pt>
File: Image/pdf 6/27.MA(Q)_2.png Graphic file (type png)
<use Image/pdf 6/27.MA(Q)_2.png>
Package pdftex.def Info: Image/pdf 6/27.MA(Q)_2.png  used on input line 784.
(pdftex.def)             Requested size: 341.40141pt x 242.46191pt.


[182 <./Image/pdf 6/25.MA(Q).png> <./Image/pdf 6/27.MA(Q)_2.png>]
<Image/pdf 6/28.MA(Q)_bo.png, id=1806, 575.14874pt x 309.155pt>
File: Image/pdf 6/28.MA(Q)_bo.png Graphic file (type png)
<use Image/pdf 6/28.MA(Q)_bo.png>
Package pdftex.def Info: Image/pdf 6/28.MA(Q)_bo.png  used on input line 812.
(pdftex.def)             Requested size: 341.40141pt x 183.51315pt.


[183 <./Image/pdf 6/28.MA(Q)_bo.png>]

[184]
Overfull \hbox (12.6565pt too wide) detected at line 911
 []
 []



[185]

[186]
Overfull \hbox (31.681pt too wide) in paragraph at lines 1059--1060
\OT1/cmr/m/n/12 ARMA model. For this rea-son, $[]$. 
 []



[187]

[188]
<Image/pdf 6/29.Zero_Pole.png, id=1834, 650.43pt x 390.45876pt>
File: Image/pdf 6/29.Zero_Pole.png Graphic file (type png)
<use Image/pdf 6/29.Zero_Pole.png>
Package pdftex.def Info: Image/pdf 6/29.Zero_Pole.png  used on input line 1142.

(pdftex.def)             Requested size: 341.40141pt x 204.95221pt.
<Image/pdf 6/30.Impulse_resp.png, id=1835, 509.905pt x 410.53375pt>
File: Image/pdf 6/30.Impulse_resp.png Graphic file (type png)
<use Image/pdf 6/30.Impulse_resp.png>
Package pdftex.def Info: Image/pdf 6/30.Impulse_resp.png  used on input line 11
47.
(pdftex.def)             Requested size: 341.40141pt x 274.88078pt.
<Image/pdf 6/31.ACF.png, id=1836, 476.78125pt x 388.45125pt>
File: Image/pdf 6/31.ACF.png Graphic file (type png)
<use Image/pdf 6/31.ACF.png>
Package pdftex.def Info: Image/pdf 6/31.ACF.png  used on input line 1152.
(pdftex.def)             Requested size: 341.40141pt x 278.16728pt.
<Image/pdf 6/32.PSD.png, id=1837, 453.695pt x 391.4625pt>
File: Image/pdf 6/32.PSD.png Graphic file (type png)
<use Image/pdf 6/32.PSD.png>
Package pdftex.def Info: Image/pdf 6/32.PSD.png  used on input line 1157.
(pdftex.def)             Requested size: 341.40141pt x 294.57574pt.


[189 <./Image/pdf 6/29.Zero_Pole.png> <./Image/pdf 6/30.Impulse_resp.png>]

[190 <./Image/pdf 6/31.ACF.png> <./Image/pdf 6/32.PSD.png>]
<Image/pdf 6/33.PSD_N64.png, id=1854, 565.11125pt x 331.2375pt>
File: Image/pdf 6/33.PSD_N64.png Graphic file (type png)
<use Image/pdf 6/33.PSD_N64.png>
Package pdftex.def Info: Image/pdf 6/33.PSD_N64.png  used on input line 1202.
(pdftex.def)             Requested size: 341.40141pt x 200.11372pt.
<Image/pdf 6/34.PSD_N256.png, id=1855, 575.14874pt x 333.245pt>
File: Image/pdf 6/34.PSD_N256.png Graphic file (type png)
<use Image/pdf 6/34.PSD_N256.png>
Package pdftex.def Info: Image/pdf 6/34.PSD_N256.png  used on input line 1207.
(pdftex.def)             Requested size: 341.40141pt x 197.81287pt.
<Image/pdf 6/35.PSD_N1024.png, id=1856, 579.16376pt x 335.2525pt>
File: Image/pdf 6/35.PSD_N1024.png Graphic file (type png)
<use Image/pdf 6/35.PSD_N1024.png>
Package pdftex.def Info: Image/pdf 6/35.PSD_N1024.png  used on input line 1212.

(pdftex.def)             Requested size: 341.40141pt x 197.62332pt.
<Image/pdf 6/36.Periodo_N64.png, id=1857, 566.115pt x 350.30875pt>
File: Image/pdf 6/36.Periodo_N64.png Graphic file (type png)
<use Image/pdf 6/36.Periodo_N64.png>
Package pdftex.def Info: Image/pdf 6/36.Periodo_N64.png  used on input line 121
7.
(pdftex.def)             Requested size: 341.40141pt x 211.26126pt.


[191 <./Image/pdf 6/33.PSD_N64.png> <./Image/pdf 6/34.PSD_N256.png>]
<Image/pdf 6/37.Periodo_N256.png, id=1866, 551.05875pt x 347.2975pt>
File: Image/pdf 6/37.Periodo_N256.png Graphic file (type png)
<use Image/pdf 6/37.Periodo_N256.png>
Package pdftex.def Info: Image/pdf 6/37.Periodo_N256.png  used on input line 12
22.
(pdftex.def)             Requested size: 341.40141pt x 215.17384pt.
<Image/pdf 6/38.Periodo_N1024.png, id=1867, 558.085pt x 355.3275pt>
File: Image/pdf 6/38.Periodo_N1024.png Graphic file (type png)
<use Image/pdf 6/38.Periodo_N1024.png>
Package pdftex.def Info: Image/pdf 6/38.Periodo_N1024.png  used on input line 1
227.
(pdftex.def)             Requested size: 341.40141pt x 217.37296pt.


[192 <./Image/pdf 6/35.PSD_N1024.png> <./Image/pdf 6/36.Periodo_N64.png> <./Ima
ge/pdf 6/37.Periodo_N256.png>]
Overfull \hbox (16.85995pt too wide) in paragraph at lines 1230--1231
[]\OT1/cmr/bx/n/12 Parametric es-ti-ma-tion of the PSD\OT1/cmr/m/n/12 : we as-s
ume that the data can be mod-elled as an $[]$
 []

<Image/pdf 6/40.Zero_pole.png, id=1879, 647.41875pt x 379.4175pt>
File: Image/pdf 6/40.Zero_pole.png Graphic file (type png)
<use Image/pdf 6/40.Zero_pole.png>
Package pdftex.def Info: Image/pdf 6/40.Zero_pole.png  used on input line 1241.

(pdftex.def)             Requested size: 341.40141pt x 200.07716pt.
<Image/pdf 6/41.PSD_estimated.png, id=1880, 519.9425pt x 380.42125pt>
File: Image/pdf 6/41.PSD_estimated.png Graphic file (type png)
<use Image/pdf 6/41.PSD_estimated.png>
Package pdftex.def Info: Image/pdf 6/41.PSD_estimated.png  used on input line 1
246.
(pdftex.def)             Requested size: 341.40141pt x 249.79013pt.
<Image/pdf 6/42.PSD_scaled.png, id=1881, 525.965pt x 381.425pt>
File: Image/pdf 6/42.PSD_scaled.png Graphic file (type png)
<use Image/pdf 6/42.PSD_scaled.png>
Package pdftex.def Info: Image/pdf 6/42.PSD_scaled.png  used on input line 1251
.
(pdftex.def)             Requested size: 341.40141pt x 247.59155pt.


[193 <./Image/pdf 6/38.Periodo_N1024.png> <./Image/pdf 6/40.Zero_pole.png>]
<Image/pdf 6/42.Zero_Pole_AR(8).png, id=1890, 631.35875pt x 380.42125pt>
File: Image/pdf 6/42.Zero_Pole_AR(8).png Graphic file (type png)
<use Image/pdf 6/42.Zero_Pole_AR(8).png>
Package pdftex.def Info: Image/pdf 6/42.Zero_Pole_AR(8).png  used on input line
 1256.
(pdftex.def)             Requested size: 341.40141pt x 205.70883pt.
<Image/pdf 6/43.PSD_AR(8).png, id=1891, 569.12625pt x 393.47pt>
File: Image/pdf 6/43.PSD_AR(8).png Graphic file (type png)
<use Image/pdf 6/43.PSD_AR(8).png>
Package pdftex.def Info: Image/pdf 6/43.PSD_AR(8).png  used on input line 1261.

(pdftex.def)             Requested size: 341.40141pt x 236.04178pt.
<Image/pdf 6/44.Zero_pole_AR(16).png, id=1892, 612.2875pt x 369.38pt>
File: Image/pdf 6/44.Zero_pole_AR(16).png Graphic file (type png)
<use Image/pdf 6/44.Zero_pole_AR(16).png>
Package pdftex.def Info: Image/pdf 6/44.Zero_pole_AR(16).png  used on input lin
e 1266.
(pdftex.def)             Requested size: 341.40141pt x 205.96085pt.


[194 <./Image/pdf 6/41.PSD_estimated.png> <./Image/pdf 6/42.PSD_scaled.png> <./
Image/pdf 6/42.Zero_Pole_AR(8).png>]
<Image/pdf 6/45.PSD_assumed_AR(16).png, id=1903, 536.0025pt x 395.4775pt>
File: Image/pdf 6/45.PSD_assumed_AR(16).png Graphic file (type png)
<use Image/pdf 6/45.PSD_assumed_AR(16).png>
Package pdftex.def Info: Image/pdf 6/45.PSD_assumed_AR(16).png  used on input l
ine 1271.
(pdftex.def)             Requested size: 341.40141pt x 251.8918pt.


[195 <./Image/pdf 6/43.PSD_AR(8).png> <./Image/pdf 6/44.Zero_pole_AR(16).png> <
./Image/pdf 6/45.PSD_assumed_AR(16).png>]
<Image/pdf 6/46.Zero_pole.png, id=1914, 516.93124pt x 400.49625pt>
File: Image/pdf 6/46.Zero_pole.png Graphic file (type png)
<use Image/pdf 6/46.Zero_pole.png>
Package pdftex.def Info: Image/pdf 6/46.Zero_pole.png  used on input line 1283.

(pdftex.def)             Requested size: 341.40141pt x 264.51167pt.
<Image/pdf 6/47.Impulse_response.png, id=1915, 455.7025pt x 382.42876pt>
File: Image/pdf 6/47.Impulse_response.png Graphic file (type png)
<use Image/pdf 6/47.Impulse_response.png>
Package pdftex.def Info: Image/pdf 6/47.Impulse_response.png  used on input lin
e 1288.
(pdftex.def)             Requested size: 341.40141pt x 286.51158pt.
<Image/pdf 6/48.ACF.png, id=1916, 406.51875pt x 377.41pt>
File: Image/pdf 6/48.ACF.png Graphic file (type png)
<use Image/pdf 6/48.ACF.png>
Package pdftex.def Info: Image/pdf 6/48.ACF.png  used on input line 1293.
(pdftex.def)             Requested size: 341.40141pt x 316.96465pt.
<Image/pdf 6/49.PSD.png, id=1917, 409.53pt x 377.41pt>
File: Image/pdf 6/49.PSD.png Graphic file (type png)
<use Image/pdf 6/49.PSD.png>
Package pdftex.def Info: Image/pdf 6/49.PSD.png  used on input line 1298.
(pdftex.def)             Requested size: 341.40141pt x 314.64384pt.


[196 <./Image/pdf 6/46.Zero_pole.png> <./Image/pdf 6/47.Impulse_response.png>]
<Image/pdf 6/50.PSD_lin.png, id=1926, 421.575pt x 382.42876pt>
File: Image/pdf 6/50.PSD_lin.png Graphic file (type png)
<use Image/pdf 6/50.PSD_lin.png>
Package pdftex.def Info: Image/pdf 6/50.PSD_lin.png  used on input line 1303.
(pdftex.def)             Requested size: 341.40141pt x 309.70723pt.
<Image/pdf 6/51.PSD_N64.png, id=1927, 539.01375pt x 344.28625pt>
File: Image/pdf 6/51.PSD_N64.png Graphic file (type png)
<use Image/pdf 6/51.PSD_N64.png>
Package pdftex.def Info: Image/pdf 6/51.PSD_N64.png  used on input line 1308.
(pdftex.def)             Requested size: 341.40141pt x 218.06772pt.


[197 <./Image/pdf 6/48.ACF.png> <./Image/pdf 6/49.PSD.png>]
<Image/pdf 6/52.PSD_N256.png, id=1936, 529.98pt x 336.25626pt>
File: Image/pdf 6/52.PSD_N256.png Graphic file (type png)
<use Image/pdf 6/52.PSD_N256.png>
Package pdftex.def Info: Image/pdf 6/52.PSD_N256.png  used on input line 1313.
(pdftex.def)             Requested size: 341.40141pt x 216.60912pt.
<Image/pdf 6/53.PSD_N1024.png, id=1937, 533.995pt x 345.29pt>
File: Image/pdf 6/53.PSD_N1024.png Graphic file (type png)
<use Image/pdf 6/53.PSD_N1024.png>
Package pdftex.def Info: Image/pdf 6/53.PSD_N1024.png  used on input line 1318.

(pdftex.def)             Requested size: 341.40141pt x 220.76355pt.


[198 <./Image/pdf 6/50.PSD_lin.png> <./Image/pdf 6/51.PSD_N64.png>]
<Image/pdf 6/54.PSD_N16384.png, id=1947, 534.99875pt x 337.26pt>
File: Image/pdf 6/54.PSD_N16384.png Graphic file (type png)
<use Image/pdf 6/54.PSD_N16384.png>
Package pdftex.def Info: Image/pdf 6/54.PSD_N16384.png  used on input line 1323
.
(pdftex.def)             Requested size: 341.40141pt x 215.22812pt.
<Image/pdf 6/55.Periodo_N64.png, id=1948, 594.22pt x 347.2975pt>
File: Image/pdf 6/55.Periodo_N64.png Graphic file (type png)
<use Image/pdf 6/55.Periodo_N64.png>
Package pdftex.def Info: Image/pdf 6/55.Periodo_N64.png  used on input line 132
8.
(pdftex.def)             Requested size: 341.40141pt x 199.54082pt.
<Image/pdf 6/56.Periodo_N256.png, id=1949, 571.13374pt x 349.305pt>
File: Image/pdf 6/56.Periodo_N256.png Graphic file (type png)
<use Image/pdf 6/56.Periodo_N256.png>
Package pdftex.def Info: Image/pdf 6/56.Periodo_N256.png  used on input line 13
33.
(pdftex.def)             Requested size: 341.40141pt x 208.8011pt.


[199 <./Image/pdf 6/52.PSD_N256.png> <./Image/pdf 6/53.PSD_N1024.png> <./Image/
pdf 6/54.PSD_N16384.png>]
<Image/pdf 6/57.Periodo_N1024.png, id=1960, 561.09625pt x 355.3275pt>
File: Image/pdf 6/57.Periodo_N1024.png Graphic file (type png)
<use Image/pdf 6/57.Periodo_N1024.png>
Package pdftex.def Info: Image/pdf 6/57.Periodo_N1024.png  used on input line 1
338.
(pdftex.def)             Requested size: 341.40141pt x 216.19641pt.
<Image/pdf 6/58.Assumed_AR(4).png, id=1961, 632.3625pt x 387.4475pt>
File: Image/pdf 6/58.Assumed_AR(4).png Graphic file (type png)
<use Image/pdf 6/58.Assumed_AR(4).png>
Package pdftex.def Info: Image/pdf 6/58.Assumed_AR(4).png  used on input line 1
343.
(pdftex.def)             Requested size: 341.40141pt x 209.17714pt.
<Image/pdf 6/59.PSD_AR(4).png, id=1962, 537.00626pt x 375.4025pt>
File: Image/pdf 6/59.PSD_AR(4).png Graphic file (type png)
<use Image/pdf 6/59.PSD_AR(4).png>
Package pdftex.def Info: Image/pdf 6/59.PSD_AR(4).png  used on input line 1348.

(pdftex.def)             Requested size: 341.40141pt x 238.65862pt.


[200 <./Image/pdf 6/55.Periodo_N64.png> <./Image/pdf 6/56.Periodo_N256.png> <./
Image/pdf 6/57.Periodo_N1024.png>]
<Image/pdf 6/60.PSD2_AR(4).png, id=1973, 541.02126pt x 368.37625pt>
File: Image/pdf 6/60.PSD2_AR(4).png Graphic file (type png)
<use Image/pdf 6/60.PSD2_AR(4).png>
Package pdftex.def Info: Image/pdf 6/60.PSD2_AR(4).png  used on input line 1353
.
(pdftex.def)             Requested size: 341.40141pt x 232.46048pt.
<Image/pdf 6/61.Assumed_AR(8).png, id=1974, 627.34375pt x 382.42876pt>
File: Image/pdf 6/61.Assumed_AR(8).png Graphic file (type png)
<use Image/pdf 6/61.Assumed_AR(8).png>
Package pdftex.def Info: Image/pdf 6/61.Assumed_AR(8).png  used on input line 1
358.
(pdftex.def)             Requested size: 341.40141pt x 208.12485pt.
<Image/pdf 6/62.PSD_AR(8).png, id=1975, 526.96875pt x 374.39874pt>
File: Image/pdf 6/62.PSD_AR(8).png Graphic file (type png)
<use Image/pdf 6/62.PSD_AR(8).png>
Package pdftex.def Info: Image/pdf 6/62.PSD_AR(8).png  used on input line 1363.

(pdftex.def)             Requested size: 341.40141pt x 242.56792pt.


[201 <./Image/pdf 6/58.Assumed_AR(4).png> <./Image/pdf 6/59.PSD_AR(4).png> <./I
mage/pdf 6/60.PSD2_AR(4).png>]
<Image/pdf 6/63.PSD2_AR(8).png, id=1986, 539.01375pt x 372.39125pt>
File: Image/pdf 6/63.PSD2_AR(8).png Graphic file (type png)
<use Image/pdf 6/63.PSD2_AR(8).png>
Package pdftex.def Info: Image/pdf 6/63.PSD2_AR(8).png  used on input line 1368
.
(pdftex.def)             Requested size: 341.40141pt x 235.86917pt.
<Image/pdf 6/64.Assumed_AR(16).png, id=1987, 630.355pt x 376.40625pt>
File: Image/pdf 6/64.Assumed_AR(16).png Graphic file (type png)
<use Image/pdf 6/64.Assumed_AR(16).png>
Package pdftex.def Info: Image/pdf 6/64.Assumed_AR(16).png  used on input line 
1373.
(pdftex.def)             Requested size: 341.40141pt x 203.86514pt.
<Image/pdf 6/65.PSD_AR(16).png, id=1988, 517.935pt x 376.40625pt>
File: Image/pdf 6/65.PSD_AR(16).png Graphic file (type png)
<use Image/pdf 6/65.PSD_AR(16).png>
Package pdftex.def Info: Image/pdf 6/65.PSD_AR(16).png  used on input line 1378
.
(pdftex.def)             Requested size: 341.40141pt x 248.12448pt.


[202 <./Image/pdf 6/61.Assumed_AR(8).png> <./Image/pdf 6/62.PSD_AR(8).png> <./I
mage/pdf 6/63.PSD2_AR(8).png>]
<Image/pdf 6/66.AR(32).png, id=1999, 546.04pt x 371.3875pt>
File: Image/pdf 6/66.AR(32).png Graphic file (type png)
<use Image/pdf 6/66.AR(32).png>
Package pdftex.def Info: Image/pdf 6/66.AR(32).png  used on input line 1383.
(pdftex.def)             Requested size: 341.40141pt x 232.20161pt.
) (./file_tex/6.1.tex

[203 <./Image/pdf 6/64.Assumed_AR(16).png> <./Image/pdf 6/65.PSD_AR(16).png> <.
/Image/pdf 6/66.AR(32).png>]
<Image/pdf 6/67.PSD_YW.png, id=2011, 601.24625pt x 323.2075pt>
File: Image/pdf 6/67.PSD_YW.png Graphic file (type png)
<use Image/pdf 6/67.PSD_YW.png>
Package pdftex.def Info: Image/pdf 6/67.PSD_YW.png  used on input line 18.
(pdftex.def)             Requested size: 341.40141pt x 183.52988pt.
<Image/pdf 6/68.YW_periodo.png, id=2012, 609.27625pt x 321.2pt>
File: Image/pdf 6/68.YW_periodo.png Graphic file (type png)
<use Image/pdf 6/68.YW_periodo.png>
Package pdftex.def Info: Image/pdf 6/68.YW_periodo.png  used on input line 23.
(pdftex.def)             Requested size: 341.40141pt x 179.98349pt.
<Image/pdf 6/69.YW_20.png, id=2013, 602.25pt x 316.18124pt>
File: Image/pdf 6/69.YW_20.png Graphic file (type png)
<use Image/pdf 6/69.YW_20.png>
Package pdftex.def Info: Image/pdf 6/69.YW_20.png  used on input line 28.
(pdftex.def)             Requested size: 341.40141pt x 179.24097pt.
<Image/pdf 6/70.YW_Periodo_2.png, id=2014, 614.295pt x 315.1775pt>
File: Image/pdf 6/70.YW_Periodo_2.png Graphic file (type png)
<use Image/pdf 6/70.YW_Periodo_2.png>
Package pdftex.def Info: Image/pdf 6/70.YW_Periodo_2.png  used on input line 33
.
(pdftex.def)             Requested size: 341.40141pt x 175.16603pt.


[204 <./Image/pdf 6/67.PSD_YW.png> <./Image/pdf 6/68.YW_periodo.png>]

[205 <./Image/pdf 6/69.YW_20.png> <./Image/pdf 6/70.YW_Periodo_2.png>])
(./file_tex/7.tex
<Image/pdf 7/1.bo_1.png, id=2032, 496.85625pt x 311.1625pt>
File: Image/pdf 7/1.bo_1.png Graphic file (type png)
<use Image/pdf 7/1.bo_1.png>
Package pdftex.def Info: Image/pdf 7/1.bo_1.png  used on input line 33.
(pdftex.def)             Requested size: 341.40141pt x 213.80974pt.


[206

 <./Image/pdf 7/1.bo_1.png>]

[207]
Overfull \hbox (39.15335pt too wide) detected at line 163
[]
 []

<Image/pdf 7/2.MAP.png, id=2043, 309.155pt x 487.8225pt>
File: Image/pdf 7/2.MAP.png Graphic file (type png)
<use Image/pdf 7/2.MAP.png>
Package pdftex.def Info: Image/pdf 7/2.MAP.png  used on input line 200.
(pdftex.def)             Requested size: 157.57297pt x 248.64474pt.


[208]
<Image/pdf 7/3.A-posteriori.png, id=2048, 364.36125pt x 445.665pt>
File: Image/pdf 7/3.A-posteriori.png Graphic file (type png)
<use Image/pdf 7/3.A-posteriori.png>
Package pdftex.def Info: Image/pdf 7/3.A-posteriori.png  used on input line 223
.
(pdftex.def)             Requested size: 157.57297pt x 192.73386pt.


[209 <./Image/pdf 7/2.MAP.png> <./Image/pdf 7/3.A-posteriori.png>]
Overfull \hbox (20.60533pt too wide) detected at line 287
 []  \OMS/cmsy/m/n/12 ^^@ \OML/cmm/m/it/12 E[]  [] \OMS/cmsy/m/n/12 ^^U \OT1/cm
r/m/n/12 0\OML/cmm/m/it/12 ;  [] I\OT1/cmr/m/n/12 (\OML/cmm/m/it/12 y\OT1/cmr/m
/n/12 ) \U/msa/m/n/12 , \OMS/cmsy/m/n/12 ^^@\OML/cmm/m/it/12 E[]  [] []
 []


Overfull \hbox (13.51918pt too wide) detected at line 339
[]
 []


Overfull \hbox (35.69763pt too wide) detected at line 351
[]
 []



[210]
<Image/pdf 7/4.Gaussian_case.png, id=2062, 766.865pt x 528.97626pt>
File: Image/pdf 7/4.Gaussian_case.png Graphic file (type png)
<use Image/pdf 7/4.Gaussian_case.png>
Package pdftex.def Info: Image/pdf 7/4.Gaussian_case.png  used on input line 38
8.
(pdftex.def)             Requested size: 341.40141pt x 235.49458pt.


[211 <./Image/pdf 7/4.Gaussian_case.png>]

[212]

[213]

[214]
Overfull \hbox (44.70782pt too wide) detected at line 735
[]  \OT1/cmr/m/n/12 =[]\OMS/cmsy/m/n/12 )  []
 []



[215]
Overfull \hbox (18.69543pt too wide) detected at line 850
[]
 []



[216]

[217]

[218]
<Image/pdf 7/5.Const_Gauss.png, id=2098, 632.3625pt x 368.37625pt>
File: Image/pdf 7/5.Const_Gauss.png Graphic file (type png)
<use Image/pdf 7/5.Const_Gauss.png>
Package pdftex.def Info: Image/pdf 7/5.Const_Gauss.png  used on input line 989.

(pdftex.def)             Requested size: 341.40141pt x 198.88086pt.
<Image/pdf 7/6.YB.png, id=2099, 630.355pt x 374.39874pt>
File: Image/pdf 7/6.YB.png Graphic file (type png)
<use Image/pdf 7/6.YB.png>
Package pdftex.def Info: Image/pdf 7/6.YB.png  used on input line 995.
(pdftex.def)             Requested size: 341.40141pt x 202.77786pt.
<Image/pdf 7/7.Data.png, id=2100, 602.25pt x 275.0275pt>
File: Image/pdf 7/7.Data.png Graphic file (type png)
<use Image/pdf 7/7.Data.png>
Package pdftex.def Info: Image/pdf 7/7.Data.png  used on input line 1001.
(pdftex.def)             Requested size: 341.40141pt x 155.9112pt.


[219 <./Image/pdf 7/5.Const_Gauss.png> <./Image/pdf 7/6.YB.png>]

[220 <./Image/pdf 7/7.Data.png>]
<Image/pdf 7/8.Resume.png, id=2115, 611.28375pt x 360.34625pt>
File: Image/pdf 7/8.Resume.png Graphic file (type png)
<use Image/pdf 7/8.Resume.png>
Package pdftex.def Info: Image/pdf 7/8.Resume.png  used on input line 1078.
(pdftex.def)             Requested size: 341.40141pt x 201.24817pt.


[221]
<Image/pdf 7/9.MSE_vs_y.png, id=2120, 532.99126pt x 414.54875pt>
File: Image/pdf 7/9.MSE_vs_y.png Graphic file (type png)
<use Image/pdf 7/9.MSE_vs_y.png>
Package pdftex.def Info: Image/pdf 7/9.MSE_vs_y.png  used on input line 1089.
(pdftex.def)             Requested size: 341.40141pt x 265.54433pt.
<Image/pdf 7/10.MSE_vs_y_2.png, id=2121, 467.7475pt x 414.54875pt>
File: Image/pdf 7/10.MSE_vs_y_2.png Graphic file (type png)
<use Image/pdf 7/10.MSE_vs_y_2.png>
Package pdftex.def Info: Image/pdf 7/10.MSE_vs_y_2.png  used on input line 1094
.
(pdftex.def)             Requested size: 288.88243pt x 256.03711pt.


[222 <./Image/pdf 7/8.Resume.png> <./Image/pdf 7/9.MSE_vs_y.png>]
Overfull \hbox (20.97238pt too wide) in paragraph at lines 1122--1123
[]\OT1/cmr/bx/n/12 ML es-ti-ma-tor = Lin-ear LS es-ti-ma-tor $\OMS/cmsy/m/n/12 
!$ \OT1/cmr/m/n/12 it is \OT1/cmr/bx/n/12 lin-ear\OT1/cmr/m/n/12 ,\OT1/cmr/bx/n
/12 unbiased\OT1/cmr/m/n/12 , \OT1/cmr/bx/n/12 Gaus-sian dis-tributed\OT1/cmr/m
/n/12 ,\OT1/cmr/bx/n/12 efficient\OT1/cmr/m/n/12 ,
 []



[223 <./Image/pdf 7/10.MSE_vs_y_2.png>]

[224]

[225]

[226]
<Image/pdf 7/11.MSE_vs_SNR.png, id=2150, 589.20125pt x 372.39125pt>
File: Image/pdf 7/11.MSE_vs_SNR.png Graphic file (type png)
<use Image/pdf 7/11.MSE_vs_SNR.png>
Package pdftex.def Info: Image/pdf 7/11.MSE_vs_SNR.png  used on input line 1279
.
(pdftex.def)             Requested size: 341.40141pt x 215.77682pt.


[227 <./Image/pdf 7/11.MSE_vs_SNR.png>]

[228]

[229]

[230]
<Image/pdf 7/12.MSE_vs_SNR_2.png, id=2171, 595.22375pt x 363.3575pt>
File: Image/pdf 7/12.MSE_vs_SNR_2.png Graphic file (type png)
<use Image/pdf 7/12.MSE_vs_SNR_2.png>
Package pdftex.def Info: Image/pdf 7/12.MSE_vs_SNR_2.png  used on input line 14
32.
(pdftex.def)             Requested size: 341.40141pt x 208.40776pt.

Overfull \hbox (4.41148pt too wide) detected at line 1439
[]\OML/cmm/m/it/12 ;  [];  []
 []



[231 <./Image/pdf 7/12.MSE_vs_SNR_2.png>]
<Image/pdf 7/13.LF_pdf_joint.png, id=2178, 484.81125pt x 416.55624pt>
File: Image/pdf 7/13.LF_pdf_joint.png Graphic file (type png)
<use Image/pdf 7/13.LF_pdf_joint.png>
Package pdftex.def Info: Image/pdf 7/13.LF_pdf_joint.png  used on input line 14
75.
(pdftex.def)             Requested size: 288.88243pt x 248.22588pt.


[232]

[233 <./Image/pdf 7/13.LF_pdf_joint.png>]
<Image/pdf 7/14.MAP_estime.png, id=2189, 657.45625pt x 417.56pt>
File: Image/pdf 7/14.MAP_estime.png Graphic file (type png)
<use Image/pdf 7/14.MAP_estime.png>
Package pdftex.def Info: Image/pdf 7/14.MAP_estime.png  used on input line 1509
.
(pdftex.def)             Requested size: 288.88243pt x 183.47209pt.
<Image/pdf 7/15.MAP_estime_s<0.png, id=2190, 672.5125pt x 437.635pt>
File: Image/pdf 7/15.MAP_estime_s<0.png Graphic file (type png)
<use Image/pdf 7/15.MAP_estime_s<0.png>
Package pdftex.def Info: Image/pdf 7/15.MAP_estime_s<0.png  used on input line 
1515.
(pdftex.def)             Requested size: 288.88243pt x 187.98572pt.
<Image/pdf 7/16.BO.png, id=2191, 414.54875pt x 254.9525pt>
File: Image/pdf 7/16.BO.png Graphic file (type png)
<use Image/pdf 7/16.BO.png>
Package pdftex.def Info: Image/pdf 7/16.BO.png  used on input line 1531.
(pdftex.def)             Requested size: 288.88243pt x 177.6719pt.


[234 <./Image/pdf 7/14.MAP_estime.png> <./Image/pdf 7/15.MAP_estime_s<0.png>]
<Image/pdf 7/17.BO_2.png, id=2201, 699.61375pt x 237.88875pt>
File: Image/pdf 7/17.BO_2.png Graphic file (type png)
<use Image/pdf 7/17.BO_2.png>
Package pdftex.def Info: Image/pdf 7/17.BO_2.png  used on input line 1542.
(pdftex.def)             Requested size: 288.88243pt x 98.22832pt.

Overfull \hbox (24.86078pt too wide) detected at line 1550
[]
 []



[235 <./Image/pdf 7/16.BO.png> <./Image/pdf 7/17.BO_2.png>]
<Image/pdf 7/18.MSE of ML_1.png, id=2210, 515.9275pt x 399.4925pt>
File: Image/pdf 7/18.MSE of ML_1.png Graphic file (type png)
<use Image/pdf 7/18.MSE of ML_1.png>
Package pdftex.def Info: Image/pdf 7/18.MSE of ML_1.png  used on input line 157
3.
(pdftex.def)             Requested size: 288.88243pt x 223.68988pt.
<Image/pdf 7/19.MSE_of_ML_2.png, id=2211, 485.815pt x 393.47pt>
File: Image/pdf 7/19.MSE_of_ML_2.png Graphic file (type png)
<use Image/pdf 7/19.MSE_of_ML_2.png>
Package pdftex.def Info: Image/pdf 7/19.MSE_of_ML_2.png  used on input line 157
8.
(pdftex.def)             Requested size: 288.88243pt x 233.97044pt.
<Image/pdf 7/20.MSE_of_ML_3.png, id=2212, 490.83376pt x 396.48125pt>
File: Image/pdf 7/20.MSE_of_ML_3.png Graphic file (type png)
<use Image/pdf 7/20.MSE_of_ML_3.png>
Package pdftex.def Info: Image/pdf 7/20.MSE_of_ML_3.png  used on input line 158
3.
(pdftex.def)             Requested size: 288.88243pt x 233.35927pt.
<Image/pdf 7/21.MSE_of_ML_4.png, id=2213, 492.84125pt x 402.50375pt>
File: Image/pdf 7/21.MSE_of_ML_4.png Graphic file (type png)
<use Image/pdf 7/21.MSE_of_ML_4.png>
Package pdftex.def Info: Image/pdf 7/21.MSE_of_ML_4.png  used on input line 158
8.
(pdftex.def)             Requested size: 288.88243pt x 235.93973pt.


[236 <./Image/pdf 7/18.MSE of ML_1.png> <./Image/pdf 7/19.MSE_of_ML_2.png>]
<Image/pdf 7/22.MSE_of_ML_5.png, id=2222, 476.78125pt x 373.395pt>
File: Image/pdf 7/22.MSE_of_ML_5.png Graphic file (type png)
<use Image/pdf 7/22.MSE_of_ML_5.png>
Package pdftex.def Info: Image/pdf 7/22.MSE_of_ML_5.png  used on input line 159
3.
(pdftex.def)             Requested size: 288.88243pt x 226.24937pt.
<Image/pdf 7/23.MSE_of_ML_6.png, id=2223, 475.7775pt x 387.4475pt>
File: Image/pdf 7/23.MSE_of_ML_6.png Graphic file (type png)
<use Image/pdf 7/23.MSE_of_ML_6.png>
Package pdftex.def Info: Image/pdf 7/23.MSE_of_ML_6.png  used on input line 159
8.
(pdftex.def)             Requested size: 288.88243pt x 235.26073pt.
<Image/pdf 7/24.MSE_of_ML_7.png, id=2224, 478.78876pt x 403.5075pt>
File: Image/pdf 7/24.MSE_of_ML_7.png Graphic file (type png)
<use Image/pdf 7/24.MSE_of_ML_7.png>
Package pdftex.def Info: Image/pdf 7/24.MSE_of_ML_7.png  used on input line 160
3.
(pdftex.def)             Requested size: 288.88243pt x 243.4609pt.


[237 <./Image/pdf 7/20.MSE_of_ML_3.png> <./Image/pdf 7/21.MSE_of_ML_4.png> <./I
mage/pdf 7/22.MSE_of_ML_5.png>]

[238 <./Image/pdf 7/23.MSE_of_ML_6.png> <./Image/pdf 7/24.MSE_of_ML_7.png>]

[239]

[240]
Overfull \hbox (18.82597pt too wide) in paragraph at lines 1692--1693
[]\OT1/cmr/m/n/12 This re-sults holds true in gen-eral: $[]$ 
 []

<Image/pdf 7/25.MAP_EXP.png, id=2252, 438.63875pt x 379.4175pt>
File: Image/pdf 7/25.MAP_EXP.png Graphic file (type png)
<use Image/pdf 7/25.MAP_EXP.png>
Package pdftex.def Info: Image/pdf 7/25.MAP_EXP.png  used on input line 1725.
(pdftex.def)             Requested size: 341.40141pt x 295.3134pt.


[241]

[242 <./Image/pdf 7/25.MAP_EXP.png>]) (./file_tex/8.tex

[243

]

[244]
Overfull \hbox (51.24506pt too wide) in paragraph at lines 85--86
[]\OT1/cmr/m/n/12 It is worth ob-serv-ing that $[]$.
 []

<Image/pdf 8/1.Orthogonality_principle.png, id=2271, 701.62125pt x 454.69875pt>

File: Image/pdf 8/1.Orthogonality_principle.png Graphic file (type png)
<use Image/pdf 8/1.Orthogonality_principle.png>
Package pdftex.def Info: Image/pdf 8/1.Orthogonality_principle.png  used on inp
ut line 108.
(pdftex.def)             Requested size: 288.88243pt x 187.21863pt.
<Image/pdf 8/2.Orthogonality_2.png, id=2272, 668.4975pt x 429.605pt>
File: Image/pdf 8/2.Orthogonality_2.png Graphic file (type png)
<use Image/pdf 8/2.Orthogonality_2.png>
Package pdftex.def Info: Image/pdf 8/2.Orthogonality_2.png  used on input line 
113.
(pdftex.def)             Requested size: 288.88243pt x 185.65083pt.


[245 <./Image/pdf 8/1.Orthogonality_principle.png>]

[246 <./Image/pdf 8/2.Orthogonality_2.png>]

[247]
<Image/pdf 8/3.Geom.png, id=2290, 586.19pt x 420.57124pt>
File: Image/pdf 8/3.Geom.png Graphic file (type png)
<use Image/pdf 8/3.Geom.png>
Package pdftex.def Info: Image/pdf 8/3.Geom.png  used on input line 188.
(pdftex.def)             Requested size: 288.88243pt x 207.26251pt.

Overfull \hbox (6.3778pt too wide) in paragraph at lines 202--203
[]\OT1/cmr/m/n/12 It is im-por-tant to stress that to im-ple-ment the \OT1/cmr/
bx/n/12 LMMSE es-ti-ma-tor \OT1/cmr/m/n/12 of $\OML/cmm/m/it/12 ^^R$ $[]$ 
 []



[248 <./Image/pdf 8/3.Geom.png>]
<Image/pdf 8/4.Formula.png, id=2297, 687.56876pt x 344.28625pt>
File: Image/pdf 8/4.Formula.png Graphic file (type png)
<use Image/pdf 8/4.Formula.png>
Package pdftex.def Info: Image/pdf 8/4.Formula.png  used on input line 229.
(pdftex.def)             Requested size: 393.9284pt x 197.24858pt.

Overfull \hbox (29.364pt too wide) in paragraph at lines 226--231
[]\OT1/cmr/m/n/12 The \OT1/cmr/bx/n/12 LMMSE \OT1/cmr/m/n/12 es-ti-ma-tor in th
e case the ob-served data are rep-re-sented by the $[]$,
 []

<Image/pdf 8/5.Deconvolution.png, id=2298, 423.5825pt x 144.54pt>
File: Image/pdf 8/5.Deconvolution.png Graphic file (type png)
<use Image/pdf 8/5.Deconvolution.png>
Package pdftex.def Info: Image/pdf 8/5.Deconvolution.png  used on input line 25
2.
(pdftex.def)             Requested size: 341.40141pt x 116.5011pt.


[249 <./Image/pdf 8/4.Formula.png> <./Image/pdf 8/5.Deconvolution.png>]
<Image/pdf 8/6.Deconv_2.png, id=2308, 688.5725pt x 407.5225pt>
File: Image/pdf 8/6.Deconv_2.png Graphic file (type png)
<use Image/pdf 8/6.Deconv_2.png>
Package pdftex.def Info: Image/pdf 8/6.Deconv_2.png  used on input line 259.
(pdftex.def)             Requested size: 341.40141pt x 202.05072pt.


[250 <./Image/pdf 8/6.Deconv_2.png>]
File: Image/pdf 8/5.Deconvolution.png Graphic file (type png)
<use Image/pdf 8/5.Deconvolution.png>
Package pdftex.def Info: Image/pdf 8/5.Deconvolution.png  used on input line 30
0.
(pdftex.def)             Requested size: 341.40141pt x 116.5011pt.


[251]

[252]

[253]) (./file_tex/9.tex
Overfull \hbox (8.01985pt too wide) in paragraph at lines 1--1
[]\OT1/cmr/bx/n/17.28 Optimal Lin-ear Fil-ter-ing in Mean Square Sense: The Wie
ner
 []

<Image/pdf 9/1.case_4.png, id=2329, 562.1pt x 469.755pt>
File: Image/pdf 9/1.case_4.png Graphic file (type png)
<use Image/pdf 9/1.case_4.png>
Package pdftex.def Info: Image/pdf 9/1.case_4.png  used on input line 32.
(pdftex.def)             Requested size: 341.40141pt x 285.31009pt.


[254

 <./Image/pdf 9/1.case_4.png>]

[255]

[256]
<Image/pdf 9/2.Graph_1.png, id=2347, 416.55624pt x 443.6575pt>
File: Image/pdf 9/2.Graph_1.png Graphic file (type png)
<use Image/pdf 9/2.Graph_1.png>
Package pdftex.def Info: Image/pdf 9/2.Graph_1.png  used on input line 139.
(pdftex.def)             Requested size: 210.09193pt x 223.76431pt.
File: Image/pdf 9/2.Graph_1.png Graphic file (type png)
<use Image/pdf 9/2.Graph_1.png>
Package pdftex.def Info: Image/pdf 9/2.Graph_1.png  used on input line 144.
(pdftex.def)             Requested size: 210.09193pt x 223.76431pt.
<Image/pdf 9/3.Graph_2.png, id=2348, 687.56876pt x 451.6875pt>
File: Image/pdf 9/3.Graph_2.png Graphic file (type png)
<use Image/pdf 9/3.Graph_2.png>
Package pdftex.def Info: Image/pdf 9/3.Graph_2.png  used on input line 149.
(pdftex.def)             Requested size: 341.40141pt x 224.27866pt.
<Image/pdf 9/4.Graph_3.png, id=2349, 679.53876pt x 432.61626pt>
File: Image/pdf 9/4.Graph_3.png Graphic file (type png)
<use Image/pdf 9/4.Graph_3.png>
Package pdftex.def Info: Image/pdf 9/4.Graph_3.png  used on input line 154.
(pdftex.def)             Requested size: 341.40141pt x 217.34398pt.


[257 <./Image/pdf 9/2.Graph_1.png>]
<Image/pdf 9/5.graph_4.png, id=2357, 703.62875pt x 432.61626pt>
File: Image/pdf 9/5.graph_4.png Graphic file (type png)
<use Image/pdf 9/5.graph_4.png>
Package pdftex.def Info: Image/pdf 9/5.graph_4.png  used on input line 159.
(pdftex.def)             Requested size: 341.40141pt x 209.90445pt.
<Image/pdf 9/Screenshot 2025-12-14 at 6.25.24 PM.png, id=2358, 618.31pt x 222
.8325pt>
File: Image/pdf 9/Screenshot 2025-12-14 at 6.25.24 PM.png Graphic file (type 
png)
<use Image/pdf 9/Screenshot 2025-12-14 at 6.25.24 PM.png>
Package pdftex.def Info: Image/pdf 9/Screenshot 2025-12-14 at 6.25.24 PM.png 
 used on input line 169.
(pdftex.def)             Requested size: 341.40141pt x 123.04106pt.


[258 <./Image/pdf 9/3.Graph_2.png> <./Image/pdf 9/4.Graph_3.png> <./Image/pdf 9
/5.graph_4.png>]

[259 <./Image/pdf 9/Screenshot 2025-12-14 at 6.25.24 PM.png>]) (./main.aux)
 ***********
LaTeX2e <2024-11-01> patch level 2
L3 programming layer <2025-01-18>
 ***********


LaTeX Warning: There were multiply-defined labels.

Package rerunfilecheck Info: File `main.out' has not changed.
(rerunfilecheck)             Checksum: F614C6AF5FA9202A69CA3AF673E9FDFD;25137.
 ) 
Here is how much of TeX's memory you used:
 37182 strings out of 473190
 806998 string characters out of 5715801
 1151257 words of memory out of 5000000
 59274 multiletter control sequences out of 15000+600000
 571538 words of font info for 81 fonts, out of 8000000 for 9000
 1141 hyphenation exceptions out of 8191
 98i,23n,101p,579b,1258s stack positions out of 10000i,1000n,20000p,200000b,200000s
</usr/local/texlive/2025/texmf-dist/fonts/type1/public/amsfonts/cm/cmbx12.pfb
></usr/local/texlive/2025/texmf-dist/fonts/type1/public/amsfonts/cm/cmbx6.pfb><
/usr/local/texlive/2025/texmf-dist/fonts/type1/public/amsfonts/cm/cmbx8.pfb></u
sr/local/texlive/2025/texmf-dist/fonts/type1/public/amsfonts/cm/cmex10.pfb></us
r/local/texlive/2025/texmf-dist/fonts/type1/public/amsfonts/cmextra/cmex8.pfb><
/usr/local/texlive/2025/texmf-dist/fonts/type1/public/amsfonts/cm/cmmi12.pfb></
usr/local/texlive/2025/texmf-dist/fonts/type1/public/amsfonts/cm/cmmi6.pfb></us
r/local/texlive/2025/texmf-dist/fonts/type1/public/amsfonts/cm/cmmi8.pfb></usr/
local/texlive/2025/texmf-dist/fonts/type1/public/amsfonts/cm/cmmib10.pfb></usr/
local/texlive/2025/texmf-dist/fonts/type1/public/amsfonts/cmextra/cmmib8.pfb></
usr/local/texlive/2025/texmf-dist/fonts/type1/public/amsfonts/cm/cmr10.pfb></us
r/local/texlive/2025/texmf-dist/fonts/type1/public/amsfonts/cm/cmr12.pfb></usr/
local/texlive/2025/texmf-dist/fonts/type1/public/amsfonts/cm/cmr6.pfb></usr/loc
al/texlive/2025/texmf-dist/fonts/type1/public/amsfonts/cm/cmr8.pfb></usr/local/
texlive/2025/texmf-dist/fonts/type1/public/amsfonts/cm/cmsy10.pfb></usr/local/t
exlive/2025/texmf-dist/fonts/type1/public/amsfonts/cm/cmsy6.pfb></usr/local/tex
live/2025/texmf-dist/fonts/type1/public/amsfonts/cm/cmsy8.pfb></usr/local/texli
ve/2025/texmf-dist/fonts/type1/public/amsfonts/cm/cmti12.pfb></usr/local/texliv
e/2025/texmf-dist/fonts/type1/public/amsfonts/cm/cmtt12.pfb></usr/local/texlive
/2025/texmf-dist/fonts/type1/public/amsfonts/symbols/msam10.pfb></usr/local/tex
live/2025/texmf-dist/fonts/type1/public/amsfonts/symbols/msbm10.pfb></usr/local
/texlive/2025/texmf-dist/fonts/type1/public/cm-super/sfrm1200.pfb>
Output written on main.pdf (260 pages, 26192235 bytes).
PDF statistics:
 2606 PDF objects out of 2984 (max. 8388607)
 1800 compressed objects within 18 object streams
 610 named destinations out of 1000 (max. 500000)
 2110 words of extra memory for PDF output out of 10000 (max. 10000000)

